# Blender 4.2.0
# www.blender.org
mtllib Suzanne.mtl
o Suzanne
v 0.437500 0.164062 0.765625
v -0.437500 0.164062 0.765625
v 0.500000 0.093750 0.687500
v -0.500000 0.093750 0.687500
v 0.546875 0.054688 0.578125
v -0.546875 0.054688 0.578125
v 0.351562 -0.023438 0.617188
v -0.351562 -0.023438 0.617188
v 0.351562 0.031250 0.718750
v -0.351562 0.031250 0.718750
v 0.351562 0.132812 0.781250
v -0.351562 0.132812 0.781250
v 0.273438 0.164062 0.796875
v -0.273438 0.164062 0.796875
v 0.203125 0.093750 0.742188
v -0.203125 0.093750 0.742188
v 0.156250 0.054688 0.648438
v -0.156250 0.054688 0.648438
v 0.078125 0.242188 0.656250
v -0.078125 0.242188 0.656250
v 0.140625 0.242188 0.742188
v -0.140625 0.242188 0.742188
v 0.242188 0.242188 0.796875
v -0.242188 0.242188 0.796875
v 0.273438 0.328125 0.796875
v -0.273438 0.328125 0.796875
v 0.203125 0.390625 0.742188
v -0.203125 0.390625 0.742188
v 0.156250 0.437500 0.648438
v -0.156250 0.437500 0.648438
v 0.351562 0.515625 0.617188
v -0.351562 0.515625 0.617188
v 0.351562 0.453125 0.718750
v -0.351562 0.453125 0.718750
v 0.351562 0.359375 0.781250
v -0.351562 0.359375 0.781250
v 0.437500 0.328125 0.765625
v -0.437500 0.328125 0.765625
v 0.500000 0.390625 0.687500
v -0.500000 0.390625 0.687500
v 0.546875 0.437500 0.578125
v -0.546875 0.437500 0.578125
v 0.625000 0.242188 0.562500
v -0.625000 0.242188 0.562500
v 0.562500 0.242188 0.671875
v -0.562500 0.242188 0.671875
v 0.468750 0.242188 0.757812
v -0.468750 0.242188 0.757812
v 0.476562 0.242188 0.773438
v -0.476562 0.242188 0.773438
v 0.445312 0.335938 0.781250
v -0.445312 0.335938 0.781250
v 0.351562 0.375000 0.804688
v -0.351562 0.375000 0.804688
v 0.265625 0.335938 0.820312
v -0.265625 0.335938 0.820312
v 0.226562 0.242188 0.820312
v -0.226562 0.242188 0.820312
v 0.265625 0.156250 0.820312
v -0.265625 0.156250 0.820312
v 0.351562 0.242188 0.828125
v -0.351562 0.242188 0.828125
v 0.351562 0.117188 0.804688
v -0.351562 0.117188 0.804688
v 0.445312 0.156250 0.781250
v -0.445312 0.156250 0.781250
v 0.000000 0.429688 0.742188
v 0.000000 0.351562 0.820312
v 0.000000 -0.679688 0.734375
v 0.000000 -0.320312 0.781250
v 0.000000 -0.187500 0.796875
v 0.000000 -0.773438 0.718750
v 0.000000 0.406250 0.601562
v 0.000000 0.570312 0.570312
v 0.000000 0.898438 -0.546875
v 0.000000 0.562500 -0.851562
v 0.000000 0.070312 -0.828125
v 0.000000 -0.382812 -0.351562
v 0.203125 -0.187500 0.562500
v -0.203125 -0.187500 0.562500
v 0.312500 -0.437500 0.570312
v -0.312500 -0.437500 0.570312
v 0.351562 -0.695312 0.570312
v -0.351562 -0.695312 0.570312
v 0.367188 -0.890625 0.531250
v -0.367188 -0.890625 0.531250
v 0.328125 -0.945312 0.523438
v -0.328125 -0.945312 0.523438
v 0.179688 -0.968750 0.554688
v -0.179688 -0.968750 0.554688
v 0.000000 -0.984375 0.578125
v 0.437500 -0.140625 0.531250
v -0.437500 -0.140625 0.531250
v 0.632812 -0.039062 0.539062
v -0.632812 -0.039062 0.539062
v 0.828125 0.148438 0.445312
v -0.828125 0.148438 0.445312
v 0.859375 0.429688 0.593750
v -0.859375 0.429688 0.593750
v 0.710938 0.484375 0.625000
v -0.710938 0.484375 0.625000
v 0.492188 0.601562 0.687500
v -0.492188 0.601562 0.687500
v 0.320312 0.757812 0.734375
v -0.320312 0.757812 0.734375
v 0.156250 0.718750 0.757812
v -0.156250 0.718750 0.757812
v 0.062500 0.492188 0.750000
v -0.062500 0.492188 0.750000
v 0.164062 0.414062 0.773438
v -0.164062 0.414062 0.773438
v 0.125000 0.304688 0.765625
v -0.125000 0.304688 0.765625
v 0.203125 0.093750 0.742188
v -0.203125 0.093750 0.742188
v 0.375000 0.015625 0.703125
v -0.375000 0.015625 0.703125
v 0.492188 0.062500 0.671875
v -0.492188 0.062500 0.671875
v 0.625000 0.187500 0.648438
v -0.625000 0.187500 0.648438
v 0.640625 0.296875 0.648438
v -0.640625 0.296875 0.648438
v 0.601562 0.375000 0.664062
v -0.601562 0.375000 0.664062
v 0.429688 0.437500 0.718750
v -0.429688 0.437500 0.718750
v 0.250000 0.468750 0.757812
v -0.250000 0.468750 0.757812
v 0.000000 -0.765625 0.734375
v 0.109375 -0.718750 0.734375
v -0.109375 -0.718750 0.734375
v 0.117188 -0.835938 0.710938
v -0.117188 -0.835938 0.710938
v 0.062500 -0.882812 0.695312
v -0.062500 -0.882812 0.695312
v 0.000000 -0.890625 0.687500
v 0.000000 -0.195312 0.750000
v 0.000000 -0.140625 0.742188
v 0.101562 -0.148438 0.742188
v -0.101562 -0.148438 0.742188
v 0.125000 -0.226562 0.750000
v -0.125000 -0.226562 0.750000
v 0.085938 -0.289062 0.742188
v -0.085938 -0.289062 0.742188
v 0.398438 -0.046875 0.671875
v -0.398438 -0.046875 0.671875
v 0.617188 0.054688 0.625000
v -0.617188 0.054688 0.625000
v 0.726562 0.203125 0.601562
v -0.726562 0.203125 0.601562
v 0.742188 0.375000 0.656250
v -0.742188 0.375000 0.656250
v 0.687500 0.414062 0.726562
v -0.687500 0.414062 0.726562
v 0.437500 0.546875 0.796875
v -0.437500 0.546875 0.796875
v 0.312500 0.640625 0.835938
v -0.312500 0.640625 0.835938
v 0.203125 0.617188 0.851562
v -0.203125 0.617188 0.851562
v 0.101562 0.429688 0.843750
v -0.101562 0.429688 0.843750
v 0.125000 -0.101562 0.812500
v -0.125000 -0.101562 0.812500
v 0.210938 -0.445312 0.710938
v -0.210938 -0.445312 0.710938
v 0.250000 -0.703125 0.687500
v -0.250000 -0.703125 0.687500
v 0.265625 -0.820312 0.664062
v -0.265625 -0.820312 0.664062
v 0.234375 -0.914062 0.632812
v -0.234375 -0.914062 0.632812
v 0.164062 -0.929688 0.632812
v -0.164062 -0.929688 0.632812
v 0.000000 -0.945312 0.640625
v 0.000000 0.046875 0.726562
v 0.000000 0.210938 0.765625
v 0.328125 0.476562 0.742188
v -0.328125 0.476562 0.742188
v 0.164062 0.140625 0.750000
v -0.164062 0.140625 0.750000
v 0.132812 0.210938 0.757812
v -0.132812 0.210938 0.757812
v 0.117188 -0.687500 0.734375
v -0.117188 -0.687500 0.734375
v 0.078125 -0.445312 0.750000
v -0.078125 -0.445312 0.750000
v 0.000000 -0.445312 0.750000
v 0.000000 -0.328125 0.742188
v 0.093750 -0.273438 0.781250
v -0.093750 -0.273438 0.781250
v 0.132812 -0.226562 0.796875
v -0.132812 -0.226562 0.796875
v 0.109375 -0.132812 0.781250
v -0.109375 -0.132812 0.781250
v 0.039062 -0.125000 0.781250
v -0.039062 -0.125000 0.781250
v 0.000000 -0.203125 0.828125
v 0.046875 -0.148438 0.812500
v -0.046875 -0.148438 0.812500
v 0.093750 -0.156250 0.812500
v -0.093750 -0.156250 0.812500
v 0.109375 -0.226562 0.828125
v -0.109375 -0.226562 0.828125
v 0.078125 -0.250000 0.804688
v -0.078125 -0.250000 0.804688
v 0.000000 -0.289062 0.804688
v 0.257812 -0.312500 0.554688
v -0.257812 -0.312500 0.554688
v 0.164062 -0.242188 0.710938
v -0.164062 -0.242188 0.710938
v 0.179688 -0.312500 0.710938
v -0.179688 -0.312500 0.710938
v 0.234375 -0.250000 0.554688
v -0.234375 -0.250000 0.554688
v 0.000000 -0.875000 0.687500
v 0.046875 -0.867188 0.687500
v -0.046875 -0.867188 0.687500
v 0.093750 -0.820312 0.710938
v -0.093750 -0.820312 0.710938
v 0.093750 -0.742188 0.726562
v -0.093750 -0.742188 0.726562
v 0.000000 -0.781250 0.656250
v 0.093750 -0.750000 0.664062
v -0.093750 -0.750000 0.664062
v 0.093750 -0.812500 0.640625
v -0.093750 -0.812500 0.640625
v 0.046875 -0.851562 0.632812
v -0.046875 -0.851562 0.632812
v 0.000000 -0.859375 0.632812
v 0.171875 0.218750 0.781250
v -0.171875 0.218750 0.781250
v 0.187500 0.156250 0.773438
v -0.187500 0.156250 0.773438
v 0.335938 0.429688 0.757812
v -0.335938 0.429688 0.757812
v 0.273438 0.421875 0.773438
v -0.273438 0.421875 0.773438
v 0.421875 0.398438 0.773438
v -0.421875 0.398438 0.773438
v 0.562500 0.351562 0.695312
v -0.562500 0.351562 0.695312
v 0.585938 0.289062 0.687500
v -0.585938 0.289062 0.687500
v 0.578125 0.195312 0.679688
v -0.578125 0.195312 0.679688
v 0.476562 0.101562 0.718750
v -0.476562 0.101562 0.718750
v 0.375000 0.062500 0.742188
v -0.375000 0.062500 0.742188
v 0.226562 0.109375 0.781250
v -0.226562 0.109375 0.781250
v 0.179688 0.296875 0.781250
v -0.179688 0.296875 0.781250
v 0.210938 0.375000 0.781250
v -0.210938 0.375000 0.781250
v 0.234375 0.359375 0.757812
v -0.234375 0.359375 0.757812
v 0.195312 0.296875 0.757812
v -0.195312 0.296875 0.757812
v 0.242188 0.125000 0.757812
v -0.242188 0.125000 0.757812
v 0.375000 0.085938 0.726562
v -0.375000 0.085938 0.726562
v 0.460938 0.117188 0.703125
v -0.460938 0.117188 0.703125
v 0.546875 0.210938 0.671875
v -0.546875 0.210938 0.671875
v 0.554688 0.281250 0.671875
v -0.554688 0.281250 0.671875
v 0.531250 0.335938 0.679688
v -0.531250 0.335938 0.679688
v 0.414062 0.390625 0.750000
v -0.414062 0.390625 0.750000
v 0.281250 0.398438 0.765625
v -0.281250 0.398438 0.765625
v 0.335938 0.406250 0.750000
v -0.335938 0.406250 0.750000
v 0.203125 0.171875 0.750000
v -0.203125 0.171875 0.750000
v 0.195312 0.226562 0.750000
v -0.195312 0.226562 0.750000
v 0.109375 0.460938 0.609375
v -0.109375 0.460938 0.609375
v 0.195312 0.664062 0.617188
v -0.195312 0.664062 0.617188
v 0.335938 0.687500 0.593750
v -0.335938 0.687500 0.593750
v 0.484375 0.554688 0.554688
v -0.484375 0.554688 0.554688
v 0.679688 0.453125 0.492188
v -0.679688 0.453125 0.492188
v 0.796875 0.406250 0.460938
v -0.796875 0.406250 0.460938
v 0.773438 0.164062 0.375000
v -0.773438 0.164062 0.375000
v 0.601562 0.000000 0.414062
v -0.601562 0.000000 0.414062
v 0.437500 -0.093750 0.468750
v -0.437500 -0.093750 0.468750
v 0.000000 0.898438 0.289062
v 0.000000 0.984375 -0.078125
v 0.000000 -0.195312 -0.671875
v 0.000000 -0.460938 0.187500
v 0.000000 -0.976562 0.460938
v 0.000000 -0.804688 0.343750
v 0.000000 -0.570312 0.320312
v 0.000000 -0.484375 0.281250
v 0.851562 0.234375 0.054688
v -0.851562 0.234375 0.054688
v 0.859375 0.320312 -0.046875
v -0.859375 0.320312 -0.046875
v 0.773438 0.265625 -0.437500
v -0.773438 0.265625 -0.437500
v 0.460938 0.437500 -0.703125
v -0.460938 0.437500 -0.703125
v 0.734375 -0.046875 0.070312
v -0.734375 -0.046875 0.070312
v 0.593750 -0.125000 -0.164062
v -0.593750 -0.125000 -0.164062
v 0.640625 -0.007812 -0.429688
v -0.640625 -0.007812 -0.429688
v 0.335938 0.054688 -0.664062
v -0.335938 0.054688 -0.664062
v 0.234375 -0.351562 0.406250
v -0.234375 -0.351562 0.406250
v 0.179688 -0.414062 0.257812
v -0.179688 -0.414062 0.257812
v 0.289062 -0.710938 0.382812
v -0.289062 -0.710938 0.382812
v 0.250000 -0.500000 0.390625
v -0.250000 -0.500000 0.390625
v 0.328125 -0.914062 0.398438
v -0.328125 -0.914062 0.398438
v 0.140625 -0.757812 0.367188
v -0.140625 -0.757812 0.367188
v 0.125000 -0.539062 0.359375
v -0.125000 -0.539062 0.359375
v 0.164062 -0.945312 0.437500
v -0.164062 -0.945312 0.437500
v 0.218750 -0.281250 0.429688
v -0.218750 -0.281250 0.429688
v 0.210938 -0.226562 0.468750
v -0.210938 -0.226562 0.468750
v 0.203125 -0.171875 0.500000
v -0.203125 -0.171875 0.500000
v 0.210938 -0.390625 0.164062
v -0.210938 -0.390625 0.164062
v 0.296875 -0.312500 -0.265625
v -0.296875 -0.312500 -0.265625
v 0.343750 -0.148438 -0.539062
v -0.343750 -0.148438 -0.539062
v 0.453125 0.867188 -0.382812
v -0.453125 0.867188 -0.382812
v 0.453125 0.929688 -0.070312
v -0.453125 0.929688 -0.070312
v 0.453125 0.851562 0.234375
v -0.453125 0.851562 0.234375
v 0.460938 0.523438 0.429688
v -0.460938 0.523438 0.429688
v 0.726562 0.406250 0.335938
v -0.726562 0.406250 0.335938
v 0.632812 0.453125 0.281250
v -0.632812 0.453125 0.281250
v 0.640625 0.703125 0.054688
v -0.640625 0.703125 0.054688
v 0.796875 0.562500 0.125000
v -0.796875 0.562500 0.125000
v 0.796875 0.617188 -0.117188
v -0.796875 0.617188 -0.117188
v 0.640625 0.750000 -0.195312
v -0.640625 0.750000 -0.195312
v 0.640625 0.679688 -0.445312
v -0.640625 0.679688 -0.445312
v 0.796875 0.539062 -0.359375
v -0.796875 0.539062 -0.359375
v 0.617188 0.328125 -0.585938
v -0.617188 0.328125 -0.585938
v 0.484375 0.023438 -0.546875
v -0.484375 0.023438 -0.546875
v 0.820312 0.328125 -0.203125
v -0.820312 0.328125 -0.203125
v 0.406250 -0.171875 0.148438
v -0.406250 -0.171875 0.148438
v 0.429688 -0.195312 -0.210938
v -0.429688 -0.195312 -0.210938
v 0.890625 0.406250 -0.234375
v -0.890625 0.406250 -0.234375
v 0.773438 -0.140625 -0.125000
v -0.773438 -0.140625 -0.125000
v 1.039062 -0.101562 -0.328125
v -1.039062 -0.101562 -0.328125
v 1.281250 0.054688 -0.429688
v -1.281250 0.054688 -0.429688
v 1.351562 0.320312 -0.421875
v -1.351562 0.320312 -0.421875
v 1.234375 0.507812 -0.421875
v -1.234375 0.507812 -0.421875
v 1.023438 0.476562 -0.312500
v -1.023438 0.476562 -0.312500
v 1.015625 0.414062 -0.289062
v -1.015625 0.414062 -0.289062
v 1.187500 0.437500 -0.390625
v -1.187500 0.437500 -0.390625
v 1.265625 0.289062 -0.406250
v -1.265625 0.289062 -0.406250
v 1.210938 0.078125 -0.406250
v -1.210938 0.078125 -0.406250
v 1.031250 -0.039062 -0.304688
v -1.031250 -0.039062 -0.304688
v 0.828125 -0.070312 -0.132812
v -0.828125 -0.070312 -0.132812
v 0.921875 0.359375 -0.218750
v -0.921875 0.359375 -0.218750
v 0.945312 0.304688 -0.289062
v -0.945312 0.304688 -0.289062
v 0.882812 -0.023438 -0.210938
v -0.882812 -0.023438 -0.210938
v 1.039062 0.000000 -0.367188
v -1.039062 0.000000 -0.367188
v 1.187500 0.093750 -0.445312
v -1.187500 0.093750 -0.445312
v 1.234375 0.250000 -0.445312
v -1.234375 0.250000 -0.445312
v 1.171875 0.359375 -0.437500
v -1.171875 0.359375 -0.437500
v 1.023438 0.343750 -0.359375
v -1.023438 0.343750 -0.359375
v 0.843750 0.289062 -0.210938
v -0.843750 0.289062 -0.210938
v 0.835938 0.171875 -0.273438
v -0.835938 0.171875 -0.273438
v 0.757812 0.093750 -0.273438
v -0.757812 0.093750 -0.273438
v 0.820312 0.085938 -0.273438
v -0.820312 0.085938 -0.273438
v 0.843750 0.015625 -0.273438
v -0.843750 0.015625 -0.273438
v 0.812500 -0.015625 -0.273438
v -0.812500 -0.015625 -0.273438
v 0.726562 0.000000 -0.070312
v -0.726562 0.000000 -0.070312
v 0.718750 -0.023438 -0.171875
v -0.718750 -0.023438 -0.171875
v 0.718750 0.039062 -0.187500
v -0.718750 0.039062 -0.187500
v 0.796875 0.203125 -0.210938
v -0.796875 0.203125 -0.210938
v 0.890625 0.242188 -0.265625
v -0.890625 0.242188 -0.265625
v 0.890625 0.234375 -0.320312
v -0.890625 0.234375 -0.320312
v 0.812500 -0.015625 -0.320312
v -0.812500 -0.015625 -0.320312
v 0.851562 0.015625 -0.320312
v -0.851562 0.015625 -0.320312
v 0.828125 0.078125 -0.320312
v -0.828125 0.078125 -0.320312
v 0.765625 0.093750 -0.320312
v -0.765625 0.093750 -0.320312
v 0.843750 0.171875 -0.320312
v -0.843750 0.171875 -0.320312
v 1.039062 0.328125 -0.414062
v -1.039062 0.328125 -0.414062
v 1.187500 0.343750 -0.484375
v -1.187500 0.343750 -0.484375
v 1.257812 0.242188 -0.492188
v -1.257812 0.242188 -0.492188
v 1.210938 0.085938 -0.484375
v -1.210938 0.085938 -0.484375
v 1.046875 0.000000 -0.421875
v -1.046875 0.000000 -0.421875
v 0.882812 -0.015625 -0.265625
v -0.882812 -0.015625 -0.265625
v 0.953125 0.289062 -0.343750
v -0.953125 0.289062 -0.343750
v 0.890625 0.109375 -0.328125
v -0.890625 0.109375 -0.328125
v 0.937500 0.062500 -0.335938
v -0.937500 0.062500 -0.335938
v 1.000000 0.125000 -0.367188
v -1.000000 0.125000 -0.367188
v 0.960938 0.171875 -0.351562
v -0.960938 0.171875 -0.351562
v 1.015625 0.234375 -0.375000
v -1.015625 0.234375 -0.375000
v 1.054688 0.187500 -0.382812
v -1.054688 0.187500 -0.382812
v 1.109375 0.210938 -0.390625
v -1.109375 0.210938 -0.390625
v 1.085938 0.273438 -0.390625
v -1.085938 0.273438 -0.390625
v 1.023438 0.437500 -0.484375
v -1.023438 0.437500 -0.484375
v 1.250000 0.468750 -0.546875
v -1.250000 0.468750 -0.546875
v 1.367188 0.296875 -0.500000
v -1.367188 0.296875 -0.500000
v 1.312500 0.054688 -0.531250
v -1.312500 0.054688 -0.531250
v 1.039062 -0.085938 -0.492188
v -1.039062 -0.085938 -0.492188
v 0.789062 -0.125000 -0.328125
v -0.789062 -0.125000 -0.328125
v 0.859375 0.382812 -0.382812
v -0.859375 0.382812 -0.382812
vn 0.6617 -0.2026 0.7219
vn -0.6617 -0.2026 0.7219
vn 0.8268 -0.3051 0.4725
vn -0.8268 -0.3051 0.4725
vn 0.4076 -0.7905 0.4570
vn -0.4076 -0.7905 0.4570
vn 0.3791 -0.5163 0.7679
vn -0.3791 -0.5163 0.7679
vn -0.0859 -0.5222 0.8485
vn 0.0859 -0.5222 0.8485
vn -0.2664 -0.8487 0.4570
vn 0.2664 -0.8487 0.4570
vn -0.7824 -0.3294 0.5285
vn 0.7606 -0.3400 0.5531
vn -0.4767 -0.1907 0.8581
vn 0.4649 -0.1958 0.8634
vn -0.4649 0.1958 0.8634
vn 0.4649 0.1958 0.8634
vn -0.7656 0.3223 0.5568
vn 0.7683 0.3293 0.5488
vn -0.2560 0.8073 0.5317
vn 0.2487 0.8249 0.5076
vn -0.0821 0.6023 0.7940
vn 0.1017 0.5518 0.8277
vn 0.3329 0.5231 0.7846
vn -0.3861 0.5446 0.7445
vn 0.4246 0.7711 0.4745
vn -0.4059 0.7641 0.5014
vn 0.8251 0.2968 0.4808
vn -0.8299 0.2940 0.4742
vn 0.6888 0.1868 0.7005
vn -0.6617 0.2026 0.7219
vn 0.8400 0.3436 -0.4200
vn -0.7816 0.3058 -0.5437
vn 0.2074 0.8296 -0.5185
vn -0.2037 0.8146 -0.5431
vn -0.4056 0.7605 -0.5070
vn 0.4381 0.7988 -0.4123
vn -0.8642 0.3143 -0.3928
vn 0.7861 0.3276 -0.5241
vn -0.7783 -0.3538 -0.5188
vn 0.7782 -0.3538 -0.5188
vn -0.4381 -0.7988 -0.4123
vn 0.4381 -0.7988 -0.4123
vn 0.2037 -0.8146 -0.5431
vn -0.2037 -0.8146 -0.5431
vn 0.7683 -0.3293 -0.5488
vn -0.7683 -0.3293 -0.5488
vn 0.4000 -0.0623 0.9144
vn -0.4000 -0.0623 0.9144
vn 0.3069 -0.1754 0.9354
vn -0.3069 -0.1754 0.9354
vn 0.0945 -0.1835 0.9785
vn -0.0945 -0.1835 0.9785
vn -0.0624 -0.0283 0.9977
vn 0.0624 -0.0283 0.9977
vn -0.0624 0.0260 0.9977
vn 0.0624 0.0260 0.9977
vn 0.0996 0.1729 0.9799
vn -0.0996 0.1729 0.9799
vn 0.3036 0.1656 0.9383
vn -0.3036 0.1656 0.9383
vn 0.4002 0.0572 0.9147
vn -0.4002 0.0572 0.9147
vn 0.1367 -0.8748 0.4648
vn -0.1054 -0.8433 0.5270
vn 0.2303 -0.8656 0.4447
vn -0.1916 -0.8620 0.4693
vn 0.5788 -0.5049 0.6404
vn -0.5788 -0.5049 0.6404
vn 0.7763 -0.0633 0.6272
vn -0.7763 -0.0633 0.6272
vn 0.7471 0.1132 0.6550
vn -0.7471 0.1132 0.6550
vn 0.3747 -0.8345 0.4040
vn -0.3747 -0.8345 0.4040
vn 0.3557 -0.7290 0.5848
vn -0.4177 -0.5751 0.7034
vn 0.6947 -0.4197 0.5841
vn -0.6947 -0.4197 0.5841
vn 0.7028 -0.3915 0.5939
vn -0.5537 -0.2978 0.7777
vn 0.3127 0.3425 0.8860
vn -0.8227 0.3606 0.4395
vn 0.5091 0.6482 0.5663
vn -0.5041 0.6448 0.5745
vn 0.5977 0.5565 0.5771
vn -0.5977 0.5565 0.5771
vn -0.0486 0.6560 0.7532
vn 0.0371 0.6685 0.7428
vn -0.7104 0.2715 0.6494
vn 0.7386 0.3768 0.5590
vn -0.6013 0.5262 0.6013
vn 0.5774 0.5774 0.5774
vn 0.5070 -0.6281 0.5903
vn -0.5364 -0.3230 0.7797
vn 0.2226 -0.4694 0.8545
vn -0.2226 -0.4694 0.8545
vn -0.0348 -0.5792 0.8144
vn 0.1073 -0.5010 0.8588
vn -0.0899 -0.7843 0.6138
vn 0.0770 -0.5759 0.8139
vn 0.0547 -0.1695 0.9840
vn -0.0279 -0.8645 0.5019
vn 0.4260 -0.0609 0.9027
vn -0.1687 -0.3128 0.9347
vn 0.3352 -0.1828 0.9243
vn -0.4350 -0.1812 0.8820
vn 0.3579 -0.3068 0.8819
vn -0.3223 -0.2762 0.9054
vn -0.0000 -0.4472 0.8944
vn -0.1598 0.3903 0.9067
vn 0.1598 0.3903 0.9067
vn 0.6819 -0.2915 0.6709
vn -0.1854 -0.4956 0.8485
vn 0.0585 -0.0781 0.9952
vn -0.0585 -0.0781 0.9952
vn -0.0066 -0.2316 0.9728
vn -0.0585 -0.0845 0.9947
vn 0.1008 -0.7103 0.6966
vn -0.1008 -0.7103 0.6966
vn 0.1322 -0.5947 0.7930
vn -0.1322 -0.5947 0.7930
vn 0.3128 -0.1662 0.9352
vn -0.3143 -0.3928 0.8642
vn 0.3288 -0.0360 0.9437
vn -0.3288 -0.0360 0.9437
vn 0.3233 -0.0808 0.9429
vn -0.3233 -0.0808 0.9429
vn -0.0232 0.0511 0.9984
vn -0.0000 0.0665 0.9978
vn -0.0043 -0.0651 0.9979
vn -0.0000 -0.0665 0.9978
vn -0.0000 -0.0000 1.0000
vn 0.8447 -0.5335 0.0445
vn -0.8447 -0.5335 0.0445
vn 0.9256 0.2492 -0.2848
vn -0.9635 0.2141 -0.1606
vn 0.0693 0.9004 -0.4294
vn -0.1018 0.9165 -0.3870
vn -1.0000 -0.0000 -0.0000
vn 0.6905 0.5492 0.4708
vn 0.4071 -0.8956 0.1791
vn -0.4319 -0.8639 0.2592
vn 0.2873 -0.5747 0.7663
vn -0.2873 -0.5747 0.7663
vn -0.6326 0.5353 0.5596
vn 0.6326 0.5353 0.5596
vn 0.0862 0.7759 0.6250
vn -0.0862 0.7759 0.6250
vn 0.7532 0.2870 0.5918
vn -0.7639 0.2971 0.5729
vn 0.3416 -0.5409 0.7686
vn -0.3416 -0.5409 0.7686
vn 0.0502 0.2343 0.9709
vn -0.0375 0.2247 0.9737
vn -0.1304 -0.6087 0.7826
vn 0.1304 -0.6087 0.7826
vn -0.5059 0.0716 0.8596
vn 0.5059 0.0716 0.8596
vn -0.5774 -0.5774 0.5774
vn 0.5774 -0.5774 0.5774
vn 0.5460 -0.4310 0.7184
vn -0.3319 0.0738 0.9404
vn 0.3231 0.0311 0.9459
vn -0.2815 0.0662 0.9573
vn 0.7357 0.3910 0.5531
vn -0.8753 0.2059 0.4376
vn 0.8480 0.3180 0.4240
vn -0.8973 0.1994 0.3938
vn 0.8505 0.3798 0.3638
vn -0.8505 0.3798 0.3638
vn 0.1783 -0.4161 0.8917
vn -0.2524 -0.8655 0.4327
vn -0.1296 -0.1945 0.9723
vn 0.1296 -0.1945 0.9723
vn -0.4472 -0.0000 0.8944
vn 0.4472 -0.0000 0.8944
vn -0.1582 0.9494 0.2713
vn 0.1582 0.9494 0.2713
vn -0.6463 0.7337 0.2096
vn 0.6463 0.7337 0.2096
vn 1.0000 -0.0000 -0.0000
vn 0.3051 -0.9450 0.1181
vn -0.3051 -0.9450 0.1181
vn 0.0217 -0.3031 0.9527
vn -0.0217 -0.3031 0.9527
vn 0.1353 -0.3479 0.9277
vn -0.1353 -0.3479 0.9277
vn -0.4681 -0.2239 0.8548
vn 0.4681 -0.2239 0.8548
vn -0.2710 0.0271 0.9622
vn 0.2710 0.0271 0.9622
vn -0.1717 -0.0090 0.9851
vn 0.2595 0.1038 0.9601
vn -0.4332 -0.4874 0.7581
vn 0.6684 -0.4595 0.5849
vn -0.1599 -0.8797 0.4478
vn 0.1599 -0.8797 0.4478
vn 0.3900 -0.5895 0.7074
vn -0.3900 -0.5895 0.7074
vn 0.6547 -0.4589 0.6007
vn -0.6547 -0.4589 0.6007
vn 0.5378 -0.1144 0.8353
vn -0.5378 -0.1144 0.8353
vn 0.5657 0.1197 0.8159
vn -0.5774 0.1155 0.8083
vn 0.4082 0.4082 0.8165
vn -0.5214 0.6574 0.5441
vn 0.1796 0.7882 0.5886
vn -0.1796 0.7882 0.5886
vn 0.1881 0.3387 0.9219
vn -0.1881 0.3387 0.9219
vn -0.0870 0.2756 0.9573
vn 0.0870 0.2756 0.9573
vn 0.0829 -0.2902 0.9534
vn -0.0829 -0.2902 0.9534
vn 0.3015 -0.3015 0.9045
vn -0.3015 -0.3015 0.9045
vn -0.3766 -0.8339 0.4035
vn 0.0631 -0.3156 0.9468
vn 0.0823 -0.7822 0.6175
vn 0.2016 -0.9071 0.3696
vn -0.3707 -0.2851 0.8839
vn 0.3707 -0.2851 0.8839
vn -0.2692 -0.0577 0.9614
vn 0.4568 0.0508 0.8881
vn -0.2797 0.5245 0.8042
vn 0.2797 0.5245 0.8042
vn -0.0213 0.5546 0.8319
vn 0.0487 0.6815 0.7302
vn 0.3778 0.6342 0.6746
vn -0.3378 0.5221 0.7831
vn 0.4988 0.5300 0.6858
vn -0.4988 0.5300 0.6858
vn 0.5425 -0.3391 0.7686
vn -0.5425 -0.3391 0.7686
vn 0.8305 -0.0615 0.5536
vn -0.8305 -0.0615 0.5536
vn 0.7814 0.1116 0.6140
vn -0.7814 0.1116 0.6140
vn -0.4338 0.8888 -0.1481
vn 0.4338 0.8888 -0.1481
vn -0.8515 0.3744 -0.3670
vn 0.8515 0.3744 -0.3670
vn -0.2664 0.8710 -0.4127
vn 0.2197 0.8626 -0.4557
vn 0.5932 0.7445 -0.3063
vn -0.5914 0.7489 -0.2991
vn 0.3714 0.8685 -0.3284
vn -0.3653 0.8833 -0.2938
vn 0.2901 0.9141 -0.2833
vn -0.2901 0.9141 -0.2833
vn 0.8873 0.1343 -0.4412
vn -0.7964 0.1323 -0.5901
vn 0.5108 -0.6649 -0.5450
vn -0.5108 -0.6649 -0.5450
vn 0.3695 -0.8566 -0.3601
vn -0.3695 -0.8566 -0.3601
vn 0.3617 -0.3858 -0.8487
vn -0.1649 -0.6644 -0.7289
vn 0.1952 -0.0976 -0.9759
vn -0.3011 -0.0125 -0.9535
vn -0.0107 -0.5633 -0.8262
vn -0.2562 -0.3112 -0.9152
vn 0.1533 -0.9649 -0.2134
vn -0.1533 -0.9649 -0.2134
vn 0.1260 -0.9624 -0.2406
vn -0.1260 -0.9624 -0.2406
vn 0.9396 0.1573 -0.3041
vn -0.9396 0.1573 -0.3041
vn 0.9278 0.1838 -0.3246
vn -0.9278 0.1838 -0.3246
vn 0.2192 0.0766 -0.9727
vn -0.2192 0.0766 -0.9727
vn 0.1211 -0.0530 -0.9912
vn 0.1497 -0.3635 -0.9195
vn 0.9094 0.1371 -0.3927
vn -0.3706 -0.6780 -0.6349
vn 0.9202 0.1355 -0.3672
vn -0.9202 0.1355 -0.3672
vn 0.9173 0.3440 -0.2007
vn -0.9457 0.2673 -0.1850
vn 0.9004 0.3642 -0.2380
vn -0.9337 0.2813 -0.2215
vn 0.8945 0.4337 0.1084
vn -0.9501 0.2455 -0.1922
vn 0.1596 -0.9577 -0.2394
vn -0.1835 -0.7864 -0.5898
vn 0.3693 -0.4712 -0.8010
vn -0.3727 -0.4759 -0.7966
vn 0.2986 -0.8236 -0.4821
vn -0.3263 -0.8342 -0.4446
vn 0.2995 -0.9442 -0.1368
vn -0.2995 -0.9442 -0.1368
vn 0.3287 -0.9163 -0.2291
vn -0.3287 -0.9163 -0.2291
vn 0.8305 0.3333 -0.4463
vn -0.8642 -0.4737 0.1696
vn 0.9166 -0.3740 0.1414
vn -0.9166 -0.3740 0.1414
vn 0.2950 -0.0454 -0.9544
vn -0.4189 -0.2265 -0.8793
vn 0.1272 0.9658 0.2260
vn -0.1119 0.9626 0.2468
vn 0.1320 0.9750 -0.1788
vn -0.1320 0.9750 -0.1788
vn 0.3878 0.6192 -0.6828
vn -0.3878 0.6192 -0.6828
vn 0.4951 0.8618 -0.1100
vn -0.4951 0.8618 -0.1100
vn 0.2561 0.6447 0.7202
vn -0.2561 0.6447 0.7202
vn 0.5966 0.7888 0.1479
vn -0.5966 0.7888 0.1479
vn 0.7125 0.6755 -0.1900
vn -0.7125 0.6755 -0.1900
vn 0.7104 0.1364 -0.6904
vn -0.6304 0.2517 -0.7343
vn 0.6823 0.2318 -0.6933
vn -0.6823 0.2318 -0.6933
vn 0.6574 0.7254 -0.2040
vn -0.6574 0.7254 -0.2040
vn 0.7289 0.6729 0.1262
vn -0.7289 0.6729 0.1262
vn 0.7791 0.4074 0.4764
vn -0.7791 0.4074 0.4764
vn 0.3669 0.8840 -0.2898
vn -0.3238 0.9434 -0.0720
vn 0.2854 0.6237 0.7277
vn -0.1548 0.5080 0.8473
vn -0.1702 0.1097 -0.9793
vn 0.1782 0.0891 -0.9800
vn 0.2925 0.5674 0.7697
vn -0.2925 0.5674 0.7697
vn -0.1616 0.1847 0.9694
vn 0.1616 0.1847 0.9694
vn 0.8681 0.0893 -0.4883
vn -0.9340 0.2255 0.2773
vn 0.9276 0.0762 0.3657
vn -0.9276 0.0762 0.3657
vn 0.9750 0.2169 0.0490
vn -0.9750 0.2169 0.0490
vn 0.9817 -0.0304 -0.1882
vn -0.9956 0.0893 -0.0288
vn 0.7466 -0.6646 0.0285
vn -0.6374 -0.7651 0.0915
vn 0.3723 -0.9243 0.0847
vn -0.3720 -0.9244 0.0845
vn 0.3986 -0.8754 0.2734
vn -0.3986 -0.8754 0.2734
vn 0.6328 -0.7642 0.1247
vn -0.6328 -0.7642 0.1247
vn 0.7325 -0.6368 0.2407
vn -0.7325 -0.6368 0.2407
vn 0.2637 -0.4499 0.8533
vn -0.2637 -0.4499 0.8533
vn 0.5881 -0.3070 -0.7483
vn -0.5236 -0.3290 -0.7859
vn 0.4694 -0.2400 -0.8498
vn -0.5396 -0.3343 -0.7727
vn 0.4463 -0.8452 -0.2941
vn -0.2144 -0.8341 -0.5082
vn 0.6973 -0.6610 -0.2771
vn -0.7365 -0.6154 -0.2808
vn 0.4972 -0.4408 -0.7473
vn -0.4972 -0.4408 -0.7473
vn 0.3691 0.2855 0.8844
vn -0.3244 0.4867 0.8111
vn 0.4467 0.0975 0.8894
vn -0.4467 0.0975 0.8894
vn 0.3188 0.1993 0.9266
vn -0.1817 -0.0079 0.9833
vn 0.2076 -0.0836 0.9746
vn -0.2925 -0.0758 0.9533
vn 0.3398 0.0824 0.9369
vn -0.5847 -0.2198 0.7809
vn 0.5957 -0.3850 0.7049
vn -0.5957 -0.3850 0.7049
vn 0.4843 0.5580 0.6738
vn -0.4843 0.5580 0.6738
vn -0.2675 0.8318 0.4864
vn 0.2675 0.8318 0.4864
vn -0.8576 0.2223 0.4637
vn 0.7885 0.2366 0.5677
vn -0.5257 -0.3579 0.7717
vn 0.5242 -0.3548 0.7742
vn 0.4663 -0.5991 0.6509
vn -0.4390 -0.5252 0.7290
vn 0.7104 -0.4567 0.5356
vn -0.7104 -0.4567 0.5356
vn 0.7507 -0.6131 -0.2461
vn -0.6302 -0.7658 0.1282
vn -0.1788 0.2923 0.9395
vn 0.2175 0.2733 0.9370
vn 0.9042 -0.3578 -0.2332
vn -0.9042 -0.3578 -0.2332
vn 0.0400 0.3399 0.9396
vn -0.0400 0.3399 0.9396
vn 0.2734 0.9064 0.3221
vn -0.2734 0.9064 0.3221
vn 0.4480 -0.4480 0.7737
vn -0.7177 0.1689 0.6755
vn 0.5534 -0.5534 0.6225
vn -0.9008 -0.4075 0.1501
vn 0.5724 -0.3122 0.7582
vn -0.5815 -0.5217 0.6243
vn 0.5597 -0.5533 0.6169
vn -0.6138 -0.2571 0.7465
vn 0.9551 -0.1636 -0.2470
vn -0.1712 -0.0934 0.9808
vn 0.9227 -0.3765 -0.0825
vn -0.8717 -0.4446 -0.2063
vn 0.9972 -0.0181 -0.0725
vn -0.9972 -0.0181 -0.0725
vn 0.6895 -0.6644 0.2883
vn -0.6895 -0.6644 0.2883
vn 0.7815 -0.6176 0.0882
vn -0.7930 -0.5947 0.1322
vn 0.7022 -0.7022 0.1170
vn -0.7022 -0.7022 0.1170
vn 0.1240 0.9921 0.0207
vn -0.2408 0.9631 -0.1204
vn 0.9435 0.3145 0.1048
vn -0.9251 0.3469 0.1542
vn 0.6213 -0.7767 0.1036
vn -0.6213 -0.7767 0.1036
vn -0.0000 1.0000 -0.0000
vn 0.6197 -0.6899 0.3742
vn -0.6197 -0.6899 0.3742
vn 0.2752 -0.8808 0.3853
vn -0.2752 -0.8808 0.3853
vn -0.7929 -0.5252 -0.3089
vn 0.7929 -0.5252 -0.3089
vn -0.8096 0.2429 -0.5343
vn 0.8538 0.2328 -0.4657
vn -0.5621 0.8231 -0.0803
vn 0.5433 0.6985 -0.4657
vn -0.0071 0.9899 0.1414
vn 0.1096 0.9939 -0.0157
vn 0.1046 0.0392 0.9937
vn -0.1738 0.0097 0.9847
vn 0.2461 0.0852 0.9655
vn -0.4134 0.0413 0.9096
vn 0.3009 0.0926 0.9491
vn -0.3009 0.0926 0.9491
vn 0.2104 0.0124 0.9775
vn -0.1220 0.0458 0.9915
vn -0.0099 0.3867 0.9221
vn 0.0099 0.3867 0.9221
vn 0.3787 -0.0364 0.9248
vn -0.4244 -0.0320 0.9049
vn 0.2530 -0.1897 0.9487
vn -0.2570 0.0723 0.9637
vn -0.4870 0.6088 0.6262
vn 0.2981 0.7454 0.5963
vn 0.6693 0.1802 0.7208
vn -0.6693 0.1802 0.7208
vn 0.4388 -0.2008 0.8759
vn -0.4723 -0.1986 0.8588
vn 0.5786 -0.1334 0.8046
vn -0.2975 -0.4062 0.8640
vn 0.5002 0.2833 0.8182
vn -0.5002 0.2833 0.8182
vn 0.2980 0.5802 0.7580
vn -0.2980 0.5802 0.7580
vn 0.0929 -0.9912 -0.0944
vn -0.0929 -0.9912 -0.0944
vn 0.4688 -0.8715 0.1442
vn -0.4688 -0.8715 0.1442
vn 0.9309 -0.2541 0.2624
vn -0.9264 -0.2460 0.2851
vn 0.8465 0.5291 -0.0595
vn -0.8267 0.5627 -0.0035
vn -0.2511 0.9439 -0.2145
vn 0.2146 0.9243 -0.3157
vn -0.4841 0.8743 -0.0361
vn 0.4196 0.8851 -0.2012
vn -0.5256 -0.0030 -0.8507
vn 0.5470 -0.0144 -0.8370
vn -0.1466 0.0104 -0.9891
vn 0.1466 0.0104 -0.9891
vn 0.4046 0.0266 -0.9141
vn -0.4046 0.0266 -0.9141
vn -0.8073 0.5901 0.0041
vn 0.7330 0.6786 0.0472
vn 0.4200 -0.2291 -0.8781
vn -0.4200 -0.2291 -0.8781
vn -0.0687 -0.9943 -0.0818
vn 0.0687 -0.9943 -0.0818
vn 0.6713 -0.1971 0.7145
vn -0.6713 -0.1971 0.7145
vn 0.8326 -0.3017 0.4646
vn -0.8326 -0.3017 0.4646
vn 0.4258 -0.7967 0.4290
vn -0.4258 -0.7967 0.4290
vn 0.3265 -0.4954 0.8050
vn -0.3265 -0.4954 0.8050
vn -0.0649 -0.5714 0.8181
vn 0.0649 -0.5714 0.8181
vn -0.2738 -0.8315 0.4834
vn 0.2738 -0.8315 0.4834
vn -0.7606 -0.3400 0.5531
vn 0.7824 -0.3294 0.5285
vn -0.4649 -0.1958 0.8634
vn 0.4767 -0.1907 0.8581
vn -0.4983 0.1812 0.8478
vn 0.4983 0.1812 0.8478
vn -0.7683 0.3293 0.5488
vn 0.7656 0.3223 0.5568
vn -0.2487 0.8249 0.5076
vn 0.2560 0.8073 0.5317
vn -0.1017 0.5518 0.8277
vn 0.0821 0.6023 0.7940
vn 0.3861 0.5446 0.7445
vn -0.3329 0.5231 0.7846
vn 0.4059 0.7641 0.5014
vn -0.4246 0.7711 0.4745
vn 0.8299 0.2940 0.4742
vn -0.8251 0.2968 0.4808
vn 0.6617 0.2026 0.7219
vn -0.6888 0.1868 0.7005
vn 0.7816 0.3058 -0.5437
vn -0.8400 0.3436 -0.4200
vn 0.2037 0.8146 -0.5431
vn -0.2074 0.8296 -0.5185
vn -0.4381 0.7988 -0.4123
vn 0.4056 0.7605 -0.5070
vn -0.7861 0.3276 -0.5241
vn 0.8642 0.3143 -0.3928
vn -0.8519 -0.3408 -0.3976
vn 0.8519 -0.3408 -0.3976
vn -0.4056 -0.7605 -0.5070
vn 0.4056 -0.7605 -0.5070
vn 0.2074 -0.8296 -0.5185
vn -0.2074 -0.8296 -0.5185
vn 0.8297 -0.3734 -0.4149
vn -0.8297 -0.3734 -0.4149
vn 0.1054 -0.8433 0.5270
vn -0.1367 -0.8748 0.4648
vn 0.1916 -0.8620 0.4693
vn -0.2303 -0.8656 0.4447
vn 0.5959 -0.4256 0.6810
vn -0.5959 -0.4256 0.6810
vn 0.7563 -0.0299 0.6535
vn -0.7563 -0.0299 0.6535
vn 0.8069 0.0689 0.5866
vn -0.8069 0.0689 0.5866
vn 0.2334 -0.7779 0.5834
vn -0.2334 -0.7779 0.5834
vn 0.4177 -0.5751 0.7034
vn -0.3557 -0.7290 0.5848
vn 0.6872 -0.4191 0.5934
vn -0.6872 -0.4191 0.5934
vn 0.5537 -0.2978 0.7777
vn -0.7028 -0.3915 0.5939
vn 0.8227 0.3606 0.4395
vn -0.3127 0.3425 0.8860
vn 0.5041 0.6448 0.5745
vn -0.5091 0.6482 0.5663
vn 0.6155 0.4924 0.6155
vn -0.6155 0.4924 0.6155
vn -0.0371 0.6685 0.7428
vn 0.0486 0.6560 0.7532
vn -0.7386 0.3768 0.5590
vn 0.7104 0.2715 0.6494
vn -0.5774 0.5774 0.5774
vn 0.6013 0.5262 0.6013
vn 0.5364 -0.3230 0.7797
vn -0.5070 -0.6281 0.5903
vn 0.2181 -0.4685 0.8561
vn -0.2181 -0.4685 0.8561
vn -0.1073 -0.5010 0.8588
vn 0.0348 -0.5792 0.8144
vn -0.0770 -0.5759 0.8139
vn 0.0899 -0.7843 0.6138
vn 0.0279 -0.8645 0.5019
vn -0.0547 -0.1695 0.9840
vn 0.1687 -0.3128 0.9347
vn -0.4260 -0.0609 0.9027
vn 0.4350 -0.1812 0.8820
vn -0.3352 -0.1828 0.9243
vn 0.3223 -0.2762 0.9054
vn -0.3579 -0.3068 0.8819
vn 0.4284 0.1494 0.8911
vn -0.4284 0.1494 0.8911
vn -0.0317 -0.1899 0.9813
vn 0.0317 -0.1899 0.9813
vn 0.1854 -0.4956 0.8485
vn -0.6819 -0.2915 0.6709
vn 0.2623 -0.3498 0.8994
vn -0.2623 -0.3498 0.8994
vn 0.0585 -0.0845 0.9947
vn 0.0066 -0.2316 0.9728
vn -0.0136 -0.6507 0.7592
vn 0.0136 -0.6507 0.7592
vn 0.2404 -0.5476 0.8014
vn -0.2404 -0.5476 0.8014
vn 0.3143 -0.3928 0.8642
vn -0.3128 -0.1662 0.9352
vn 0.2821 -0.0164 0.9592
vn -0.2821 -0.0164 0.9592
vn 0.3273 -0.1432 0.9340
vn -0.3273 -0.1432 0.9340
vn 0.0232 0.0511 0.9984
vn 0.0043 -0.0651 0.9979
vn 0.7826 -0.6087 -0.1304
vn -0.7826 -0.6087 -0.1304
vn 0.9635 0.2141 -0.1606
vn -0.9256 0.2492 -0.2848
vn 0.1018 0.9165 -0.3870
vn -0.0693 0.9004 -0.4294
vn -0.6905 0.5492 0.4708
vn 0.4319 -0.8639 0.2592
vn -0.4071 -0.8956 0.1791
vn -0.6667 0.6667 0.3333
vn 0.6667 0.6667 0.3333
vn 0.1348 0.8086 0.5727
vn -0.1348 0.8086 0.5727
vn 0.7639 0.2971 0.5729
vn -0.7532 0.2870 0.5918
vn 0.4116 -0.8575 0.3087
vn -0.4116 -0.8575 0.3087
vn 0.0375 0.2247 0.9737
vn -0.0502 0.2343 0.9709
vn 0.1304 -0.2609 0.9565
vn -0.1304 -0.2609 0.9565
vn -0.0631 -0.8206 0.5681
vn 0.0631 -0.8206 0.5681
vn 0.7325 0.2817 0.6198
vn -0.7325 0.2817 0.6198
vn 0.3319 0.0738 0.9404
vn -0.5460 -0.4310 0.7184
vn 0.2815 0.0662 0.9573
vn -0.3231 0.0311 0.9459
vn 0.8753 0.2059 0.4376
vn -0.7357 0.3910 0.5531
vn 0.8973 0.1994 0.3938
vn -0.8480 0.3180 0.4240
vn 0.9586 0.0664 0.2767
vn -0.9586 0.0664 0.2767
vn 0.2524 -0.8655 0.4327
vn -0.1783 -0.4161 0.8917
vn -0.1751 -0.2043 0.9631
vn 0.1751 -0.2043 0.9631
vn -0.1219 -0.1829 0.9755
vn 0.1219 -0.1829 0.9755
vn -0.1562 0.3123 0.9370
vn 0.1562 0.3123 0.9370
vn -0.7238 0.6857 0.0762
vn 0.7238 0.6857 0.0762
vn 0.0478 -0.2870 0.9567
vn -0.0478 -0.2870 0.9567
vn -0.5488 -0.3293 0.7683
vn 0.5488 -0.3293 0.7683
vn -0.4945 -0.1130 0.8618
vn 0.4945 -0.1130 0.8618
vn -0.2595 0.1038 0.9601
vn 0.1717 -0.0090 0.9851
vn -0.6684 -0.4595 0.5849
vn 0.4332 -0.4874 0.7581
vn -0.1156 -0.6359 0.7631
vn 0.1156 -0.6359 0.7631
vn 0.4242 -0.6211 0.6590
vn -0.4242 -0.6211 0.6590
vn 0.4767 -0.3557 0.8039
vn -0.4767 -0.3557 0.8039
vn 0.5871 -0.0839 0.8052
vn -0.5871 -0.0839 0.8052
vn 0.5774 0.1155 0.8083
vn -0.5657 0.1197 0.8159
vn 0.5214 0.6574 0.5441
vn -0.4082 0.4082 0.8165
vn 0.3358 0.3478 0.8754
vn -0.3358 0.3478 0.8754
vn 0.1452 0.3774 0.9146
vn -0.1452 0.3774 0.9146
vn 0.0301 0.2306 0.9726
vn -0.0301 0.2306 0.9726
vn 0.4475 -0.4699 0.7608
vn -0.4475 -0.4699 0.7608
vn 0.2627 -0.2252 0.9382
vn -0.2627 -0.2252 0.9382
vn -0.0631 -0.3156 0.9468
vn 0.3766 -0.8339 0.4035
vn -0.2016 -0.9071 0.3696
vn -0.0823 -0.7822 0.6175
vn -0.3356 -0.2397 0.9110
vn 0.3356 -0.2397 0.9110
vn -0.4568 0.0508 0.8881
vn 0.2692 -0.0577 0.9614
vn -0.0247 0.4072 0.9130
vn 0.0247 0.4072 0.9130
vn -0.0487 0.6815 0.7302
vn 0.0213 0.5546 0.8319
vn 0.3378 0.5221 0.7831
vn -0.3778 0.6342 0.6746
vn 0.7895 -0.3158 0.5263
vn -0.7895 -0.3158 0.5263
vn 0.8070 -0.0807 0.5851
vn -0.8070 -0.0807 0.5851
vn 0.7868 0.1210 0.6052
vn -0.7868 0.1210 0.6052
vn -0.6357 0.6811 -0.3633
vn 0.6357 0.6811 -0.3633
vn -0.8507 0.3650 -0.3783
vn 0.8507 0.3650 -0.3783
vn -0.2197 0.8626 -0.4557
vn 0.2664 0.8710 -0.4127
vn 0.5914 0.7489 -0.2991
vn -0.5932 0.7445 -0.3063
vn 0.3653 0.8833 -0.2938
vn -0.3714 0.8685 -0.3284
vn 0.2760 0.9159 -0.2915
vn -0.2760 0.9159 -0.2915
vn 0.7964 0.1323 -0.5901
vn -0.8873 0.1343 -0.4412
vn 0.5442 -0.7524 -0.3712
vn -0.5442 -0.7524 -0.3712
vn 0.4027 -0.7323 -0.5492
vn -0.4027 -0.7323 -0.5492
vn 0.1649 -0.6644 -0.7289
vn -0.3617 -0.3858 -0.8487
vn 0.3011 -0.0125 -0.9535
vn -0.1952 -0.0976 -0.9759
vn 0.2562 -0.3112 -0.9152
vn 0.0107 -0.5633 -0.8262
vn 0.0779 -0.9948 -0.0663
vn -0.0779 -0.9948 -0.0663
vn 0.1094 -0.9718 -0.2089
vn -0.1094 -0.9718 -0.2089
vn 0.8150 -0.5621 -0.1405
vn -0.8150 -0.5621 -0.1405
vn 0.9358 0.1396 -0.3236
vn -0.9358 0.1396 -0.3236
vn 0.1132 -0.0274 -0.9932
vn -0.1132 -0.0274 -0.9932
vn -0.1497 -0.3635 -0.9195
vn -0.1211 -0.0530 -0.9912
vn 0.3706 -0.6780 -0.6349
vn -0.9094 0.1371 -0.3927
vn 0.9193 0.1393 -0.3682
vn -0.9193 0.1393 -0.3682
vn 0.9457 0.2673 -0.1850
vn -0.9173 0.3440 -0.2007
vn 0.9337 0.2813 -0.2215
vn -0.9004 0.3642 -0.2380
vn 0.9501 0.2455 -0.1922
vn -0.8945 0.4337 0.1084
vn 0.1835 -0.7864 -0.5898
vn -0.1596 -0.9577 -0.2394
vn 0.3727 -0.4759 -0.7966
vn -0.3693 -0.4712 -0.8010
vn 0.3263 -0.8342 -0.4446
vn -0.2986 -0.8236 -0.4821
vn 0.2620 -0.9574 -0.1217
vn -0.2620 -0.9574 -0.1217
vn 0.2996 -0.9443 -0.1362
vn -0.2996 -0.9443 -0.1362
vn 0.8642 -0.4737 0.1696
vn -0.8305 0.3333 -0.4463
vn 0.6869 -0.6358 0.3521
vn -0.6869 -0.6358 0.3521
vn 0.4189 -0.2265 -0.8793
vn -0.2950 -0.0454 -0.9544
vn 0.1119 0.9626 0.2468
vn -0.1272 0.9658 0.2260
vn 0.1208 0.9734 -0.1947
vn -0.1208 0.9734 -0.1947
vn 0.3140 0.5711 -0.7585
vn -0.3140 0.5711 -0.7585
vn 0.3231 0.9288 -0.1817
vn -0.3231 0.9288 -0.1817
vn 0.0452 0.7955 0.6043
vn -0.0452 0.7955 0.6043
vn 0.6144 0.7696 0.1738
vn -0.6144 0.7696 0.1738
vn 0.6935 0.6857 -0.2212
vn -0.6935 0.6857 -0.2212
vn 0.6304 0.2517 -0.7343
vn -0.7104 0.1364 -0.6904
vn 0.3179 0.5704 -0.7574
vn -0.3179 0.5704 -0.7574
vn 0.6289 0.7624 -0.1525
vn -0.6289 0.7624 -0.1525
vn 0.7088 0.6833 0.1752
vn -0.7088 0.6833 0.1752
vn 0.6885 0.3830 0.6158
vn -0.6885 0.3830 0.6158
vn 0.3238 0.9434 -0.0720
vn -0.3669 0.8840 -0.2898
vn 0.1548 0.5080 0.8473
vn -0.2854 0.6237 0.7277
vn -0.1782 0.0891 -0.9800
vn 0.1702 0.1097 -0.9793
vn -0.2638 0.9462 -0.1871
vn 0.2638 0.9462 -0.1871
vn 0.9340 0.2255 0.2773
vn -0.8681 0.0893 -0.4883
vn 0.9758 0.1241 0.1800
vn -0.9758 0.1241 0.1800
vn 0.9613 0.1472 -0.2330
vn -0.9613 0.1472 -0.2330
vn 0.9956 0.0893 -0.0288
vn -0.9817 -0.0304 -0.1882
vn 0.6374 -0.7651 0.0915
vn -0.7466 -0.6646 0.0285
vn 0.3720 -0.9244 0.0845
vn -0.3723 -0.9243 0.0847
vn 0.5281 -0.8354 0.1522
vn -0.5281 -0.8354 0.1522
vn 0.3070 -0.5237 0.7946
vn -0.3070 -0.5237 0.7946
vn 0.5236 -0.3290 -0.7859
vn -0.5881 -0.3070 -0.7483
vn 0.5396 -0.3343 -0.7727
vn -0.4694 -0.2400 -0.8498
vn 0.2144 -0.8341 -0.5082
vn -0.4463 -0.8452 -0.2941
vn 0.7365 -0.6154 -0.2808
vn -0.6973 -0.6610 -0.2771
vn 0.3244 0.4867 0.8111
vn -0.3691 0.2855 0.8844
vn 0.4649 0.2593 0.8465
vn -0.4649 0.2593 0.8465
vn 0.1817 -0.0079 0.9833
vn -0.3188 0.1993 0.9266
vn 0.2925 -0.0758 0.9533
vn -0.2076 -0.0836 0.9746
vn 0.5847 -0.2198 0.7809
vn -0.3398 0.0824 0.9369
vn 0.6509 -0.1939 0.7340
vn -0.6509 -0.1939 0.7340
vn 0.4075 0.7506 0.5201
vn -0.4075 0.7506 0.5201
vn -0.2655 0.8296 0.4911
vn 0.2655 0.8296 0.4911
vn -0.7885 0.2366 0.5677
vn 0.8576 0.2223 0.4637
vn -0.5242 -0.3548 0.7742
vn 0.5257 -0.3579 0.7717
vn 0.4390 -0.5252 0.7290
vn -0.4663 -0.5991 0.6509
vn 0.6888 -0.4428 0.5740
vn -0.6888 -0.4428 0.5740
vn 0.6302 -0.7658 0.1282
vn -0.7507 -0.6131 -0.2461
vn -0.2175 0.2733 0.9370
vn 0.1788 0.2923 0.9395
vn 0.9046 -0.3869 -0.1792
vn -0.9046 -0.3869 -0.1792
vn 0.1782 -0.0891 0.9800
vn -0.1782 -0.0891 0.9800
vn -0.2335 0.8972 0.3749
vn 0.2335 0.8972 0.3749
vn 0.7177 0.1689 0.6755
vn -0.4480 -0.4480 0.7737
vn 0.5313 0.5844 0.6134
vn -0.5313 0.5844 0.6134
vn 0.9008 -0.4075 0.1501
vn -0.5534 -0.5534 0.6225
vn 0.5815 -0.5217 0.6243
vn -0.5724 -0.3122 0.7582
vn 0.6138 -0.2571 0.7465
vn -0.5597 -0.5533 0.6169
vn 0.1712 -0.0934 0.9808
vn -0.9551 -0.1636 -0.2470
vn 0.8717 -0.4446 -0.2063
vn -0.9227 -0.3765 -0.0825
vn 0.7661 -0.6363 0.0909
vn -0.7661 -0.6363 0.0909
vn 0.7930 -0.5947 0.1322
vn -0.7815 -0.6176 0.0882
vn 0.2408 0.9631 -0.1204
vn -0.1240 0.9921 0.0207
vn 0.9251 0.3469 0.1542
vn -0.9435 0.3145 0.1048
vn 0.7071 -0.7071 -0.0000
vn -0.7071 -0.7071 -0.0000
vn -0.0157 0.9898 0.1414
vn 0.0157 0.9898 0.1414
vn 0.6266 -0.7211 0.2956
vn -0.6266 -0.7211 0.2956
vn 0.2714 -0.9022 0.3353
vn -0.2714 -0.9022 0.3353
vn -0.8651 -0.4853 -0.1266
vn 0.8651 -0.4853 -0.1266
vn -0.8538 0.2328 -0.4657
vn 0.8096 0.2429 -0.5343
vn -0.5433 0.6985 -0.4657
vn 0.5621 0.8231 -0.0803
vn -0.1096 0.9939 -0.0157
vn 0.0071 0.9899 0.1414
vn 0.1738 0.0097 0.9847
vn -0.1046 0.0392 0.9937
vn 0.4134 0.0413 0.9096
vn -0.2461 0.0852 0.9655
vn 0.3228 -0.0461 0.9453
vn -0.3228 -0.0461 0.9453
vn 0.1220 0.0458 0.9915
vn -0.2104 0.0124 0.9775
vn 0.5679 0.1916 0.8005
vn -0.5679 0.1916 0.8005
vn 0.4244 -0.0320 0.9049
vn -0.3787 -0.0364 0.9248
vn 0.2570 0.0723 0.9637
vn -0.2530 -0.1897 0.9487
vn 0.1351 -0.0225 0.9906
vn -0.1351 -0.0225 0.9906
vn -0.2981 0.7454 0.5963
vn 0.4870 0.6088 0.6262
vn 0.5571 -0.1486 0.8171
vn -0.5571 -0.1486 0.8171
vn 0.4723 -0.1986 0.8588
vn -0.4388 -0.2008 0.8759
vn 0.2975 -0.4062 0.8640
vn -0.5786 -0.1334 0.8046
vn 0.5771 0.2164 0.7875
vn -0.5771 0.2164 0.7875
vn 0.0931 -0.9932 -0.0692
vn -0.0931 -0.9932 -0.0692
vn 0.5161 -0.8527 -0.0812
vn -0.5161 -0.8527 -0.0812
vn 0.9264 -0.2460 0.2851
vn -0.9309 -0.2541 0.2624
vn 0.8267 0.5627 -0.0035
vn -0.8465 0.5291 -0.0595
vn -0.2146 0.9243 -0.3157
vn 0.2511 0.9439 -0.2145
vn -0.4196 0.8851 -0.2012
vn 0.4841 0.8743 -0.0361
vn -0.5470 -0.0144 -0.8370
vn 0.5256 -0.0030 -0.8507
vn -0.2556 -0.0749 -0.9639
vn 0.2556 -0.0749 -0.9639
vn -0.7330 0.6786 0.0472
vn 0.8073 0.5901 0.0041
vn 0.6844 -0.1711 -0.7088
vn -0.6844 -0.1711 -0.7088
vn -0.3604 -0.8283 -0.4290
vn 0.3604 -0.8283 -0.4290
vt 0.843250 0.588863
vt 0.794218 0.611927
vt 0.815334 0.560948
vt 0.866314 0.937441
vt 0.889378 0.888409
vt 0.917293 0.916324
vt 0.746541 0.611927
vt 0.781622 0.527235
vt 0.866314 0.985118
vt 0.951006 0.950037
vt 0.781622 0.696619
vt 0.781622 0.950037
vt 0.833697 0.611927
vt 0.815334 0.662907
vt 0.815334 0.916325
vt 0.866314 0.897962
vt 0.843250 0.634991
vt 0.866314 0.684023
vt 0.794218 0.865345
vt 0.843250 0.888409
vt 0.866314 0.731700
vt 0.746541 0.865345
vt 0.917293 0.662907
vt 0.815334 0.814366
vt 0.781622 0.780653
vt 0.889378 0.634991
vt 0.866314 0.644544
vt 0.843250 0.842281
vt 0.938410 0.611927
vt 0.866314 0.793249
vt 0.951006 0.696619
vt 0.866314 0.745572
vt 0.917294 0.560947
vt 0.986087 0.611927
vt 0.917294 0.814365
vt 0.951006 0.780653
vt 0.889378 0.588863
vt 0.898931 0.611927
vt 0.889378 0.842281
vt 0.866314 0.579310
vt 0.898931 0.865345
vt 0.938410 0.865345
vt 0.866314 0.539831
vt 0.951006 0.527235
vt 0.986087 0.865345
vt 0.866314 0.492154
vt 0.847600 0.593213
vt 0.885028 0.884059
vt 0.892780 0.865345
vt 0.866314 0.585461
vt 0.885028 0.846631
vt 0.885028 0.593213
vt 0.866314 0.832728
vt 0.866314 0.838879
vt 0.892780 0.611927
vt 0.847600 0.846631
vt 0.866314 0.638393
vt 0.885028 0.630641
vt 0.839848 0.865345
vt 0.847600 0.630641
vt 0.847600 0.884059
vt 0.833697 0.865345
vt 0.839848 0.611927
vt 0.866314 0.891811
vt 0.866314 0.611927
vt 0.866314 0.865345
vt 0.517028 0.068490
vt 0.500000 0.054411
vt 0.520711 0.060503
vt 0.482972 0.068490
vt 0.500000 0.064527
vt 0.522612 0.070678
vt 0.530457 0.065062
vt 0.477388 0.070678
vt 0.479289 0.060503
vt 0.532878 0.067822
vt 0.467122 0.067822
vt 0.469543 0.065062
vt 0.544695 0.083023
vt 0.526301 0.079422
vt 0.473699 0.079422
vt 0.455305 0.083023
vt 0.565647 0.115495
vt 0.529228 0.091098
vt 0.470772 0.091098
vt 0.434353 0.115495
vt 0.586916 0.172042
vt 0.600470 0.238288
vt 0.535885 0.215568
vt 0.399530 0.238288
vt 0.413084 0.172042
vt 0.464115 0.215568
vt 0.650908 0.240294
vt 0.626605 0.208159
vt 0.349092 0.240294
vt 0.363038 0.261221
vt 0.655896 0.284413
vt 0.636962 0.261221
vt 0.344104 0.284413
vt 0.684517 0.317795
vt 0.689501 0.268805
vt 0.315483 0.317795
vt 0.340493 0.313152
vt 0.671357 0.334694
vt 0.659507 0.313152
vt 0.328643 0.334694
vt 0.350893 0.322437
vt 0.636775 0.370732
vt 0.649107 0.322437
vt 0.363225 0.370732
vt 0.386364 0.353108
vt 0.594178 0.371277
vt 0.613636 0.353108
vt 0.405822 0.371277
vt 0.581044 0.398468
vt 0.602261 0.395588
vt 0.418956 0.398468
vt 0.422649 0.373341
vt 0.532016 0.387365
vt 0.577351 0.373341
vt 0.467984 0.387365
vt 0.460183 0.354339
vt 0.500000 0.382860
vt 0.539817 0.354339
vt 0.500000 0.340417
vt 0.579057 0.335646
vt 0.559135 0.334326
vt 0.420943 0.335646
vt 0.592090 0.332885
vt 0.606163 0.325516
vt 0.407910 0.332885
vt 0.628251 0.311636
vt 0.393837 0.325516
vt 0.635551 0.300507
vt 0.371749 0.311636
vt 0.631484 0.283889
vt 0.364449 0.300507
vt 0.611331 0.264411
vt 0.368516 0.283889
vt 0.592372 0.254897
vt 0.388669 0.264411
vt 0.559669 0.267717
vt 0.440331 0.267717
vt 0.407628 0.254897
vt 0.500000 0.252445
vt 0.544001 0.314523
vt 0.455999 0.314523
vt 0.500000 0.295691
vt 0.543637 0.293371
vt 0.456363 0.293371
vt 0.550878 0.277832
vt 0.449122 0.277832
vt 0.506819 0.075382
vt 0.493181 0.075382
vt 0.511782 0.080633
vt 0.488218 0.080633
vt 0.512172 0.093457
vt 0.537536 0.127779
vt 0.513874 0.097191
vt 0.486126 0.097191
vt 0.462464 0.127779
vt 0.487828 0.093457
vt 0.500000 0.157864
vt 0.514257 0.133422
vt 0.520226 0.164615
vt 0.485743 0.133422
vt 0.500000 0.134352
vt 0.500000 0.100063
vt 0.500000 0.091346
vt 0.530258 0.180239
vt 0.517666 0.172353
vt 0.482334 0.172353
vt 0.469742 0.180239
vt 0.479774 0.164615
vt 0.518957 0.194728
vt 0.523673 0.198817
vt 0.481043 0.194728
vt 0.478099 0.181560
vt 0.508211 0.197295
vt 0.500000 0.203867
vt 0.491789 0.197295
vt 0.476327 0.198817
vt 0.500000 0.192167
vt 0.500000 0.197278
vt 0.500000 0.165170
vt 0.500000 0.171718
vt 0.486462 0.176949
vt 0.508818 0.192407
vt 0.491182 0.192407
vt 0.515232 0.190709
vt 0.484768 0.190709
vt 0.521901 0.181560
vt 0.483092 0.181873
vt 0.513538 0.176949
vt 0.516908 0.181873
vt 0.500000 0.186182
vt 0.544209 0.172814
vt 0.455791 0.172814
vt 0.458673 0.154899
vt 0.541327 0.154899
vt 0.578661 0.139176
vt 0.421339 0.139176
vt 0.583245 0.154155
vt 0.416755 0.154155
vt 0.509911 0.090724
vt 0.490089 0.090724
vt 0.500000 0.089977
vt 0.509713 0.082236
vt 0.490287 0.082236
vt 0.505196 0.077083
vt 0.494804 0.077083
vt 0.500000 0.073497
vt 0.500000 0.075473
vt 0.500000 0.080320
vt 0.496555 0.080840
vt 0.506660 0.083289
vt 0.503445 0.080840
vt 0.493340 0.083289
vt 0.506822 0.086791
vt 0.493178 0.086791
vt 0.500000 0.085637
vt 0.562361 0.284338
vt 0.559190 0.294882
vt 0.437639 0.284338
vt 0.440810 0.294882
vt 0.563180 0.307151
vt 0.436820 0.307151
vt 0.570458 0.318697
vt 0.429542 0.318697
vt 0.430757 0.278245
vt 0.589914 0.271772
vt 0.569243 0.278245
vt 0.410086 0.271772
vt 0.602190 0.277180
vt 0.397810 0.277180
vt 0.617110 0.287175
vt 0.382890 0.287175
vt 0.618074 0.299197
vt 0.381926 0.299197
vt 0.384129 0.307438
vt 0.615871 0.307438
vt 0.401576 0.313725
vt 0.590828 0.319797
vt 0.598424 0.313725
vt 0.409172 0.319797
vt 0.582130 0.320991
vt 0.417870 0.320991
vt 0.578615 0.309394
vt 0.583998 0.312892
vt 0.421385 0.309394
vt 0.416002 0.312892
vt 0.589656 0.312336
vt 0.410344 0.312336
vt 0.596347 0.309249
vt 0.403653 0.309249
vt 0.606014 0.302517
vt 0.393986 0.302517
vt 0.607735 0.297520
vt 0.392265 0.297520
vt 0.606985 0.291216
vt 0.393015 0.291216
vt 0.598275 0.283083
vt 0.401725 0.283083
vt 0.589866 0.280167
vt 0.410134 0.280167
vt 0.576352 0.284624
vt 0.423648 0.284624
vt 0.572831 0.289915
vt 0.427169 0.289915
vt 0.573307 0.303342
vt 0.426693 0.303342
vt 0.572447 0.295716
vt 0.427553 0.295716
vt 0.529647 0.428636
vt 0.500000 0.428636
vt 0.470353 0.428636
vt 0.584616 0.428636
vt 0.415384 0.428636
vt 0.397739 0.395588
vt 0.377699 0.417889
vt 0.622301 0.417889
vt 0.333786 0.388954
vt 0.666214 0.388954
vt 0.298519 0.344467
vt 0.712163 0.315527
vt 0.701481 0.344467
vt 0.287837 0.315527
vt 0.310499 0.268805
vt 0.295695 0.260225
vt 0.672947 0.224880
vt 0.704305 0.260225
vt 0.327053 0.224880
vt 0.640497 0.198841
vt 0.359503 0.198841
vt 0.625128 0.029461
vt 0.598617 0.056841
vt 0.603553 0.023452
vt 0.374872 0.029461
vt 0.401383 0.056841
vt 0.364247 0.082198
vt 0.556354 0.040906
vt 0.546781 0.009442
vt 0.396447 0.023452
vt 0.443646 0.040906
vt 0.527159 0.049514
vt 0.500000 0.033223
vt 0.453219 0.009442
vt 0.472841 0.049514
vt 0.537222 0.060794
vt 0.462778 0.060794
vt 0.558499 0.065137
vt 0.441501 0.065137
vt 0.588127 0.085177
vt 0.411873 0.085177
vt 0.635753 0.082198
vt 0.607239 0.113940
vt 0.392761 0.113940
vt 0.612663 0.133675
vt 0.387337 0.133675
vt 0.394533 0.151503
vt 0.600708 0.162985
vt 0.399292 0.162985
vt 0.373395 0.208159
vt 0.859647 0.117994
vt 0.861342 0.027230
vt 0.922374 0.064228
vt 0.140353 0.117994
vt 0.138658 0.027230
vt 0.176713 0.101559
vt 0.823287 0.101559
vt 0.774604 0.010837
vt 0.225396 0.010837
vt 0.234137 0.087001
vt 0.661952 0.087561
vt 0.647010 0.028716
vt 0.338048 0.087561
vt 0.352990 0.028716
vt 0.743592 0.198572
vt 0.766410 0.233065
vt 0.256408 0.198572
vt 0.233590 0.233065
vt 0.889478 0.177602
vt 0.987633 0.154243
vt 0.110522 0.177602
vt 0.077626 0.064228
vt 0.844317 0.347370
vt 0.958963 0.357385
vt 0.899807 0.420886
vt 0.155683 0.347370
vt 0.041037 0.357385
vt 0.118831 0.309153
vt 0.903302 0.261367
vt 0.999860 0.253531
vt 0.096698 0.261367
vt 0.000140 0.253531
vt 0.012367 0.154243
vt 0.724763 0.340212
vt 0.744725 0.304629
vt 0.766113 0.319494
vt 0.255275 0.304629
vt 0.275237 0.340212
vt 0.233887 0.319494
vt 0.793427 0.280495
vt 0.826663 0.297810
vt 0.206573 0.280495
vt 0.173337 0.297810
vt 0.823620 0.254612
vt 0.855331 0.267956
vt 0.176380 0.254612
vt 0.144669 0.267956
vt 0.835860 0.225225
vt 0.868309 0.233525
vt 0.164140 0.225225
vt 0.131691 0.233525
vt 0.851288 0.181145
vt 0.813499 0.190705
vt 0.148712 0.181145
vt 0.881169 0.309153
vt 0.772263 0.374010
vt 0.744519 0.390057
vt 0.227737 0.374010
vt 0.824765 0.470987
vt 0.100193 0.420886
vt 0.742181 0.461543
vt 0.792141 0.464714
vt 0.257819 0.461543
vt 0.255481 0.390057
vt 0.273145 0.432574
vt 0.207859 0.464714
vt 0.175235 0.470987
vt 0.795638 0.489991
vt 0.204362 0.489991
vt 0.786137 0.227788
vt 0.213863 0.227788
vt 0.802950 0.203415
vt 0.197050 0.203415
vt 0.765863 0.087001
vt 0.691484 0.146686
vt 0.308516 0.146686
vt 0.230666 0.128771
vt 0.780113 0.169386
vt 0.219887 0.169386
vt 0.605467 0.151503
vt 0.803789 0.171181
vt 0.196211 0.171181
vt 0.169083 0.139518
vt 0.769334 0.128771
vt 0.830917 0.139518
vt 0.464516 0.959188
vt 0.545439 0.884582
vt 0.574628 0.959188
vt 0.285710 0.959188
vt 0.204787 0.884582
vt 0.272900 0.891852
vt 0.605134 0.846978
vt 0.715894 0.897069
vt 0.145092 0.846978
vt 0.175598 0.959188
vt 0.034332 0.897069
vt 0.683874 0.757011
vt 0.066352 0.757011
vt 0.144866 0.784410
vt 0.605360 0.784410
vt 0.617867 0.719156
vt 0.132359 0.719156
vt 0.175391 0.744212
vt 0.574835 0.744212
vt 0.568728 0.682132
vt 0.181498 0.682132
vt 0.215230 0.712528
vt 0.483006 0.686791
vt 0.508539 0.641024
vt 0.267220 0.686791
vt 0.241687 0.641024
vt 0.534996 0.712528
vt 0.478880 0.719593
vt 0.271346 0.719593
vt 0.513415 0.736977
vt 0.236811 0.736977
vt 0.557599 0.789442
vt 0.192627 0.789442
vt 0.209109 0.760754
vt 0.553841 0.821849
vt 0.196385 0.821849
vt 0.524671 0.842380
vt 0.225555 0.842380
vt 0.485193 0.845321
vt 0.265033 0.845321
vt 0.770208 0.191225
vt 0.229792 0.191225
vt 0.213850 0.181127
vt 0.409610 0.674022
vt 0.408153 0.587507
vt 0.340616 0.674022
vt 0.400301 0.910556
vt 0.477326 0.891852
vt 0.349925 0.910556
vt 0.443630 0.713731
vt 0.306596 0.713731
vt 0.392812 0.710774
vt 0.429725 0.728622
vt 0.357414 0.710774
vt 0.422979 0.754609
vt 0.432640 0.746527
vt 0.320501 0.728622
vt 0.327247 0.754609
vt 0.317586 0.746527
vt 0.391578 0.815187
vt 0.427719 0.796173
vt 0.358648 0.815187
vt 0.448277 0.830976
vt 0.414155 0.878318
vt 0.301949 0.830976
vt 0.322507 0.796173
vt 0.336071 0.878318
vt 0.797710 0.195652
vt 0.202290 0.195652
vt 0.197420 0.199758
vt 0.210391 0.184671
vt 0.786150 0.181127
vt 0.789609 0.184671
vt 0.466042 0.804091
vt 0.490498 0.816075
vt 0.284184 0.804091
vt 0.259728 0.816075
vt 0.302184 0.783921
vt 0.438745 0.764960
vt 0.448042 0.783921
vt 0.311481 0.764960
vt 0.305010 0.756351
vt 0.445216 0.756351
vt 0.300407 0.743458
vt 0.456307 0.732687
vt 0.449819 0.743458
vt 0.293919 0.732687
vt 0.475471 0.740871
vt 0.274755 0.740871
vt 0.514211 0.817769
vt 0.236015 0.817769
vt 0.527961 0.808598
vt 0.222265 0.808598
vt 0.530079 0.790754
vt 0.220147 0.790754
vt 0.518620 0.772385
vt 0.541117 0.760754
vt 0.231606 0.772385
vt 0.498668 0.755033
vt 0.251558 0.755033
vt 0.459660 0.770459
vt 0.290566 0.770459
vt 0.282197 0.756171
vt 0.468029 0.756171
vt 0.477354 0.785393
vt 0.272872 0.785393
vt 0.263059 0.769899
vt 0.504617 0.782999
vt 0.496545 0.797122
vt 0.245609 0.782999
vt 0.253681 0.797122
vt 0.513713 0.804019
vt 0.236513 0.804019
vt 0.234089 0.792591
vt 0.516137 0.792591
vt 0.574269 0.607668
vt 0.613510 0.655816
vt 0.175957 0.607668
vt 0.136716 0.655816
vt 0.644031 0.693270
vt 0.106195 0.693270
vt 0.668163 0.712097
vt 0.082063 0.712097
vt 0.676584 0.686010
vt 0.727131 0.698475
vt 0.073642 0.686010
vt 0.667013 0.640198
vt 0.729804 0.624370
vt 0.023095 0.698475
vt 0.083213 0.640198
vt 0.648152 0.594596
vt 0.721292 0.572934
vt 0.020422 0.624370
vt 0.102074 0.594596
vt 0.717709 0.538143
vt 0.630034 0.557583
vt 0.032517 0.538143
vt 0.028934 0.572934
vt 0.526877 0.539235
vt 0.120192 0.557583
vt 0.223349 0.539235
vt 0.342073 0.587507
vt 0.440865 0.334326
vt 0.186501 0.190705
vt 0.726855 0.432574
vt 0.802580 0.199758
vt 0.487167 0.769899
s 0
f 47/1/1 3/2/1 45/3/1
f 4/4/2 48/5/2 46/6/2
f 45/3/3 5/7/3 43/8/3
f 6/9/4 46/6/4 44/10/4
f 3/2/5 7/11/5 5/7/5
f 8/12/6 4/4/6 6/9/6
f 1/13/7 9/14/7 3/2/7
f 10/15/8 2/16/8 4/4/8
f 11/17/9 15/18/9 9/14/9
f 16/19/10 12/20/10 10/15/10
f 9/14/11 17/21/11 7/11/11
f 18/22/12 10/15/12 8/12/12
f 21/23/13 17/21/13 15/18/13
f 22/24/14 18/22/14 20/25/14
f 23/26/15 15/18/15 13/27/15
f 24/28/16 16/19/16 22/24/16
f 23/26/17 27/29/17 21/23/17
f 28/30/18 24/28/18 22/24/18
f 27/29/19 19/31/19 21/23/19
f 28/30/20 20/25/20 30/32/20
f 33/33/21 29/34/21 27/29/21
f 34/35/22 30/32/22 32/36/22
f 35/37/23 27/29/23 25/38/23
f 36/39/24 28/30/24 34/35/24
f 37/40/25 33/33/25 35/37/25
f 38/41/26 34/35/26 40/42/26
f 39/43/27 31/44/27 33/33/27
f 40/42/28 32/36/28 42/45/28
f 45/3/29 41/46/29 39/43/29
f 46/6/30 42/45/30 44/10/30
f 47/1/31 39/43/31 37/40/31
f 48/5/32 40/42/32 46/6/32
f 37/40/33 49/47/33 47/1/33
f 38/41/34 50/48/34 52/49/34
f 35/37/35 51/50/35 37/40/35
f 36/39/36 52/49/36 54/51/36
f 25/38/37 53/52/37 35/37/37
f 26/53/38 54/51/38 56/54/38
f 23/26/39 55/55/39 25/38/39
f 24/28/40 56/54/40 58/56/40
f 23/26/41 59/57/41 57/58/41
f 60/59/42 24/28/42 58/56/42
f 13/27/43 63/60/43 59/57/43
f 64/61/44 14/62/44 60/59/44
f 11/17/45 65/63/45 63/60/45
f 66/64/46 12/20/46 64/61/46
f 1/13/47 49/47/47 65/63/47
f 50/48/48 2/16/48 66/64/48
f 61/65/49 65/63/49 49/47/49
f 50/48/50 66/64/50 62/66/50
f 63/60/51 65/63/51 61/65/51
f 62/66/52 66/64/52 64/61/52
f 61/65/53 59/57/53 63/60/53
f 64/61/54 60/59/54 62/66/54
f 61/65/55 57/58/55 59/57/55
f 60/59/56 58/56/56 62/66/56
f 61/65/57 55/55/57 57/58/57
f 58/56/58 56/54/58 62/66/58
f 61/65/59 53/52/59 55/55/59
f 56/54/60 54/51/60 62/66/60
f 61/65/61 51/50/61 53/52/61
f 54/51/62 52/49/62 62/66/62
f 61/65/63 49/47/63 51/50/63
f 52/49/64 50/48/64 62/66/64
f 174/67/65 91/68/65 89/69/65
f 175/70/66 91/68/66 176/71/66
f 172/72/67 89/69/67 87/73/67
f 173/74/68 90/75/68 175/70/68
f 85/76/69 172/72/69 87/73/69
f 173/74/70 86/77/70 88/78/70
f 83/79/71 170/80/71 85/76/71
f 171/81/72 84/82/72 86/77/72
f 81/83/73 168/84/73 83/79/73
f 169/85/74 82/86/74 84/82/74
f 79/87/75 146/88/75 164/89/75
f 147/90/76 80/91/76 165/92/76
f 94/93/77 146/88/77 92/94/77
f 95/95/78 147/90/78 149/96/78
f 94/93/79 150/97/79 148/98/79
f 151/99/80 95/95/80 149/96/80
f 98/100/81 150/97/81 96/101/81
f 99/102/82 151/99/82 153/103/82
f 100/104/83 152/105/83 98/100/83
f 101/106/84 153/103/84 155/107/84
f 102/108/85 154/109/85 100/104/85
f 103/110/86 155/107/86 157/111/86
f 102/108/87 158/112/87 156/113/87
f 159/114/88 103/110/88 157/111/88
f 106/115/89 158/112/89 104/116/89
f 107/117/90 159/114/90 161/118/90
f 108/119/91 160/120/91 106/115/91
f 109/121/92 161/118/92 163/122/92
f 67/123/93 162/124/93 108/119/93
f 67/123/94 163/122/94 68/125/94
f 128/126/95 162/124/95 110/127/95
f 129/128/96 163/122/96 161/118/96
f 128/126/97 158/112/97 160/120/97
f 159/114/98 129/128/98 161/118/98
f 156/113/99 179/129/99 126/130/99
f 157/111/100 180/131/100 159/114/100
f 154/109/101 126/130/101 124/132/101
f 155/107/102 127/133/102 157/111/102
f 152/105/103 124/132/103 122/134/103
f 153/103/104 125/135/104 155/107/104
f 150/97/105 122/134/105 120/136/105
f 151/99/106 123/137/106 153/103/106
f 148/98/107 120/136/107 118/138/107
f 149/96/108 121/139/108 151/99/108
f 146/88/109 118/138/109 116/140/109
f 147/90/110 119/141/110 149/96/110
f 114/142/111 146/88/111 116/140/111
f 147/90/111 115/143/111 117/144/111
f 114/142/112 177/145/112 164/89/112
f 177/145/113 115/143/113 165/92/113
f 162/124/114 112/146/114 110/127/114
f 163/122/115 113/147/115 68/125/115
f 112/146/116 178/148/116 183/149/116
f 178/148/117 113/147/117 184/150/117
f 181/151/118 178/148/118 177/145/118
f 182/152/119 178/148/119 184/150/119
f 135/153/120 176/71/120 174/67/120
f 176/71/121 136/154/121 175/70/121
f 133/155/122 174/67/122 172/72/122
f 175/70/123 134/156/123 173/74/123
f 133/155/124 170/80/124 131/157/124
f 134/156/125 171/81/125 173/74/125
f 166/158/126 185/159/126 168/84/126
f 186/160/127 167/161/127 169/85/127
f 131/157/128 168/84/128 185/159/128
f 169/85/129 132/162/129 186/160/129
f 190/163/130 187/164/130 144/165/130
f 190/163/131 188/166/131 189/167/131
f 187/164/132 69/168/132 185/159/132
f 188/166/133 69/168/133 189/167/133
f 131/157/134 69/168/134 130/169/134
f 132/162/134 69/168/134 186/160/134
f 142/170/135 191/171/135 144/165/135
f 192/172/136 143/173/136 145/174/136
f 195/175/137 142/170/137 140/176/137
f 196/177/138 143/173/138 194/178/138
f 197/179/139 140/176/139 139/180/139
f 198/181/140 141/182/140 196/177/140
f 71/183/141 139/180/141 138/184/141
f 71/183/142 139/180/142 198/181/142
f 144/165/143 70/185/143 190/163/143
f 145/174/144 70/185/144 192/172/144
f 191/171/145 208/186/145 70/185/145
f 192/172/146 208/186/146 207/187/146
f 71/183/147 200/188/147 197/179/147
f 201/189/148 71/183/148 198/181/148
f 197/179/149 202/190/149 195/175/149
f 203/191/150 198/181/150 196/177/150
f 202/190/151 193/192/151 195/175/151
f 203/191/152 194/178/152 205/193/152
f 193/192/153 206/194/153 191/171/153
f 207/187/154 194/178/154 192/172/154
f 204/195/155 200/188/155 199/196/155
f 205/193/156 201/189/156 203/191/156
f 199/196/157 206/194/157 204/195/157
f 207/187/158 199/196/158 205/193/158
f 139/180/159 164/89/159 177/145/159
f 165/92/160 139/180/160 177/145/160
f 140/176/161 211/197/161 164/89/161
f 212/198/162 141/182/162 165/92/162
f 144/165/163 211/197/163 142/170/163
f 145/174/164 212/198/164 214/199/164
f 187/164/165 213/200/165 144/165/165
f 188/166/166 214/199/166 167/161/166
f 209/201/167 166/158/167 81/83/167
f 210/202/168 167/161/168 214/199/168
f 215/203/169 213/200/169 209/201/169
f 216/204/170 214/199/170 212/198/170
f 79/87/171 211/197/171 215/203/171
f 212/198/172 80/91/172 216/204/172
f 130/169/173 222/205/173 131/157/173
f 130/169/174 223/206/174 72/207/174
f 133/155/175 222/205/175 220/208/175
f 223/206/176 134/156/176 221/209/176
f 135/153/177 220/208/177 218/210/177
f 221/209/178 136/154/178 219/211/178
f 137/212/134 218/210/134 217/213/134
f 219/211/134 137/212/134 217/213/134
f 218/210/179 231/214/179 217/213/179
f 219/211/180 231/214/180 230/215/180
f 218/210/181 227/216/181 229/217/181
f 228/218/182 219/211/182 230/215/182
f 220/208/141 225/219/141 227/216/141
f 226/220/183 221/209/183 228/218/183
f 72/207/184 225/219/184 222/205/184
f 72/207/185 226/220/185 224/221/185
f 224/221/186 229/217/186 225/219/186
f 230/215/187 224/221/187 226/220/187
f 225/219/188 229/217/188 227/216/188
f 228/218/189 230/215/189 226/220/189
f 183/149/190 234/222/190 232/223/190
f 235/224/191 184/150/191 233/225/191
f 112/146/192 232/223/192 254/226/192
f 233/225/193 113/147/193 255/227/193
f 112/146/194 256/228/194 110/127/194
f 113/147/195 257/229/195 255/227/195
f 114/142/196 234/222/196 181/151/196
f 115/143/197 235/224/197 253/230/197
f 114/142/198 250/231/198 252/232/198
f 251/233/199 115/143/199 253/230/199
f 116/140/200 248/234/200 250/231/200
f 249/235/201 117/144/201 251/233/201
f 118/138/202 246/236/202 248/234/202
f 247/237/203 119/141/203 249/235/203
f 120/136/204 244/238/204 246/236/204
f 245/239/205 121/139/205 247/237/205
f 124/132/206 244/238/206 122/134/206
f 125/135/207 245/239/207 243/240/207
f 126/130/208 242/241/208 124/132/208
f 127/133/209 243/240/209 241/242/209
f 126/130/210 236/243/210 240/244/210
f 237/245/211 127/133/211 241/242/211
f 179/129/212 238/246/212 236/243/212
f 239/247/213 180/131/213 237/245/213
f 128/126/214 256/228/214 238/246/214
f 257/229/215 129/128/215 239/247/215
f 238/246/216 258/248/216 276/249/216
f 259/250/217 239/247/217 277/251/217
f 236/243/218 276/249/218 278/252/218
f 277/251/219 237/245/219 279/253/219
f 236/243/220 274/254/220 240/244/220
f 237/245/221 275/255/221 279/253/221
f 240/244/222 272/256/222 242/241/222
f 241/242/223 273/257/223 275/255/223
f 244/238/224 272/256/224 270/258/224
f 273/257/225 245/239/225 271/259/225
f 244/238/226 268/260/226 246/236/226
f 245/239/227 269/261/227 271/259/227
f 248/234/228 268/260/228 266/262/228
f 269/261/229 249/235/229 267/263/229
f 248/234/230 264/264/230 250/231/230
f 249/235/231 265/265/231 267/263/231
f 250/231/232 262/266/232 252/232/232
f 251/233/233 263/267/233 265/265/233
f 234/222/234 262/266/234 280/268/234
f 263/267/235 235/224/235 281/269/235
f 256/228/236 260/270/236 258/248/236
f 261/271/237 257/229/237 259/250/237
f 254/226/238 282/272/238 260/270/238
f 283/273/239 255/227/239 261/271/239
f 232/223/240 280/268/240 282/272/240
f 281/269/241 233/225/241 283/273/241
f 67/123/242 284/274/242 73/275/242
f 285/276/243 67/123/243 73/275/243
f 108/119/244 286/277/244 284/274/244
f 287/278/245 109/121/245 285/276/245
f 104/116/246 286/277/246 106/115/246
f 105/279/247 287/278/247 289/280/247
f 102/108/248 288/281/248 104/116/248
f 103/110/249 289/280/249 291/282/249
f 100/104/250 290/283/250 102/108/250
f 101/106/251 291/282/251 293/284/251
f 100/104/252 294/285/252 292/286/252
f 295/287/253 101/106/253 293/284/253
f 96/101/254 294/285/254 98/100/254
f 97/288/255 295/287/255 297/289/255
f 96/101/256 298/290/256 296/291/256
f 299/292/257 97/288/257 297/289/257
f 94/93/258 300/293/258 298/290/258
f 301/294/259 95/95/259 299/292/259
f 309/295/260 338/296/260 308/297/260
f 309/298/261 339/299/261 329/300/261
f 308/297/262 336/301/262 307/302/262
f 308/303/263 337/304/263 339/299/263
f 307/302/264 340/305/264 306/306/264
f 307/307/265 341/308/265 337/304/265
f 89/69/266 306/306/266 340/305/266
f 306/306/267 90/75/267 341/308/267
f 87/73/268 340/305/268 334/309/268
f 341/308/269 88/78/269 335/310/269
f 85/76/270 334/309/270 330/311/270
f 335/310/271 86/77/271 331/312/271
f 83/79/272 330/311/272 332/313/272
f 331/312/273 84/82/273 333/314/273
f 330/311/274 338/296/274 332/313/274
f 339/299/275 331/312/275 333/314/275
f 334/309/276 336/301/276 330/311/276
f 335/310/277 337/304/277 341/308/277
f 332/313/278 328/315/278 326/316/278
f 333/314/279 329/300/279 339/299/279
f 81/83/280 332/313/280 326/316/280
f 333/314/281 82/86/281 327/317/281
f 342/318/282 215/203/282 209/201/282
f 343/319/283 216/204/283 345/320/283
f 326/316/284 209/201/284 81/83/284
f 327/317/285 210/202/285 343/319/285
f 215/203/286 346/321/286 79/87/286
f 216/204/287 347/322/287 345/320/287
f 346/321/288 92/94/288 79/87/288
f 347/322/289 93/323/289 301/294/289
f 324/324/290 304/325/290 77/326/290
f 325/327/291 304/328/291 353/329/291
f 352/330/292 78/331/292 304/325/292
f 353/329/293 78/332/293 351/333/293
f 78/331/294 348/334/294 305/335/294
f 349/336/295 78/332/295 305/337/295
f 305/335/296 328/315/296 309/295/296
f 329/300/297 305/337/297 309/298/297
f 328/315/298 342/318/298 326/316/298
f 329/300/299 343/319/299 349/336/299
f 296/291/300 318/338/300 310/339/300
f 319/340/301 297/289/301 311/341/301
f 316/342/302 77/326/302 76/343/302
f 317/344/303 77/345/303 325/327/303
f 358/346/304 303/347/304 302/348/304
f 359/349/305 303/350/305 357/351/305
f 303/347/306 354/352/306 75/353/306
f 355/354/307 303/350/307 75/355/307
f 75/353/308 316/342/308 76/343/308
f 317/344/309 75/355/309 76/356/309
f 292/357/310 362/358/310 364/359/310
f 363/360/311 293/361/311 365/362/311
f 364/359/312 368/363/312 366/364/312
f 369/365/313 365/362/313 367/366/313
f 366/364/314 370/367/314 372/368/314
f 371/369/315 367/366/315 373/370/315
f 372/368/316 376/371/316 374/372/316
f 377/373/317 373/370/317 375/374/317
f 378/375/318 376/371/318 314/376/318
f 379/377/319 377/373/319 375/374/319
f 316/342/320 374/372/320 378/375/320
f 375/374/321 317/344/321 379/377/321
f 354/352/322 372/368/322 374/372/322
f 373/370/323 355/354/323 375/374/323
f 356/378/324 366/364/324 372/368/324
f 367/366/325 357/351/325 373/370/325
f 358/346/326 364/359/326 366/364/326
f 365/362/327 359/349/327 367/366/327
f 292/357/328 360/379/328 290/380/328
f 293/361/329 361/381/329 365/362/329
f 360/379/330 302/348/330 74/382/330
f 361/381/331 302/383/331 359/349/331
f 286/384/332 290/380/332 284/385/332
f 287/386/333 291/387/333 289/388/333
f 284/385/334 360/379/334 74/382/334
f 361/381/335 285/389/335 74/390/335
f 73/391/336 284/385/336 74/382/336
f 74/390/337 285/389/337 73/392/337
f 296/291/338 362/358/338 294/285/338
f 297/289/339 363/360/339 311/341/339
f 310/339/340 368/363/340 362/358/340
f 369/365/341 311/341/341 363/360/341
f 312/393/342 370/367/342 368/363/342
f 371/369/343 313/394/343 369/365/343
f 376/371/344 382/395/344 314/376/344
f 377/373/345 383/396/345 371/369/345
f 350/397/346 384/398/346 348/334/346
f 351/333/347 385/399/347 387/400/347
f 384/398/348 320/401/348 318/338/348
f 385/399/349 321/402/349 387/400/349
f 298/290/350 384/398/350 318/338/350
f 385/399/351 299/292/351 319/340/351
f 300/293/352 342/318/352 384/398/352
f 343/319/353 301/294/353 385/399/353
f 342/318/354 348/334/354 384/398/354
f 385/399/355 349/336/355 343/319/355
f 300/293/356 346/321/356 344/403/356
f 345/320/357 347/322/357 301/294/357
f 322/404/358 378/375/358 314/376/358
f 323/405/359 379/377/359 381/406/359
f 378/375/360 324/324/360 316/342/360
f 379/377/361 325/327/361 381/406/361
f 386/407/362 322/404/362 320/401/362
f 387/400/363 323/405/363 381/406/363
f 352/330/364 386/407/364 350/397/364
f 353/329/365 387/400/365 381/406/365
f 324/324/366 380/408/366 352/330/366
f 353/329/367 381/406/367 325/327/367
f 388/409/368 402/410/368 400/411/368
f 389/412/369 403/413/369 415/414/369
f 400/411/370 404/415/370 398/416/370
f 405/417/371 401/418/371 399/419/371
f 404/415/372 396/420/372 398/416/372
f 405/417/373 397/421/373 407/422/373
f 406/423/374 394/424/374 396/420/374
f 407/422/375 395/425/375 409/426/375
f 408/427/376 392/428/376 394/424/376
f 409/426/377 393/429/377 411/430/377
f 392/428/378 412/431/378 390/432/378
f 413/433/379 393/429/379 391/434/379
f 410/435/380 418/436/380 412/431/380
f 419/437/381 411/430/381 413/433/381
f 408/427/382 420/438/382 410/435/382
f 421/439/383 409/426/383 411/430/383
f 424/440/384 408/427/384 406/423/384
f 425/441/385 409/426/385 423/442/385
f 426/443/386 406/423/386 404/415/386
f 427/444/387 407/422/387 425/441/387
f 428/445/388 404/415/388 402/410/388
f 429/446/389 405/417/389 427/444/389
f 402/410/390 416/447/390 428/445/390
f 417/448/391 403/413/391 429/446/391
f 320/401/392 442/449/392 318/338/392
f 321/402/393 443/450/393 445/451/393
f 390/432/394 444/452/394 320/453/394
f 391/434/395 445/454/395 413/433/395
f 310/339/396 442/449/396 312/393/396
f 443/450/397 311/341/397 313/394/397
f 382/455/398 414/456/398 388/409/398
f 415/414/399 383/457/399 389/412/399
f 412/431/400 440/458/400 444/452/400
f 441/459/401 413/433/401 445/454/401
f 446/460/402 440/458/402 438/461/402
f 447/462/403 441/459/403 445/454/403
f 434/463/134 438/461/134 436/464/134
f 439/465/134 435/466/134 437/467/134
f 448/468/404 434/463/404 432/469/404
f 449/470/405 435/466/405 447/462/405
f 448/468/406 450/471/406 430/472/406
f 449/470/407 451/473/407 433/474/407
f 430/472/408 416/447/408 414/456/408
f 431/475/409 417/448/409 451/473/409
f 448/476/410 382/395/410 312/393/410
f 449/477/411 383/396/411 431/478/411
f 442/449/412 448/476/412 312/393/412
f 443/450/413 449/477/413 447/479/413
f 442/449/414 444/480/414 446/481/414
f 447/479/415 445/451/415 443/450/415
f 416/447/416 452/482/416 476/483/416
f 453/484/417 417/448/417 477/485/417
f 432/469/418 452/482/418 450/471/418
f 433/474/419 453/484/419 463/486/419
f 432/469/420 460/487/420 462/488/420
f 461/489/421 433/474/421 463/486/421
f 436/464/422 460/487/422 434/463/422
f 437/467/423 461/489/423 459/490/423
f 438/461/424 458/491/424 436/464/424
f 439/465/425 459/490/425 457/492/425
f 438/461/426 454/493/426 456/494/426
f 455/495/427 439/465/427 457/492/427
f 440/458/428 474/496/428 454/493/428
f 475/497/428 441/459/428 455/495/428
f 428/445/429 476/483/429 464/498/429
f 477/485/430 429/446/430 465/499/430
f 426/443/431 464/498/431 466/500/431
f 465/499/432 427/444/432 467/501/432
f 424/440/433 466/500/433 468/502/433
f 467/501/434 425/441/434 469/503/434
f 424/440/435 470/504/435 422/505/435
f 425/441/436 471/506/436 469/503/436
f 422/505/437 472/507/437 420/438/437
f 423/442/438 473/508/438 471/506/438
f 420/438/439 474/496/439 418/436/439
f 421/439/440 475/497/440 473/508/440
f 456/494/441 478/509/441 458/491/441
f 457/492/442 479/510/442 481/511/442
f 480/512/443 484/513/443 478/509/443
f 481/511/444 485/514/444 483/515/444
f 484/513/445 488/516/445 486/517/445
f 489/518/446 485/514/446 487/519/446
f 488/516/447 492/520/447 486/517/447
f 489/518/448 493/521/448 491/522/448
f 464/498/449 486/517/449 492/520/449
f 487/519/450 465/499/450 493/521/450
f 484/513/451 476/483/451 452/482/451
f 485/514/452 477/485/452 487/519/452
f 462/488/453 484/513/453 452/482/453
f 463/486/454 485/514/454 479/510/454
f 458/491/134 462/488/134 460/487/134
f 463/486/134 459/490/134 461/489/134
f 474/496/455 456/494/455 454/493/455
f 475/497/456 457/492/456 481/511/456
f 472/507/457 480/512/457 474/496/457
f 481/511/458 473/508/458 475/497/458
f 488/516/459 472/507/459 470/504/459
f 489/518/460 473/508/460 483/515/460
f 490/523/461 470/504/461 468/502/461
f 491/522/462 471/506/462 489/518/462
f 466/500/463 490/523/463 468/502/463
f 491/522/464 467/501/464 469/503/464
f 464/498/465 492/520/465 466/500/465
f 467/501/466 493/521/466 465/499/466
f 392/428/467 504/524/467 502/525/467
f 505/526/468 393/429/468 503/527/468
f 394/424/469 502/525/469 500/528/469
f 503/527/470 395/425/470 501/529/470
f 394/424/471 498/530/471 396/420/471
f 395/425/472 499/531/472 501/529/472
f 396/420/473 496/532/473 398/533/473
f 397/421/474 497/534/474 499/531/474
f 398/533/475 494/535/475 400/536/475
f 399/537/476 495/538/476 497/534/476
f 400/536/477 506/539/477 388/540/477
f 401/541/478 507/542/478 495/538/478
f 502/525/479 506/539/479 494/535/479
f 503/527/480 507/542/480 505/526/480
f 494/535/481 500/528/481 502/525/481
f 501/529/482 495/538/482 503/527/482
f 496/532/483 498/530/483 500/528/483
f 501/529/484 499/531/484 497/534/484
f 382/543/485 506/539/485 314/544/485
f 383/545/486 507/542/486 389/546/486
f 314/544/487 504/524/487 322/547/487
f 505/526/488 315/548/488 323/549/488
f 320/453/489 504/524/489 390/432/489
f 505/526/490 321/550/490 391/434/490
f 47/1/491 1/13/491 3/2/491
f 4/4/492 2/16/492 48/5/492
f 45/3/493 3/2/493 5/7/493
f 6/9/494 4/4/494 46/6/494
f 3/2/495 9/14/495 7/11/495
f 8/12/496 10/15/496 4/4/496
f 1/13/497 11/17/497 9/14/497
f 10/15/498 12/20/498 2/16/498
f 11/17/499 13/27/499 15/18/499
f 16/19/500 14/62/500 12/20/500
f 9/14/501 15/18/501 17/21/501
f 18/22/502 16/19/502 10/15/502
f 21/23/503 19/31/503 17/21/503
f 22/24/504 16/19/504 18/22/504
f 23/26/505 21/23/505 15/18/505
f 24/28/506 14/62/506 16/19/506
f 23/26/507 25/38/507 27/29/507
f 28/30/508 26/53/508 24/28/508
f 27/29/509 29/34/509 19/31/509
f 28/30/510 22/24/510 20/25/510
f 33/33/511 31/44/511 29/34/511
f 34/35/512 28/30/512 30/32/512
f 35/37/513 33/33/513 27/29/513
f 36/39/514 26/53/514 28/30/514
f 37/40/515 39/43/515 33/33/515
f 38/41/516 36/39/516 34/35/516
f 39/43/517 41/46/517 31/44/517
f 40/42/518 34/35/518 32/36/518
f 45/3/519 43/8/519 41/46/519
f 46/6/520 40/42/520 42/45/520
f 47/1/521 45/3/521 39/43/521
f 48/5/522 38/41/522 40/42/522
f 37/40/523 51/50/523 49/47/523
f 38/41/524 48/5/524 50/48/524
f 35/37/525 53/52/525 51/50/525
f 36/39/526 38/41/526 52/49/526
f 25/38/527 55/55/527 53/52/527
f 26/53/528 36/39/528 54/51/528
f 23/26/529 57/58/529 55/55/529
f 24/28/530 26/53/530 56/54/530
f 23/26/531 13/27/531 59/57/531
f 60/59/532 14/62/532 24/28/532
f 13/27/533 11/17/533 63/60/533
f 64/61/534 12/20/534 14/62/534
f 11/17/535 1/13/535 65/63/535
f 66/64/536 2/16/536 12/20/536
f 1/13/537 47/1/537 49/47/537
f 50/48/538 48/5/538 2/16/538
f 174/67/539 176/71/539 91/68/539
f 175/70/540 90/75/540 91/68/540
f 172/72/541 174/67/541 89/69/541
f 173/74/542 88/78/542 90/75/542
f 85/76/543 170/80/543 172/72/543
f 173/74/544 171/81/544 86/77/544
f 83/79/545 168/84/545 170/80/545
f 171/81/546 169/85/546 84/82/546
f 81/83/547 166/158/547 168/84/547
f 169/85/548 167/161/548 82/86/548
f 79/87/549 92/94/549 146/88/549
f 147/90/550 93/323/550 80/91/550
f 94/93/551 148/98/551 146/88/551
f 95/95/552 93/323/552 147/90/552
f 94/93/553 96/101/553 150/97/553
f 151/99/554 97/288/554 95/95/554
f 98/100/555 152/105/555 150/97/555
f 99/102/556 97/288/556 151/99/556
f 100/104/557 154/109/557 152/105/557
f 101/106/558 99/102/558 153/103/558
f 102/108/559 156/113/559 154/109/559
f 103/110/560 101/106/560 155/107/560
f 102/108/561 104/116/561 158/112/561
f 159/114/562 105/279/562 103/110/562
f 106/115/563 160/120/563 158/112/563
f 107/117/564 105/279/564 159/114/564
f 108/119/565 162/124/565 160/120/565
f 109/121/566 107/117/566 161/118/566
f 67/123/567 68/125/567 162/124/567
f 67/123/568 109/121/568 163/122/568
f 128/126/569 160/120/569 162/124/569
f 129/128/570 111/551/570 163/122/570
f 128/126/571 179/129/571 158/112/571
f 159/114/572 180/131/572 129/128/572
f 156/113/573 158/112/573 179/129/573
f 157/111/574 127/133/574 180/131/574
f 154/109/575 156/113/575 126/130/575
f 155/107/576 125/135/576 127/133/576
f 152/105/577 154/109/577 124/132/577
f 153/103/578 123/137/578 125/135/578
f 150/97/579 152/105/579 122/134/579
f 151/99/580 121/139/580 123/137/580
f 148/98/581 150/97/581 120/136/581
f 149/96/582 119/141/582 121/139/582
f 146/88/583 148/98/583 118/138/583
f 147/90/584 117/144/584 119/141/584
f 114/142/585 164/89/585 146/88/585
f 147/90/586 165/92/586 115/143/586
f 114/142/587 181/151/587 177/145/587
f 177/145/588 182/152/588 115/143/588
f 162/124/589 68/125/589 112/146/589
f 163/122/590 111/551/590 113/147/590
f 112/146/591 68/125/591 178/148/591
f 178/148/592 68/125/592 113/147/592
f 181/151/593 183/149/593 178/148/593
f 182/152/594 177/145/594 178/148/594
f 135/153/595 137/212/595 176/71/595
f 176/71/596 137/212/596 136/154/596
f 133/155/597 135/153/597 174/67/597
f 175/70/598 136/154/598 134/156/598
f 133/155/599 172/72/599 170/80/599
f 134/156/600 132/162/600 171/81/600
f 166/158/601 187/164/601 185/159/601
f 186/160/602 188/166/602 167/161/602
f 131/157/603 170/80/603 168/84/603
f 169/85/604 171/81/604 132/162/604
f 190/163/131 189/167/131 187/164/131
f 190/163/605 145/174/605 188/166/605
f 187/164/133 189/167/133 69/168/133
f 188/166/606 186/160/606 69/168/606
f 131/157/134 185/159/134 69/168/134
f 132/162/134 130/169/134 69/168/134
f 142/170/607 193/192/607 191/171/607
f 192/172/608 194/178/608 143/173/608
f 195/175/609 193/192/609 142/170/609
f 196/177/610 141/182/610 143/173/610
f 197/179/611 195/175/611 140/176/611
f 198/181/612 139/180/612 141/182/612
f 71/183/613 197/179/613 139/180/613
f 144/165/614 191/171/614 70/185/614
f 145/174/615 190/163/615 70/185/615
f 191/171/145 206/194/145 208/186/145
f 192/172/146 70/185/146 208/186/146
f 71/183/616 199/196/616 200/188/616
f 201/189/617 199/196/617 71/183/617
f 197/179/618 200/188/618 202/190/618
f 203/191/619 201/189/619 198/181/619
f 202/190/620 204/195/620 193/192/620
f 203/191/621 196/177/621 194/178/621
f 193/192/622 204/195/622 206/194/622
f 207/187/623 205/193/623 194/178/623
f 204/195/624 202/190/624 200/188/624
f 205/193/625 199/196/625 201/189/625
f 199/196/626 208/186/626 206/194/626
f 207/187/627 208/186/627 199/196/627
f 139/180/628 140/176/628 164/89/628
f 165/92/629 141/182/629 139/180/629
f 140/176/630 142/170/630 211/197/630
f 212/198/631 143/173/631 141/182/631
f 144/165/632 213/200/632 211/197/632
f 145/174/633 143/173/633 212/198/633
f 187/164/634 166/158/634 213/200/634
f 188/166/635 145/174/635 214/199/635
f 209/201/636 213/200/636 166/158/636
f 210/202/637 82/86/637 167/161/637
f 215/203/638 211/197/638 213/200/638
f 216/204/639 210/202/639 214/199/639
f 79/87/640 164/89/640 211/197/640
f 212/198/641 165/92/641 80/91/641
f 130/169/642 72/207/642 222/205/642
f 130/169/643 132/162/643 223/206/643
f 133/155/644 131/157/644 222/205/644
f 223/206/645 132/162/645 134/156/645
f 135/153/646 133/155/646 220/208/646
f 221/209/647 134/156/647 136/154/647
f 137/212/648 135/153/648 218/210/648
f 219/211/649 136/154/649 137/212/649
f 218/210/179 229/217/179 231/214/179
f 219/211/180 217/213/180 231/214/180
f 218/210/650 220/208/650 227/216/650
f 228/218/651 221/209/651 219/211/651
f 220/208/141 222/205/141 225/219/141
f 226/220/183 223/206/183 221/209/183
f 72/207/184 224/221/184 225/219/184
f 72/207/185 223/206/185 226/220/185
f 224/221/652 231/214/652 229/217/652
f 230/215/653 231/214/653 224/221/653
f 183/149/654 181/151/654 234/222/654
f 235/224/655 182/152/655 184/150/655
f 112/146/656 183/149/656 232/223/656
f 233/225/657 184/150/657 113/147/657
f 112/146/658 254/226/658 256/228/658
f 113/147/659 111/551/659 257/229/659
f 114/142/660 252/232/660 234/222/660
f 115/143/661 182/152/661 235/224/661
f 114/142/662 116/140/662 250/231/662
f 251/233/663 117/144/663 115/143/663
f 116/140/664 118/138/664 248/234/664
f 249/235/665 119/141/665 117/144/665
f 118/138/666 120/136/666 246/236/666
f 247/237/667 121/139/667 119/141/667
f 120/136/668 122/134/668 244/238/668
f 245/239/669 123/137/669 121/139/669
f 124/132/670 242/241/670 244/238/670
f 125/135/671 123/137/671 245/239/671
f 126/130/672 240/244/672 242/241/672
f 127/133/673 125/135/673 243/240/673
f 126/130/674 179/129/674 236/243/674
f 237/245/675 180/131/675 127/133/675
f 179/129/676 128/126/676 238/246/676
f 239/247/677 129/128/677 180/131/677
f 128/126/678 110/127/678 256/228/678
f 257/229/679 111/551/679 129/128/679
f 238/246/680 256/228/680 258/248/680
f 259/250/681 257/229/681 239/247/681
f 236/243/682 238/246/682 276/249/682
f 277/251/683 239/247/683 237/245/683
f 236/243/684 278/252/684 274/254/684
f 237/245/685 241/242/685 275/255/685
f 240/244/686 274/254/686 272/256/686
f 241/242/687 243/240/687 273/257/687
f 244/238/688 242/241/688 272/256/688
f 273/257/689 243/240/689 245/239/689
f 244/238/690 270/258/690 268/260/690
f 245/239/691 247/237/691 269/261/691
f 248/234/692 246/236/692 268/260/692
f 269/261/693 247/237/693 249/235/693
f 248/234/694 266/262/694 264/264/694
f 249/235/695 251/233/695 265/265/695
f 250/231/696 264/264/696 262/266/696
f 251/233/697 253/230/697 263/267/697
f 234/222/234 252/232/234 262/266/234
f 263/267/235 253/230/235 235/224/235
f 256/228/698 254/226/698 260/270/698
f 261/271/699 255/227/699 257/229/699
f 254/226/700 232/223/700 282/272/700
f 283/273/701 233/225/701 255/227/701
f 232/223/702 234/222/702 280/268/702
f 281/269/703 235/224/703 233/225/703
f 67/123/704 108/119/704 284/274/704
f 285/276/705 109/121/705 67/123/705
f 108/119/706 106/115/706 286/277/706
f 287/278/707 107/117/707 109/121/707
f 104/116/708 288/281/708 286/277/708
f 105/279/709 107/117/709 287/278/709
f 102/108/710 290/283/710 288/281/710
f 103/110/711 105/279/711 289/280/711
f 100/104/712 292/286/712 290/283/712
f 101/106/713 103/110/713 291/282/713
f 100/104/714 98/100/714 294/285/714
f 295/287/715 99/102/715 101/106/715
f 96/101/716 296/291/716 294/285/716
f 97/288/717 99/102/717 295/287/717
f 96/101/718 94/93/718 298/290/718
f 299/292/719 95/95/719 97/288/719
f 94/93/720 92/94/720 300/293/720
f 301/294/721 93/323/721 95/95/721
f 309/295/722 328/315/722 338/296/722
f 309/298/723 308/303/723 339/299/723
f 308/297/724 338/296/724 336/301/724
f 308/303/725 307/307/725 337/304/725
f 307/302/726 336/301/726 340/305/726
f 307/307/727 306/306/727 341/308/727
f 89/69/728 91/68/728 306/306/728
f 306/306/729 91/68/729 90/75/729
f 87/73/730 89/69/730 340/305/730
f 341/308/731 90/75/731 88/78/731
f 85/76/732 87/73/732 334/309/732
f 335/310/733 88/78/733 86/77/733
f 83/79/734 85/76/734 330/311/734
f 331/312/735 86/77/735 84/82/735
f 330/311/736 336/301/736 338/296/736
f 339/299/737 337/304/737 331/312/737
f 334/309/738 340/305/738 336/301/738
f 335/310/739 331/312/739 337/304/739
f 332/313/740 338/296/740 328/315/740
f 333/314/741 327/317/741 329/300/741
f 81/83/742 83/79/742 332/313/742
f 333/314/743 84/82/743 82/86/743
f 342/318/744 344/403/744 215/203/744
f 343/319/745 210/202/745 216/204/745
f 326/316/746 342/318/746 209/201/746
f 327/317/747 82/86/747 210/202/747
f 215/203/748 344/403/748 346/321/748
f 216/204/749 80/91/749 347/322/749
f 346/321/750 300/293/750 92/94/750
f 347/322/751 80/91/751 93/323/751
f 324/324/752 352/330/752 304/325/752
f 325/327/753 77/345/753 304/328/753
f 352/330/754 350/397/754 78/331/754
f 353/329/755 304/328/755 78/332/755
f 78/331/756 350/397/756 348/334/756
f 349/336/757 351/333/757 78/332/757
f 305/335/758 348/334/758 328/315/758
f 329/300/759 349/336/759 305/337/759
f 328/315/760 348/334/760 342/318/760
f 329/300/761 327/317/761 343/319/761
f 296/291/762 298/290/762 318/338/762
f 319/340/763 299/292/763 297/289/763
f 316/342/764 324/324/764 77/326/764
f 317/344/765 76/356/765 77/345/765
f 358/346/766 356/378/766 303/347/766
f 359/349/767 302/383/767 303/350/767
f 303/347/768 356/378/768 354/352/768
f 355/354/769 357/351/769 303/350/769
f 75/353/770 354/352/770 316/342/770
f 317/344/771 355/354/771 75/355/771
f 292/357/772 294/285/772 362/358/772
f 363/360/773 295/287/773 293/361/773
f 364/359/774 362/358/774 368/363/774
f 369/365/775 363/360/775 365/362/775
f 366/364/776 368/363/776 370/367/776
f 371/369/777 369/365/777 367/366/777
f 372/368/778 370/367/778 376/371/778
f 377/373/779 371/369/779 373/370/779
f 378/375/780 374/372/780 376/371/780
f 379/377/781 315/552/781 377/373/781
f 316/342/782 354/352/782 374/372/782
f 375/374/783 355/354/783 317/344/783
f 354/352/784 356/378/784 372/368/784
f 373/370/785 357/351/785 355/354/785
f 356/378/786 358/346/786 366/364/786
f 367/366/787 359/349/787 357/351/787
f 358/346/788 360/379/788 364/359/788
f 365/362/789 361/381/789 359/349/789
f 292/357/790 364/359/790 360/379/790
f 293/361/791 291/387/791 361/381/791
f 360/379/792 358/346/792 302/348/792
f 361/381/793 74/390/793 302/383/793
f 286/384/794 288/553/794 290/380/794
f 287/386/795 285/389/795 291/387/795
f 284/385/796 290/380/796 360/379/796
f 361/381/797 291/387/797 285/389/797
f 296/291/798 310/339/798 362/358/798
f 297/289/799 295/287/799 363/360/799
f 310/339/800 312/393/800 368/363/800
f 369/365/801 313/394/801 311/341/801
f 312/393/802 382/395/802 370/367/802
f 371/369/803 383/396/803 313/394/803
f 376/371/804 370/367/804 382/395/804
f 377/373/805 315/552/805 383/396/805
f 350/397/806 386/407/806 384/398/806
f 351/333/807 349/336/807 385/399/807
f 384/398/808 386/407/808 320/401/808
f 385/399/809 319/340/809 321/402/809
f 298/290/810 300/293/810 384/398/810
f 385/399/811 301/294/811 299/292/811
f 300/293/812 344/403/812 342/318/812
f 343/319/813 345/320/813 301/294/813
f 322/404/814 380/408/814 378/375/814
f 323/405/815 315/552/815 379/377/815
f 378/375/816 380/408/816 324/324/816
f 379/377/817 317/344/817 325/327/817
f 386/407/818 380/408/818 322/404/818
f 387/400/819 321/402/819 323/405/819
f 352/330/820 380/408/820 386/407/820
f 353/329/821 351/333/821 387/400/821
f 388/409/822 414/456/822 402/410/822
f 389/412/823 401/418/823 403/413/823
f 400/411/824 402/410/824 404/415/824
f 405/417/825 403/413/825 401/418/825
f 404/415/826 406/423/826 396/420/826
f 405/417/827 399/419/827 397/421/827
f 406/423/828 408/427/828 394/424/828
f 407/422/829 397/421/829 395/425/829
f 408/427/830 410/435/830 392/428/830
f 409/426/831 395/425/831 393/429/831
f 392/428/832 410/435/832 412/431/832
f 413/433/833 411/430/833 393/429/833
f 410/435/834 420/438/834 418/436/834
f 419/437/835 421/439/835 411/430/835
f 408/427/836 422/505/836 420/438/836
f 421/439/837 423/442/837 409/426/837
f 424/440/838 422/505/838 408/427/838
f 425/441/839 407/422/839 409/426/839
f 426/443/840 424/440/840 406/423/840
f 427/444/841 405/417/841 407/422/841
f 428/445/842 426/443/842 404/415/842
f 429/446/843 403/413/843 405/417/843
f 402/410/844 414/456/844 416/447/844
f 417/448/845 415/414/845 403/413/845
f 320/401/846 444/480/846 442/449/846
f 321/402/847 319/340/847 443/450/847
f 390/432/848 412/431/848 444/452/848
f 391/434/849 321/550/849 445/454/849
f 310/339/850 318/338/850 442/449/850
f 443/450/851 319/340/851 311/341/851
f 382/455/852 430/472/852 414/456/852
f 415/414/853 431/475/853 383/457/853
f 412/431/854 418/436/854 440/458/854
f 441/459/855 419/437/855 413/433/855
f 446/460/856 444/452/856 440/458/856
f 447/462/857 439/465/857 441/459/857
f 434/463/858 446/460/858 438/461/858
f 439/465/859 447/462/859 435/466/859
f 448/468/860 446/460/860 434/463/860
f 449/470/861 433/474/861 435/466/861
f 448/468/862 432/469/862 450/471/862
f 449/470/863 431/475/863 451/473/863
f 430/472/864 450/471/864 416/447/864
f 431/475/865 415/414/865 417/448/865
f 448/476/866 430/554/866 382/395/866
f 449/477/867 313/394/867 383/396/867
f 442/449/868 446/481/868 448/476/868
f 443/450/869 313/394/869 449/477/869
f 416/447/870 450/471/870 452/482/870
f 453/484/871 451/473/871 417/448/871
f 432/469/872 462/488/872 452/482/872
f 433/474/873 451/473/873 453/484/873
f 432/469/420 434/463/420 460/487/420
f 461/489/421 435/466/421 433/474/421
f 436/464/874 458/491/874 460/487/874
f 437/467/875 435/466/875 461/489/875
f 438/461/876 456/494/876 458/491/876
f 439/465/877 437/467/877 459/490/877
f 438/461/878 440/458/878 454/493/878
f 455/495/879 441/459/879 439/465/879
f 440/458/880 418/436/880 474/496/880
f 475/497/881 419/437/881 441/459/881
f 428/445/882 416/447/882 476/483/882
f 477/485/883 417/448/883 429/446/883
f 426/443/884 428/445/884 464/498/884
f 465/499/885 429/446/885 427/444/885
f 424/440/886 426/443/886 466/500/886
f 467/501/887 427/444/887 425/441/887
f 424/440/888 468/502/888 470/504/888
f 425/441/889 423/442/889 471/506/889
f 422/505/890 470/504/890 472/507/890
f 423/442/891 421/439/891 473/508/891
f 420/438/892 472/507/892 474/496/892
f 421/439/893 419/437/893 475/497/893
f 456/494/894 480/512/894 478/509/894
f 457/492/895 459/490/895 479/510/895
f 480/512/896 482/555/896 484/513/896
f 481/511/897 479/510/897 485/514/897
f 484/513/898 482/555/898 488/516/898
f 489/518/899 483/515/899 485/514/899
f 488/516/900 490/523/900 492/520/900
f 489/518/901 487/519/901 493/521/901
f 464/498/902 476/483/902 486/517/902
f 487/519/903 477/485/903 465/499/903
f 484/513/904 486/517/904 476/483/904
f 485/514/905 453/484/905 477/485/905
f 462/488/906 478/509/906 484/513/906
f 463/486/907 453/484/907 485/514/907
f 458/491/908 478/509/908 462/488/908
f 463/486/909 479/510/909 459/490/909
f 474/496/910 480/512/910 456/494/910
f 475/497/911 455/495/911 457/492/911
f 472/507/912 482/555/912 480/512/912
f 481/511/913 483/515/913 473/508/913
f 488/516/914 482/555/914 472/507/914
f 489/518/915 471/506/915 473/508/915
f 490/523/916 488/516/916 470/504/916
f 491/522/917 469/503/917 471/506/917
f 466/500/918 492/520/918 490/523/918
f 491/522/919 493/521/919 467/501/919
f 392/428/920 390/432/920 504/524/920
f 505/526/921 391/434/921 393/429/921
f 394/424/922 392/428/922 502/525/922
f 503/527/923 393/429/923 395/425/923
f 394/424/924 500/528/924 498/530/924
f 395/425/925 397/421/925 499/531/925
f 396/420/926 498/530/926 496/532/926
f 397/421/927 399/537/927 497/534/927
f 398/533/928 496/532/928 494/535/928
f 399/537/929 401/541/929 495/538/929
f 400/536/930 494/535/930 506/539/930
f 401/541/931 389/546/931 507/542/931
f 502/525/932 504/524/932 506/539/932
f 503/527/933 495/538/933 507/542/933
f 494/535/934 496/532/934 500/528/934
f 501/529/935 497/534/935 495/538/935
f 382/543/936 388/540/936 506/539/936
f 383/545/937 315/548/937 507/542/937
f 314/544/938 506/539/938 504/524/938
f 505/526/939 507/542/939 315/548/939
f 320/453/940 322/547/940 504/524/940
f 505/526/941 323/549/941 321/550/941
# Blender 4.2.0
# www.blender.org
mtllib bird.mtl
o Icosphere
v 0.000000 -1.000000 0.000000
v 0.723607 -0.447220 0.525725
v -0.276388 -0.447220 1.112967
v -0.894426 -0.447216 0.000000
v -0.276388 -0.447220 -0.850649
v 0.723607 -0.447220 -0.525725
v 0.276388 0.447220 0.850649
v -0.723607 0.447220 0.525725
v -0.723607 0.447220 -0.525725
v 0.276388 0.447220 -0.850649
v 0.894426 0.447216 -0.000000
v 0.000000 1.000000 -0.000000
v -0.162456 -0.850654 0.499995
v 0.425323 -0.850654 0.309011
v 0.262869 -0.525738 1.071330
v 0.850648 -0.525736 0.000000
v 0.425323 -0.850654 -0.309011
v -0.525730 -0.850652 0.000000
v -0.688189 -0.525736 0.499997
v -0.162456 -0.850654 -0.499995
v -0.688189 -0.525736 -0.499997
v 0.262869 -0.525738 -0.809012
v 2.390521 0.000000 0.309013
v 2.390521 -0.000000 -0.309013
v 0.019660 0.061927 2.407577
v 0.587786 0.000000 0.809017
v -2.390521 0.000000 0.309013
v -0.587786 0.000000 0.809017
v -0.587786 -0.000000 -0.809017
v -2.390521 -0.000000 -0.309013
v 0.587786 -0.000000 -0.809017
v 0.000000 -0.000000 -1.000000
v 0.688189 0.525736 0.499997
v -0.262869 0.525738 0.809012
v -0.850648 0.525736 -0.000000
v -0.262869 0.525738 -0.809012
v 0.688189 0.525736 -0.499997
v 0.162456 0.850654 0.499995
v 0.525730 0.850652 -0.000000
v -0.425323 0.850654 0.309011
v -0.425323 0.850654 -0.309011
v 0.162456 0.850654 -0.499995
v -0.019812 -0.237501 -1.320921
v 0.592225 0.159385 -1.126521
v -0.015569 0.159385 -0.678767
v -0.629234 0.159385 -1.118449
v -0.400689 0.159385 -1.837944
v 0.354209 0.159385 -1.842925
v 0.361065 0.801565 -0.803898
v -0.393834 0.801565 -0.798916
v -0.631849 0.801565 -1.515321
v -0.024056 0.801565 -1.963075
v 0.589610 0.801565 -1.523393
v -0.019812 1.198451 -1.320921
vn -0.0000 -1.0000 -0.0000
vn 0.4346 -0.8652 0.2500
vn -0.1885 -0.9032 0.3857
vn 0.5430 -0.6430 0.5402
vn 0.4838 -0.8752 -0.0000
vn -0.5257 -0.8507 -0.0000
vn -0.1625 -0.8507 -0.5000
vn 0.4253 -0.8507 -0.3090
vn 0.8904 0.0108 0.4550
vn -0.5309 -0.6932 0.4876
vn 0.4376 -0.7435 0.5056
vn 0.0123 0.0681 0.9976
vn -0.4736 -0.8807 -0.0000
vn -0.5301 -0.7031 0.4740
vn -0.8904 -0.0108 0.4550
vn -0.2764 -0.4472 -0.8506
vn -0.4780 -0.6968 -0.5347
vn -0.3835 0.0073 -0.9235
vn 0.4618 -0.6524 -0.6009
vn 0.2629 -0.5257 -0.8090
vn 0.3835 -0.0073 -0.9235
vn 0.6833 0.0743 0.7263
vn -0.6834 0.0682 0.7269
vn -0.8904 -0.0108 -0.4550
vn -0.0000 -0.0000 -1.0000
vn 0.8904 0.0108 -0.4550
vn 0.4382 0.7069 0.5552
vn 0.4780 0.6968 0.5347
vn 0.1625 0.8507 0.5000
vn -0.4618 0.6524 0.6009
vn -0.3597 0.7381 0.5708
vn -0.4253 0.8507 0.3090
vn -0.4618 0.6524 -0.6009
vn -0.4838 0.8752 -0.0000
vn -0.4253 0.8507 -0.3090
vn 0.2764 0.4472 -0.8506
vn -0.2629 0.5257 -0.8090
vn 0.1625 0.8507 -0.5000
vn 0.4736 0.8807 -0.0000
vn 0.4780 0.6968 -0.5347
vn 0.5257 0.8507 -0.0000
vn -0.0000 1.0000 -0.0000
vn 0.8525 -0.4472 0.2708
vn 0.0059 -0.4472 0.8944
vn 0.5209 -0.4472 -0.7271
vn -0.8488 -0.4472 0.2820
vn -0.5305 -0.4472 -0.7201
vn 0.8488 0.4472 -0.2820
vn 0.5305 0.4472 0.7201
vn -0.5209 0.4472 0.7271
vn -0.8525 0.4472 -0.2708
vn -0.0059 0.4472 -0.8944
vt 0.181819 0.000000
vt 0.227273 0.078731
vt 0.136365 0.078731
vt 0.272728 0.157461
vt 0.318182 0.078731
vt 0.363637 0.157461
vt 0.909091 0.000000
vt 0.954545 0.078731
vt 0.863636 0.078731
vt 0.727273 0.000000
vt 0.772727 0.078731
vt 0.681818 0.078731
vt 0.545455 0.000000
vt 0.590909 0.078731
vt 0.500000 0.078731
vt 0.318182 0.236191
vt 0.090910 0.157461
vt 0.181819 0.157461
vt 0.136365 0.236191
vt 0.818182 0.157461
vt 0.909091 0.157461
vt 0.863636 0.236191
vt 0.636364 0.157461
vt 0.727273 0.157461
vt 0.681818 0.236191
vt 0.454546 0.157461
vt 0.545455 0.157461
vt 0.500000 0.236191
vt 0.227273 0.236191
vt 0.045455 0.236191
vt 0.772727 0.236191
vt 0.590909 0.236191
vt 0.409092 0.236191
vt 0.181819 0.314921
vt 0.272728 0.314921
vt 0.227273 0.393651
vt 0.000000 0.314921
vt 0.090910 0.314921
vt 0.045455 0.393651
vt 0.727273 0.314921
vt 0.818182 0.314921
vt 0.772727 0.393651
vt 0.545455 0.314921
vt 0.636364 0.314921
vt 0.590909 0.393651
vt 0.363637 0.314921
vt 0.454546 0.314921
vt 0.409092 0.393651
vt 0.500000 0.393651
vt 0.454546 0.472382
vt 0.681818 0.393651
vt 0.636364 0.472382
vt 0.863636 0.393651
vt 0.818182 0.472382
vt 0.909091 0.314921
vt 0.136365 0.393651
vt 0.090910 0.472382
vt 0.318182 0.393651
vt 0.272728 0.472382
vt 0.954545 0.236191
vt 1.000000 0.157461
vt 0.409092 0.078731
vt 0.363637 0.000000
vt 0.181819 0.500000
vt 0.272728 0.657461
vt 0.090910 0.657461
vt 0.363637 0.500000
vt 0.454546 0.657461
vt 0.909091 0.500000
vt 1.000000 0.657461
vt 0.818182 0.657461
vt 0.727273 0.500000
vt 0.636364 0.657461
vt 0.545455 0.500000
vt 0.363637 0.814921
vt 0.181819 0.814921
vt 0.909091 0.814921
vt 0.727273 0.814921
vt 0.545455 0.814921
vt 0.000000 0.814921
vt 0.272728 0.972382
vt 0.090910 0.972382
vt 0.818182 0.972382
vt 0.636364 0.972382
vt 0.454546 0.972382
s 1
f 1/1/1 14/2/2 13/3/3
f 2/4/4 14/5/2 16/6/5
f 1/7/1 13/8/3 18/9/6
f 1/10/1 18/11/6 20/12/7
f 1/13/1 20/14/7 17/15/8
f 2/4/4 16/6/5 23/16/9
f 3/17/10 15/18/11 25/19/12
f 4/20/13 19/21/14 27/22/15
f 5/23/16 21/24/17 29/25/18
f 6/26/19 22/27/20 31/28/21
f 2/4/4 23/16/9 26/29/22
f 3/17/10 25/19/12 28/30/23
f 4/20/13 27/22/15 30/31/24
f 5/23/16 29/25/18 32/32/25
f 6/26/19 31/28/21 24/33/26
f 7/34/27 33/35/28 38/36/29
f 8/37/30 34/38/31 40/39/32
f 9/40/33 35/41/34 41/42/35
f 10/43/36 36/44/37 42/45/38
f 11/46/39 37/47/40 39/48/41
f 39/48/41 42/49/38 12/50/42
f 39/48/41 37/47/40 42/49/38
f 37/47/40 10/43/36 42/49/38
f 42/45/38 41/51/35 12/52/42
f 42/45/38 36/44/37 41/51/35
f 36/44/37 9/40/33 41/51/35
f 41/42/35 40/53/32 12/54/42
f 41/42/35 35/41/34 40/53/32
f 35/41/34 8/55/30 40/53/32
f 40/39/32 38/56/29 12/57/42
f 40/39/32 34/38/31 38/56/29
f 34/38/31 7/34/27 38/56/29
f 38/36/29 39/58/41 12/59/42
f 38/36/29 33/35/28 39/58/41
f 33/35/28 11/46/39 39/58/41
f 24/33/26 37/47/40 11/46/39
f 24/33/26 31/28/21 37/47/40
f 31/28/21 10/43/36 37/47/40
f 32/32/25 36/44/37 10/43/36
f 32/32/25 29/25/18 36/44/37
f 29/25/18 9/40/33 36/44/37
f 30/31/24 35/41/34 9/40/33
f 30/31/24 27/22/15 35/41/34
f 27/22/15 8/55/30 35/41/34
f 28/30/23 34/38/31 8/37/30
f 28/30/23 25/19/12 34/38/31
f 25/19/12 7/34/27 34/38/31
f 26/29/22 33/35/28 7/34/27
f 26/29/22 23/16/9 33/35/28
f 23/16/9 11/46/39 33/35/28
f 31/28/21 32/32/25 10/43/36
f 31/28/21 22/27/20 32/32/25
f 22/27/20 5/23/16 32/32/25
f 29/25/18 30/31/24 9/40/33
f 29/25/18 21/24/17 30/31/24
f 21/24/17 4/20/13 30/31/24
f 27/22/15 28/60/23 8/55/30
f 27/22/15 19/21/14 28/60/23
f 19/21/14 3/61/10 28/60/23
f 25/19/12 26/29/22 7/34/27
f 25/19/12 15/18/11 26/29/22
f 15/18/11 2/4/4 26/29/22
f 23/16/9 24/33/26 11/46/39
f 23/16/9 16/6/5 24/33/26
f 16/6/5 6/26/19 24/33/26
f 17/15/8 22/27/20 6/26/19
f 17/15/8 20/14/7 22/27/20
f 20/14/7 5/23/16 22/27/20
f 20/12/7 21/24/17 5/23/16
f 20/12/7 18/11/6 21/24/17
f 18/11/6 4/20/13 21/24/17
f 18/9/6 19/21/14 4/20/13
f 18/9/6 13/8/3 19/21/14
f 13/8/3 3/61/10 19/21/14
f 16/6/5 17/62/8 6/26/19
f 16/6/5 14/5/2 17/62/8
f 14/5/2 1/63/1 17/62/8
f 13/3/3 15/18/11 3/17/10
f 13/3/3 14/2/2 15/18/11
f 14/2/2 2/4/4 15/18/11
f 43/64/1 44/65/43 45/66/44
f 44/65/43 43/67/1 48/68/45
f 43/69/1 45/70/44 46/71/46
f 43/72/1 46/71/46 47/73/47
f 43/74/1 47/73/47 48/68/45
f 44/65/43 48/68/45 53/75/48
f 45/66/44 44/65/43 49/76/49
f 46/71/46 45/70/44 50/77/50
f 47/73/47 46/71/46 51/78/51
f 48/68/45 47/73/47 52/79/52
f 44/65/43 53/75/48 49/76/49
f 45/66/44 49/76/49 50/80/50
f 46/71/46 50/77/50 51/78/51
f 47/73/47 51/78/51 52/79/52
f 48/68/45 52/79/52 53/75/48
f 49/76/49 53/75/48 54/81/42
f 50/80/50 49/76/49 54/82/42
f 51/78/51 50/77/50 54/83/42
f 52/79/52 51/78/51 54/84/42
f 53/75/48 52/79/52 54/85/42
# Blender 4.2.0
# www.blender.org
o Cube
v 1.000000 1.000000 -1.000000
v 1.000000 -1.000000 -1.000000
v 1.000000 1.000000 1.000000
v 1.000000 -1.000000 1.000000
v -1.000000 1.000000 -1.000000
v -1.000000 -1.000000 -1.000000
v -1.000000 1.000000 1.000000
v -1.000000 -1.000000 1.000000
vn -0.0000 1.0000 -0.0000
vn -0.0000 -0.0000 1.0000
vn -1.0000 -0.0000 -0.0000
vn -0.0000 -1.0000 -0.0000
vn 1.0000 -0.0000 -0.0000
vn -0.0000 -0.0000 -1.0000
vt 0.999401 0.999400
vt 0.000599 0.000599
vt 0.999401 0.000599
vt 0.999401 0.000599
vt 0.000599 0.999401
vt 0.000599 0.000599
vt 0.000599 0.000599
vt 0.999401 0.999400
vt 0.000599 0.999400
vt 0.999401 0.000599
vt 0.000600 0.999401
vt 0.000599 0.000600
vt 0.999400 0.000599
vt 0.000599 0.999401
vt 0.000599 0.000599
vt 0.000599 0.000599
vt 0.999401 0.999400
vt 0.000599 0.999400
vt 0.000600 0.999401
vt 0.999401 0.999401
vt 0.999401 0.000599
s 0
f 5/1/1 3/2/1 1/3/1
f 3/4/2 8/5/2 4/6/2
f 7/7/3 6/8/3 8/9/3
f 2/10/4 8/11/4 6/12/4
f 1/13/5 4/14/5 2/15/5
f 5/16/6 2/17/6 6/18/6
f 5/1/1 7/19/1 3/2/1
f 3/4/2 7/1/2 8/5/2
f 7/7/3 5/10/3 6/8/3
f 2/10/4 4/20/4 8/11/4
f 1/13/5 3/8/5 4/14/5
f 5/16/6 1/21/6 2/17/6
# Blender 4.2.0
# www.blender.org
mtllib lamp.mtl
o Plane
v 0.000000 -0.092198 0.286462
v 0.000000 -0.345269 0.165576
v 0.000000 -0.139284 0.107945
v 0.000000 -0.313209 0.087526
v 0.000000 0.224627 0.409180
v 0.000000 0.294665 0.290381
v 0.000000 0.430187 0.409180
v 0.000000 0.540511 0.230159
v 0.000000 0.681007 0.286462
v 0.000000 0.742297 0.136674
v 0.000000 -0.168300 -0.000000
v 0.000000 -0.313209 -0.000000
v 0.000000 0.652806 -0.000000
v 0.000000 0.776871 -0.000000
v 0.000000 -0.600000 0.100000
v 0.000000 -0.400000 0.100000
v 0.000000 -0.400000 -0.000000
v 0.000000 -0.600000 0.000000
v 0.000000 -0.092198 -0.286462
v 0.000000 -0.345269 -0.165576
v 0.000000 -0.139284 -0.107945
v 0.000000 -0.313209 -0.087526
v 0.000000 0.224627 -0.409180
v 0.000000 0.294665 -0.290381
v 0.000000 0.430187 -0.409180
v 0.000000 0.540511 -0.230159
v 0.000000 0.681007 -0.286462
v 0.000000 0.742297 -0.136674
v 0.000000 -0.600000 -0.100000
v 0.000000 -0.400000 -0.100000
v 0.000000 0.088832 -0.055529
v 0.000000 0.137943 0.037866
v 0.000000 0.196830 0.057445
v 0.000000 0.240995 -0.064744
v 0.000000 0.326381 -0.110588
v 0.000000 0.421335 -0.048551
v 0.000000 0.406614 0.088361
v 0.000000 0.104507 0.038586
v 0.000000 0.142567 0.089737
v 0.000000 0.213744 0.100786
v 0.000000 0.264197 -0.020434
v 0.000000 0.321979 -0.051945
v 0.000000 0.400040 0.008906
v 0.000000 0.399426 0.064533
vn 1.0000 -0.0000 -0.0000
vt 1.000000 0.000000
vt 0.000000 0.333333
vt 0.000000 0.000000
vt 1.000000 0.333333
vt 0.000000 0.500000
vt 1.000000 0.500000
s 0
f 2/1/1 3/2/1 1/3/1
f 1/3/1 6/2/1 5/3/1
f 6/2/1 7/3/1 5/3/1
f 8/2/1 9/3/1 7/3/1
f 4/4/1 11/5/1 3/2/1
f 13/5/1 10/2/1 8/2/1
f 15/1/1 17/5/1 16/3/1
f 21/2/1 20/1/1 19/3/1
f 19/3/1 24/2/1 21/2/1
f 25/3/1 24/2/1 23/3/1
f 27/3/1 26/2/1 25/3/1
f 11/5/1 22/4/1 21/2/1
f 28/2/1 13/5/1 26/2/1
f 17/5/1 29/1/1 30/3/1
f 32/3/1 38/3/1 31/3/1
f 37/3/1 43/3/1 36/3/1
f 34/3/1 42/3/1 41/3/1
f 33/3/1 39/3/1 32/3/1
f 36/3/1 42/3/1 35/3/1
f 33/3/1 41/3/1 40/3/1
f 2/1/1 4/4/1 3/2/1
f 1/3/1 3/2/1 6/2/1
f 6/2/1 8/2/1 7/3/1
f 8/2/1 10/2/1 9/3/1
f 4/4/1 12/6/1 11/5/1
f 13/5/1 14/5/1 10/2/1
f 15/1/1 18/6/1 17/5/1
f 21/2/1 22/4/1 20/1/1
f 19/3/1 23/3/1 24/2/1
f 25/3/1 26/2/1 24/2/1
f 27/3/1 28/2/1 26/2/1
f 11/5/1 12/6/1 22/4/1
f 28/2/1 14/5/1 13/5/1
f 17/5/1 18/6/1 29/1/1
f 32/3/1 39/3/1 38/3/1
f 37/3/1 44/3/1 43/3/1
f 34/3/1 35/3/1 42/3/1
f 33/3/1 40/3/1 39/3/1
f 36/3/1 43/3/1 42/3/1
f 33/3/1 34/3/1 41/3/1
# Blender 4.2.0
# www.blender.org
o Plane.002
v -0.659255 -0.389030 -0.025111
v -0.062566 -0.408022 -0.025111
v -0.305630 0.691546 -0.025111
v 0.385580 0.728888 -0.025111
v 0.478422 0.686351 -0.025111
v 0.500068 0.541962 -0.025111
v 0.360012 0.527533 -0.025111
v -0.129510 -0.002107 -0.025111
v -0.029128 0.126342 -0.025111
v 0.433481 -0.387502 -0.025111
v 0.407112 -0.457107 -0.025111
v 0.505479 -0.486650 -0.025111
v -0.038093 -0.012307 -0.025111
v 0.264976 0.017898 -0.025111
v 0.187695 0.061761 -0.025111
v -0.808598 -0.403403 -0.025111
v -0.823676 -0.456140 -0.025111
v -0.829206 -0.496516 -0.025111
v -0.827307 -0.518670 -0.025111
v -0.784675 -0.569288 -0.025111
v -0.758449 -0.578929 -0.025111
v -0.730318 -0.585283 -0.025111
v -0.084912 -0.590769 -0.025111
v 0.070419 -0.471722 -0.025111
v -0.269775 0.715377 -0.025111
v 0.461200 0.702057 -0.025111
v 0.439864 0.715223 -0.025111
v 0.415672 0.723497 -0.025111
v 0.506305 0.580321 -0.025111
v 0.507453 0.603832 -0.025111
v 0.504799 0.633569 -0.025111
v 0.494495 0.663178 -0.025111
v -0.318648 0.677498 -0.025111
v -0.338866 0.648880 -0.025111
v -0.364955 0.600989 -0.025111
v 0.328550 0.589010 -0.025111
v 0.344133 0.584903 -0.025111
v 0.354972 0.578106 -0.025111
v 0.361282 0.567920 -0.025111
v 0.363277 0.553644 -0.025111
v -0.214026 0.728896 -0.025111
v -0.627819 -0.451907 -0.025111
v -0.643402 -0.447665 -0.025111
v -0.654241 -0.440672 -0.025111
v -0.660551 -0.430240 -0.025111
v -0.662546 -0.415680 -0.025111
v -0.053155 -0.585362 -0.025111
v -0.026958 -0.577064 -0.025111
v -0.688530 -0.590839 -0.025111
v -0.139975 -0.593029 -0.025111
v -0.076067 -0.423529 -0.025111
v -0.089790 -0.435182 -0.025111
v -0.104503 -0.443533 -0.025111
v -0.127465 -0.450861 -0.025111
v -0.170942 -0.454771 -0.025111
v -0.599431 -0.454704 -0.025111
v 0.011762 -0.552032 -0.025111
v -0.226589 0.560968 -0.025111
v -0.211612 0.575085 -0.025111
v -0.196000 0.585013 -0.025111
v -0.178926 0.591451 -0.025111
v -0.159562 0.595095 -0.025111
v -0.129634 0.596993 -0.025111
v 0.079071 0.593710 -0.025111
v 0.331078 0.731163 -0.025111
v 0.301086 0.591677 -0.025111
v 0.440292 0.369359 -0.025111
v 0.480552 0.475541 -0.025111
v 0.034415 -0.256457 -0.025111
v 0.007055 -0.296476 -0.025111
v -0.043104 -0.380207 -0.025111
v -0.331683 0.374557 -0.025111
v -0.281358 0.476421 -0.025111
v -0.247512 0.534135 -0.025111
v 0.279597 0.034237 -0.025111
v 0.300078 0.063242 -0.025111
v 0.330795 0.120324 -0.025111
v 0.361321 0.186404 -0.025111
v 0.342231 0.470233 -0.025111
v 0.306033 0.379470 -0.025111
v -0.641228 -0.330586 -0.025111
v -0.600536 -0.228501 -0.025111
v -0.171185 0.000772 -0.025111
v -0.209069 0.018902 -0.025111
v -0.224961 0.032688 -0.025111
v -0.237937 0.048922 -0.025111
v -0.247338 0.067076 -0.025111
v -0.089504 0.015295 -0.025111
v -0.071660 0.029293 -0.025111
v -0.056134 0.046094 -0.025111
v -0.043568 0.064940 -0.025111
v -0.034603 0.085075 -0.025111
v -0.138462 0.214155 -0.025111
v -0.117031 0.211002 -0.025111
v -0.096217 0.203882 -0.025111
v -0.076838 0.193292 -0.025111
v -0.045661 0.163692 -0.025111
v -0.252955 0.107012 -0.025111
v -0.248996 0.127539 -0.025111
v -0.241107 0.147478 -0.025111
v -0.229774 0.166100 -0.025111
v -0.215481 0.182677 -0.025111
v -0.198712 0.196479 -0.025111
v -0.179954 0.206778 -0.025111
v 0.425800 -0.357868 -0.025111
v 0.433581 -0.366705 -0.025111
v 0.436625 -0.374663 -0.025111
v 0.416364 -0.424436 -0.025111
v 0.409213 -0.443051 -0.025111
v 0.562647 -0.227600 -0.025111
v 0.547392 -0.240445 -0.025111
v 0.518090 -0.268696 -0.025111
v 0.662274 -0.499803 -0.025111
v 0.688953 -0.494290 -0.025111
v 0.694689 -0.489253 -0.025111
v 0.697613 -0.482129 -0.025111
v 0.697929 -0.472636 -0.025111
v 0.694527 -0.454506 -0.025111
v 0.607758 -0.497796 -0.025111
v 0.606660 -0.250302 -0.025111
v 0.595083 -0.231155 -0.025111
v 0.585024 -0.221912 -0.025111
v 0.575255 -0.221015 -0.025111
v 0.506986 -0.275876 -0.025111
v 0.498403 -0.275682 -0.025111
v 0.487402 -0.271387 -0.025111
v 0.458293 -0.252996 -0.025111
v 0.411127 -0.466083 -0.025111
v 0.423020 -0.472721 -0.025111
v 0.444479 -0.477775 -0.025111
v 0.675750 -0.401894 -0.025111
v 0.633196 -0.304879 -0.025111
v 0.082436 0.010250 -0.025111
v 0.045453 0.034283 -0.025111
v 0.023113 0.044641 -0.025111
v 0.006691 0.045333 -0.025111
v -0.036856 -0.021981 -0.025111
v -0.031929 -0.032655 -0.025111
v -0.014559 -0.050042 -0.025111
v 0.022427 -0.077590 -0.025111
v -0.032344 0.006884 -0.025111
v -0.007757 0.037644 -0.025111
v 0.193693 0.110116 -0.025111
v 0.188674 0.080912 -0.025111
v 0.195956 0.030413 -0.025111
v 0.203570 0.018537 -0.025111
v 0.213209 0.009968 -0.025111
v 0.224525 0.005210 -0.025111
v 0.237166 0.004770 -0.025111
v 0.250781 0.009155 -0.025111
v 0.102258 -0.408133 -0.025111
v 0.120031 -0.365473 -0.025111
v 0.132943 -0.322692 -0.025111
v 0.136906 -0.294589 -0.025111
v 0.070408 -0.224524 -0.025111
v 0.084508 -0.220163 -0.025111
v 0.109507 -0.225148 -0.025111
v 0.119696 -0.233508 -0.025111
v 0.127872 -0.245123 -0.025111
v 0.133681 -0.259501 -0.025111
v -0.821519 -0.536651 -0.025111
v -0.808183 -0.554392 -0.025111
v -0.003330 -0.563886 -0.025111
v 0.043831 -0.514438 -0.025111
v 0.026105 -0.537240 -0.025111
v -0.291828 0.702738 -0.025111
v -0.244771 0.723519 -0.025111
v -0.630161 -0.593032 -0.025111
v -0.159310 0.731163 -0.025111
v 0.137281 -0.275852 -0.025111
v 0.097659 -0.220536 -0.025111
v 0.055753 -0.233157 -0.025111
v -0.738636 -0.228080 -0.025111
v -0.783666 -0.336056 -0.025111
v -0.401115 0.526316 -0.025111
v -0.470207 0.374434 -0.025111
v -0.159861 0.213672 -0.025111
v -0.253317 0.086481 -0.025111
v -0.190923 0.008088 -0.025111
v -0.059714 0.179730 -0.025111
v -0.035500 0.145676 -0.025111
v -0.150515 -0.002519 -0.025111
v -0.029883 0.105740 -0.025111
v -0.109023 0.004858 -0.025111
v 0.680207 -0.497521 -0.025111
v 0.397244 -0.336043 -0.025111
v -0.021438 0.024268 -0.025111
v 0.232842 0.215075 -0.025111
v 0.209272 0.158115 -0.025111
v 0.190719 0.045089 -0.025111
vn -0.0000 -0.0000 1.0000
vt 1.000000 0.032021
vt 1.000000 0.301256
vt 0.450052 0.000000
vt 1.000000 0.800763
vt 1.000000 1.000000
vt 0.000000 1.000000
vt 1.000000 1.000000
vt 0.000000 1.000000
vt 1.000000 1.000000
vt 1.000000 1.000000
vt 1.000000 1.000000
vt 0.810920 1.000000
vt 0.571186 1.000000
vt 0.000000 1.000000
vt 0.000000 -0.000000
vt 0.000000 1.000000
vt 0.999999 1.000000
vt -0.000000 1.000000
vt 0.000000 0.999999
vt 0.000000 1.000000
vt -0.000000 1.000000
vt -0.000000 1.000000
vt -0.000000 1.000000
vt 0.000000 1.000000
vt -0.000000 1.000000
vt -0.000002 1.000000
vt -0.000001 1.000000
vt 0.000000 1.000000
vt 0.000003 1.000000
vt 0.000000 1.000000
vt 0.750000 1.000000
vt 0.625000 1.000000
vt 0.500000 1.000000
vt -0.000000 1.000000
vt 1.000000 1.000000
vt 0.000000 1.000000
vt 1.000000 1.000000
vt 1.000000 1.000000
vt 0.435223 1.000000
vt 0.201093 -0.000000
vt 0.805383 -0.000000
vt 1.000000 0.551436
vt 0.625000 0.000000
vt 1.000000 1.000000
vt -0.000000 1.000000
vt 0.000000 0.195932
vt 0.000000 0.804702
vt 0.000000 0.000002
vt -0.000000 1.000000
vt -0.000000 1.000000
vt 0.000000 1.000000
vt -0.000000 1.000000
vt 0.125000 1.000000
vt 0.375000 1.000000
vt 0.875000 1.000000
vt 1.000000 1.000000
vt 0.000000 1.000000
vt 0.000000 1.000000
vt 0.625000 1.000000
vt 0.750000 1.000000
vt 0.875000 1.000000
vt -0.000000 1.000000
vt -0.000000 1.000000
vt 1.000001 1.000000
vt 0.074275 1.000000
vt 0.250000 1.000000
vt -0.000000 1.000000
vt 0.000000 1.000000
vt 0.000000 1.000000
vt 0.000001 0.000002
vt 0.000000 1.000000
vt 0.000000 -0.000004
vt 0.000000 0.000003
vt -0.000000 -0.000002
vt -0.000000 -0.000001
vt 0.000000 1.000007
vt -0.000000 1.000000
vt 0.125000 1.000000
vt 1.000000 1.000000
vt 0.000000 0.000001
vt -0.000000 1.000002
vt 0.000000 1.000000
vt 0.000000 -0.000019
vt 0.999999 1.000000
vt 0.925661 1.000000
vt 0.219471 1.000000
vt 0.000000 0.491696
vt -0.000000 1.000000
vt 0.694449 1.000000
vt 0.187004 1.000000
vt 0.971262 1.000000
s 0
f 162/1/1 20/2/1 18/3/1
f 22/4/1 49/5/1 20/2/1
f 52/6/1 57/7/1 51/8/1
f 53/6/1 57/7/1 52/6/1
f 47/9/1 48/10/1 163/11/1
f 57/7/1 165/12/1 164/13/1
f 57/7/1 71/14/1 2/8/1
f 31/6/1 27/6/1 38/6/1
f 58/8/1 33/15/1 74/16/1
f 59/6/1 33/15/1 58/8/1
f 168/17/1 56/18/1 49/5/1
f 49/5/1 46/6/1 1/19/1
f 49/5/1 43/6/1 44/6/1
f 49/5/1 44/6/1 45/6/1
f 6/8/1 40/6/1 7/8/1
f 4/8/1 36/6/1 37/6/1
f 6/8/1 39/6/1 40/6/1
f 160/20/1 172/6/1 154/21/1
f 154/21/1 152/22/1 153/23/1
f 69/24/1 70/25/1 172/6/1
f 125/6/1 131/26/1 124/8/1
f 111/27/1 131/26/1 110/28/1
f 112/8/1 131/26/1 111/27/1
f 131/26/1 132/29/1 121/30/1
f 185/31/1 114/32/1 115/33/1
f 133/34/1 186/35/1 127/36/1
f 131/26/1 109/37/1 129/38/1
f 121/30/1 132/29/1 120/8/1
f 110/28/1 121/30/1 122/6/1
f 123/6/1 110/28/1 122/6/1
f 187/39/1 137/5/1 138/7/1
f 189/6/1 76/6/1 77/6/1
f 189/6/1 143/8/1 76/6/1
f 143/8/1 144/8/1 15/8/1
f 190/8/1 145/8/1 146/6/1
f 20/2/1 17/40/1 18/3/1
f 161/41/1 162/1/1 18/3/1
f 20/2/1 21/42/1 22/4/1
f 18/3/1 19/43/1 161/41/1
f 47/9/1 57/7/1 23/44/1
f 53/6/1 54/45/1 57/7/1
f 163/11/1 57/7/1 47/9/1
f 31/6/1 29/6/1 30/6/1
f 27/6/1 31/6/1 26/6/1
f 26/6/1 31/6/1 5/6/1
f 166/46/1 33/15/1 167/47/1
f 33/15/1 166/46/1 3/48/1
f 167/47/1 169/6/1 41/8/1
f 59/6/1 60/6/1 33/15/1
f 62/6/1 167/47/1 61/6/1
f 49/5/1 56/18/1 42/49/1
f 49/5/1 42/49/1 43/6/1
f 57/7/1 55/50/1 50/35/1
f 27/6/1 4/8/1 38/6/1
f 36/6/1 4/8/1 66/8/1
f 38/6/1 4/8/1 37/6/1
f 6/8/1 38/6/1 39/6/1
f 65/8/1 169/6/1 64/8/1
f 170/51/1 160/20/1 154/21/1
f 160/20/1 171/6/1 172/6/1
f 154/21/1 172/6/1 152/22/1
f 172/6/1 70/25/1 152/22/1
f 159/6/1 158/6/1 160/20/1
f 171/6/1 156/6/1 172/6/1
f 95/52/1 104/53/1 102/54/1
f 100/32/1 98/55/1 179/35/1
f 95/52/1 100/32/1 179/35/1
f 179/35/1 87/5/1 85/56/1
f 180/57/1 95/52/1 181/58/1
f 181/58/1 95/52/1 91/54/1
f 89/59/1 91/54/1 179/35/1
f 100/32/1 102/54/1 101/33/1
f 179/35/1 85/56/1 84/56/1
f 88/60/1 89/59/1 184/61/1
f 97/6/1 180/57/1 181/58/1
f 95/52/1 94/6/1 93/62/1
f 127/36/1 131/26/1 126/63/1
f 186/35/1 105/11/1 131/26/1
f 131/26/1 127/36/1 186/35/1
f 131/26/1 105/11/1 106/56/1
f 131/26/1 107/56/1 10/38/1
f 106/56/1 107/56/1 131/26/1
f 108/64/1 109/37/1 131/26/1
f 10/38/1 108/64/1 131/26/1
f 131/26/1 129/38/1 12/38/1
f 118/65/1 116/54/1 117/66/1
f 131/26/1 121/30/1 110/28/1
f 11/38/1 128/56/1 109/37/1
f 109/37/1 128/56/1 129/38/1
f 129/38/1 130/56/1 12/38/1
f 134/67/1 139/7/1 133/34/1
f 139/7/1 134/67/1 187/39/1
f 139/7/1 187/39/1 138/7/1
f 135/68/1 187/39/1 134/67/1
f 187/39/1 135/68/1 136/69/1
f 67/8/1 188/6/1 78/6/1
f 75/6/1 76/6/1 14/6/1
f 14/6/1 149/6/1 150/6/1
f 20/2/1 49/5/1 16/70/1
f 57/7/1 2/8/1 51/8/1
f 57/7/1 54/45/1 55/50/1
f 164/13/1 151/71/1 57/7/1
f 57/7/1 151/71/1 71/14/1
f 38/6/1 6/8/1 31/6/1
f 35/72/1 175/73/1 74/16/1
f 169/6/1 167/47/1 63/6/1
f 167/47/1 60/6/1 61/6/1
f 167/47/1 62/6/1 63/6/1
f 49/5/1 45/6/1 46/6/1
f 4/8/1 27/6/1 28/6/1
f 172/6/1 156/6/1 155/6/1
f 173/74/1 174/75/1 82/76/1
f 73/6/1 74/16/1 175/73/1
f 100/32/1 95/52/1 102/54/1
f 179/35/1 91/54/1 95/52/1
f 9/77/1 181/58/1 183/78/1
f 183/78/1 181/58/1 91/54/1
f 184/61/1 89/59/1 179/35/1
f 102/54/1 104/53/1 103/66/1
f 91/54/1 92/66/1 183/78/1
f 85/56/1 87/5/1 86/56/1
f 83/56/1 182/56/1 179/35/1
f 89/59/1 90/33/1 91/54/1
f 180/57/1 96/6/1 95/52/1
f 131/26/1 112/8/1 124/8/1
f 131/26/1 125/6/1 126/63/1
f 140/79/1 186/35/1 133/34/1
f 14/6/1 76/6/1 148/6/1
f 190/8/1 148/6/1 76/6/1
f 149/6/1 14/6/1 148/6/1
f 16/70/1 49/5/1 1/19/1
f 5/6/1 31/6/1 32/6/1
f 31/6/1 6/8/1 29/6/1
f 35/72/1 74/16/1 34/80/1
f 66/8/1 65/8/1 64/8/1
f 60/6/1 167/47/1 33/15/1
f 55/50/1 168/17/1 50/35/1
f 168/17/1 55/50/1 56/18/1
f 65/8/1 66/8/1 4/8/1
f 169/6/1 63/6/1 64/8/1
f 82/76/1 174/75/1 81/81/1
f 80/8/1 188/6/1 67/8/1
f 175/73/1 72/82/1 73/6/1
f 175/73/1 176/83/1 72/82/1
f 176/83/1 173/74/1 82/76/1
f 176/83/1 82/76/1 72/82/1
f 131/26/1 119/84/1 113/85/1
f 99/60/1 98/55/1 100/32/1
f 119/84/1 131/26/1 12/38/1
f 140/79/1 133/34/1 139/7/1
f 24/86/1 151/71/1 164/13/1
f 20/2/1 16/70/1 17/40/1
f 70/25/1 151/71/1 152/22/1
f 166/46/1 167/47/1 25/87/1
f 74/16/1 33/15/1 34/80/1
f 158/6/1 171/6/1 160/20/1
f 174/75/1 1/19/1 81/81/1
f 7/8/1 68/6/1 6/8/1
f 79/6/1 67/8/1 68/6/1
f 104/53/1 93/62/1 177/88/1
f 87/5/1 98/55/1 178/5/1
f 182/56/1 184/61/1 179/35/1
f 118/65/1 113/85/1 185/31/1
f 185/31/1 116/54/1 118/65/1
f 141/89/1 137/5/1 187/39/1
f 50/35/1 23/44/1 57/7/1
f 188/6/1 77/6/1 78/6/1
f 142/90/1 187/39/1 136/69/1
f 76/6/1 15/8/1 190/8/1
f 148/6/1 146/6/1 147/6/1
f 70/25/1 71/14/1 151/71/1
f 158/6/1 157/6/1 171/6/1
f 174/75/1 16/70/1 1/19/1
f 7/8/1 79/6/1 68/6/1
f 79/6/1 80/8/1 67/8/1
f 104/53/1 95/52/1 93/62/1
f 87/5/1 179/35/1 98/55/1
f 182/56/1 8/56/1 184/61/1
f 118/65/1 131/26/1 113/85/1
f 185/31/1 115/33/1 116/54/1
f 141/89/1 13/91/1 137/5/1
f 188/6/1 189/6/1 77/6/1
f 76/6/1 143/8/1 15/8/1
f 148/6/1 190/8/1 146/6/1
# Blender 4.2.0
# www.blender.org
o Plane.003
v -0.187418 0.026027 -0.000000
v 0.592354 0.705635 -0.000000
v 0.675200 0.610578 -0.000000
v 0.537299 0.473977 -0.000000
v 0.053049 0.051930 -0.000000
v -0.388131 -0.600184 -0.000000
v 0.049849 -0.208612 -0.000000
v -0.841506 -0.149727 -0.000000
v -0.335624 -0.078469 -0.000000
v -0.125170 -0.297702 -0.000000
v 0.018209 -0.503050 -0.000000
v -0.284082 -0.438645 -0.000000
v -0.491631 -0.424238 -0.000000
v -0.679493 -0.411092 -0.000000
v -0.625984 -0.287383 -0.000000
v -0.246916 -0.012264 -0.000000
v -0.387667 -0.094761 -0.000000
v 0.640828 0.664252 -0.000000
v -0.090696 -0.066315 -0.000000
v -0.066640 -0.050300 -0.000000
v -0.022146 -0.013345 -0.000000
v -0.182833 0.039402 -0.000000
v -0.163681 0.061044 -0.000000
v -0.120994 0.100071 -0.000000
v 0.438190 0.587687 -0.000000
v -0.046056 0.165644 -0.000000
v 0.164073 0.148693 -0.000000
v 0.295498 0.263236 -0.000000
v 0.426761 0.377638 -0.000000
v 0.064967 0.262406 -0.000000
v 0.196392 0.376949 -0.000000
v 0.327655 0.491351 -0.000000
v -0.141510 -0.042343 -0.000000
v -0.129147 -0.054756 -0.000000
v -0.116828 -0.064080 -0.000000
v 0.663677 0.636228 -0.000000
v 0.671487 0.622973 -0.000000
v 0.611456 0.538869 -0.000000
v 0.653200 0.577075 -0.000000
v 0.671409 0.597895 -0.000000
v 0.512608 0.652286 -0.000000
v 0.556159 0.688419 -0.000000
v 0.579272 0.703612 -0.000000
v -0.676364 -0.241941 -0.000000
v -0.748651 -0.200228 -0.000000
v -0.812774 -0.167895 -0.000000
v -0.338909 -0.471464 -0.000000
v -0.367703 -0.524679 -0.000000
v -0.380748 -0.574739 -0.000000
v -0.037673 -0.193185 -0.000000
v 0.024007 -0.200791 -0.000000
v -0.370460 -0.105235 -0.000000
v -0.354496 -0.097737 -0.000000
v 0.018872 -0.217478 -0.000000
v -0.039670 -0.231758 -0.000000
v -0.097838 -0.256739 -0.000000
v -0.101594 -0.356429 -0.000000
v -0.048592 -0.420706 -0.000000
v 0.001966 -0.474817 -0.000000
v -0.022150 -0.495874 -0.000000
v -0.103069 -0.468491 -0.000000
v -0.198922 -0.442286 -0.000000
v -0.805829 -0.150436 -0.000000
v -0.732175 -0.155475 -0.000000
v -0.645183 -0.150225 -0.000000
v -0.534061 -0.053734 -0.000000
v -0.522479 0.027604 -0.000000
v -0.522659 0.099428 -0.000000
v -0.502194 0.121000 -0.000000
v -0.440583 0.000103 -0.000000
v -0.572340 -0.119201 -0.000000
v -0.519662 0.136352 -0.000000
v -0.410272 -0.060111 -0.000000
v -0.399518 -0.578537 -0.000000
v -0.418489 -0.529315 -0.000000
v -0.448206 -0.471018 -0.000000
v -0.548880 -0.404051 -0.000000
v -0.608683 -0.403468 -0.000000
v -0.656926 -0.409984 -0.000000
v -0.668445 -0.397037 -0.000000
v -0.640549 -0.369068 -0.000000
v -0.618748 -0.331184 -0.000000
v -0.261752 -0.013966 -0.000000
v -0.243861 -0.029077 -0.000000
v -0.249449 -0.058864 -0.000000
v -0.258889 -0.093651 -0.000000
v -0.270025 -0.148127 -0.000000
v -0.261311 -0.162696 -0.000000
v -0.235629 -0.172024 -0.000000
v -0.347231 -0.400412 -0.000000
v -0.437706 -0.286416 -0.000000
v -0.484289 -0.256356 -0.000000
v -0.463895 -0.185265 -0.000000
v -0.174996 -0.380893 -0.000000
v -0.235592 -0.313985 -0.000000
v -0.410503 -0.138285 -0.000000
v -0.471639 -0.010252 -0.000000
v -0.186924 -0.261918 -0.000000
v -0.432934 -0.041096 -0.000000
v -0.259627 -0.234838 -0.000000
v -0.480905 -0.093422 -0.000000
v -0.473529 0.068028 -0.000000
v -0.430919 -0.232086 -0.000000
v -0.373616 -0.176691 -0.000000
v -0.353751 -0.324191 -0.000000
v -0.302558 -0.295488 -0.000000
v -0.577111 -0.294829 -0.000000
v -0.535476 -0.234311 -0.000000
v -0.530198 -0.351882 -0.000000
v -0.462910 -0.371932 -0.000000
v -0.409047 -0.351333 -0.000000
v -0.297114 -0.189535 -0.000000
v -0.187363 -0.178965 -0.000000
v 0.503231 0.513066 -0.000000
v 0.009691 0.101680 -0.000000
v -0.184190 0.013209 -0.000000
v -0.176636 -0.000269 -0.000000
v -0.166028 -0.014211 -0.000000
v 0.604125 0.700263 -0.000000
v 0.616188 0.690715 -0.000000
v 0.628457 0.678220 -0.000000
v -0.067044 0.037935 -0.000000
v -0.120715 0.009861 -0.000000
v -0.153895 -0.028387 -0.000000
v 0.652975 0.650088 -0.000000
v 0.566778 0.590341 -0.000000
v 0.358625 0.455815 -0.000000
v 0.095937 0.226870 -0.000000
v -0.267391 -0.125461 -0.000000
v 0.218071 0.352074 -0.000000
v 0.604601 0.657374 -0.000000
v -0.151307 -0.224952 -0.000000
v -0.115525 -0.185883 -0.000000
v -0.417492 -0.412415 -0.000000
v -0.396120 -0.478478 -0.000000
v -0.291452 -0.353020 -0.000000
v -0.240759 -0.390546 -0.000000
v -0.170230 -0.328650 -0.000000
v -0.354905 -0.249599 -0.000000
v -0.618358 -0.224018 -0.000000
v -0.580849 -0.179490 -0.000000
v -0.518451 -0.302894 -0.000000
v -0.104572 -0.069030 -0.000000
v 0.142393 0.173568 -0.000000
v 0.264527 0.298771 -0.000000
v 0.405081 0.402513 -0.000000
v -0.311230 -0.053697 -0.000000
v -0.284899 -0.029987 -0.000000
vn -0.0000 -0.0000 1.0000
vn -0.0000 -0.0000 -1.0000
vt 0.000000 0.000000
vt 0.666666 0.437500
vt 0.666667 0.624999
vt 0.666667 0.562500
vt 0.747396 0.636484
vt 0.666667 0.750000
vt 0.666667 0.687500
vt 0.812500 0.507539
vt 0.666667 0.875000
vt 0.666667 0.812500
vt 0.880208 0.499956
vt 0.927083 0.753906
vt 0.872366 0.837231
vt 0.746094 0.339844
vt 0.755208 0.468446
vt 0.666667 0.375000
vt 0.791667 0.218750
vt 0.828125 0.328125
vt 0.778646 0.296875
vt 0.824025 0.605488
vt 0.804688 0.156250
vt 0.859375 0.265625
vt 0.854167 0.000000
vt 0.875000 0.000000
vt 0.833333 0.000000
vt 0.833333 1.000000
vt 0.666674 0.999986
vt 0.666667 0.937500
vt 0.895833 1.000000
vt 0.875000 1.000000
vt 0.854167 1.000000
vt 0.812500 1.000000
vt 0.687500 1.000001
vt 0.916667 1.000000
vt 0.963542 0.859375
vt 0.937501 0.999999
vt 0.968750 0.218750
vt 0.942708 0.109375
vt 0.968750 0.093750
vt 1.000000 0.187500
vt 1.000000 0.250000
vt 0.927083 0.187500
vt 0.910156 0.101562
vt 0.925781 0.308594
vt 0.947917 0.343750
vt 0.968750 0.343750
vt 1.000000 0.375000
vt 1.000000 0.625000
vt 0.958333 0.484375
vt 0.968750 0.656250
vt 0.942708 0.570312
vt 1.000000 0.500000
vt 1.000000 0.562500
vt 0.968750 0.765625
vt 0.916667 0.484375
vt 0.666667 0.312500
vt 0.666667 0.250000
vt 0.666667 0.125000
vt 0.708333 0.000000
vt 0.729167 -0.000000
vt 0.760417 0.062500
vt 0.770833 -0.000000
vt 0.750000 0.000000
vt 0.791667 0.000000
vt 0.812500 0.000000
vt 0.739583 0.156250
vt 0.861979 0.109375
vt 0.791667 1.000000
vt 1.000000 0.750000
vt 1.000000 0.812500
vt 1.000000 0.875000
vt 0.958333 1.000000
vt 1.000000 0.937500
vt 0.979167 1.000000
vt 0.916667 0.000000
vt 0.937500 0.000000
vt 0.958333 0.000000
vt 1.000000 0.125000
vt 0.979167 0.000000
vt 1.000000 0.062500
vt 1.000000 0.312500
vt 1.000000 0.437500
vt 1.000000 0.687500
vt 0.666667 0.500000
vt 0.687500 0.000000
vt 0.666667 0.062500
vt 0.666667 0.000000
vt 0.697917 0.187500
vt 0.718750 0.093750
vt 0.666667 0.187500
vt 0.895833 0.000000
vt 0.729167 1.000000
vt 0.770833 1.000000
vt 0.750000 1.000000
vt 0.708333 1.000000
vt 1.000000 1.000000
vt 1.000000 0.000000
s 0
f 145/1/1 127/1/1 130/1/1
f 25/1/1 32/1/1 127/1/1
f 126/1/1 42/1/1 41/1/1
f 114/1/1 126/1/1 25/1/1
f 123/1/1 117/1/1 118/1/1
f 26/1/1 24/1/1 122/1/1
f 23/1/1 22/1/1 1/1/1
f 68/2/1 102/3/1 69/4/1
f 99/5/1 73/6/1 70/7/1
f 96/8/1 52/9/1 99/5/1
f 99/5/2 52/9/2 17/10/2
f 139/11/1 100/12/1 112/13/1
f 101/14/1 97/15/1 67/16/1
f 92/17/1 103/18/1 93/19/1
f 103/18/1 139/11/1 104/20/1
f 142/21/1 91/22/1 92/17/1
f 79/23/1 78/24/1 14/25/1
f 129/26/1 9/27/1 53/28/1
f 112/13/1 129/26/1 104/20/1
f 89/29/1 88/30/1 112/13/1
f 112/13/1 87/31/1 129/26/1
f 34/1/1 123/1/1 33/1/1
f 19/1/1 20/1/1 143/1/1
f 33/1/1 123/1/1 124/1/1
f 125/1/1 131/1/1 39/1/1
f 29/1/1 4/1/1 146/1/1
f 114/1/1 127/1/1 146/1/1
f 145/1/1 128/1/1 144/1/1
f 129/26/1 86/32/1 147/33/1
f 128/1/1 145/1/1 130/1/1
f 114/1/1 25/1/1 127/1/1
f 26/1/1 128/1/1 30/1/1
f 126/1/1 131/1/1 42/1/1
f 42/1/1 131/1/1 2/1/1
f 131/1/1 121/1/1 120/1/1
f 43/1/1 42/1/1 2/1/1
f 41/1/1 25/1/1 126/1/1
f 124/1/1 123/1/1 118/1/1
f 115/1/1 26/1/1 122/1/1
f 117/1/1 1/1/1 116/1/1
f 113/34/1 132/35/1 133/36/1
f 89/29/1 100/12/1 113/34/1
f 90/37/1 134/38/1 135/39/1
f 90/37/1 47/40/1 12/41/1
f 111/42/1 110/43/1 134/38/1
f 105/44/1 90/37/1 136/45/1
f 136/45/1 90/37/1 137/46/1
f 61/47/1 58/48/1 94/49/1
f 138/50/1 95/51/1 94/49/1
f 58/48/1 11/52/1 59/53/1
f 98/54/1 95/51/1 138/50/1
f 100/12/1 95/51/1 98/54/1
f 102/3/1 99/5/1 70/7/1
f 52/9/1 96/8/1 104/20/1
f 99/5/1 17/10/1 73/6/1
f 130/1/1 30/1/1 128/1/1
f 100/12/1 139/11/1 106/55/1
f 104/20/1 139/11/1 112/13/1
f 66/56/1 101/14/1 67/16/1
f 71/57/1 93/19/1 101/14/1
f 96/8/1 101/14/1 93/19/1
f 103/18/1 92/17/1 91/22/1
f 99/5/1 97/15/1 101/14/1
f 105/44/1 106/55/1 139/11/1
f 139/11/1 103/18/1 91/22/1
f 64/58/1 45/59/1 44/60/1
f 107/61/1 82/62/1 142/21/1
f 107/61/1 15/63/1 82/62/1
f 78/24/1 81/64/1 80/65/1
f 93/19/1 108/66/1 92/17/1
f 80/65/1 14/25/1 78/24/1
f 92/17/1 108/66/1 142/21/1
f 142/21/1 109/67/1 110/43/1
f 112/13/1 100/12/1 89/29/1
f 35/1/1 143/1/1 34/1/1
f 37/1/1 125/1/1 39/1/1
f 40/1/1 37/1/1 39/1/1
f 5/1/1 27/1/1 144/1/1
f 146/1/1 127/1/1 145/1/1
f 147/33/1 86/32/1 85/68/1
f 9/27/1 129/26/1 147/33/1
f 18/1/1 131/1/1 125/1/1
f 128/1/1 26/1/1 115/1/1
f 120/1/1 2/1/1 131/1/1
f 23/1/1 117/1/1 123/1/1
f 24/1/1 123/1/1 122/1/1
f 98/54/1 113/34/1 100/12/1
f 32/1/1 130/1/1 127/1/1
f 10/69/1 132/35/1 98/54/1
f 56/70/1 133/36/1 132/35/1
f 55/71/1 50/72/1 133/36/1
f 54/73/1 51/74/1 50/72/1
f 13/75/1 134/38/1 110/43/1
f 90/37/1 111/42/1 134/38/1
f 76/76/1 135/39/1 134/38/1
f 75/77/1 48/78/1 135/39/1
f 74/79/1 49/80/1 48/78/1
f 135/39/1 47/40/1 90/37/1
f 137/46/1 95/51/1 136/45/1
f 105/44/1 111/42/1 90/37/1
f 62/81/1 94/49/1 137/46/1
f 12/41/1 137/46/1 90/37/1
f 60/82/1 58/48/1 61/47/1
f 136/45/1 106/55/1 105/44/1
f 94/49/1 57/83/1 138/50/1
f 138/50/1 10/69/1 98/54/1
f 67/16/1 102/3/1 68/2/1
f 95/51/1 100/12/1 106/55/1
f 99/5/1 102/3/1 97/15/1
f 93/19/1 104/20/1 96/8/1
f 101/14/1 66/56/1 71/57/1
f 69/4/1 72/84/1 68/2/1
f 46/85/1 63/86/1 8/87/1
f 96/8/1 99/5/1 101/14/1
f 91/22/1 105/44/1 139/11/1
f 141/88/1 44/60/1 140/89/1
f 141/88/1 140/89/1 108/66/1
f 15/63/1 140/89/1 44/60/1
f 64/58/1 46/85/1 45/59/1
f 93/19/1 141/88/1 108/66/1
f 108/66/1 140/89/1 107/61/1
f 44/60/1 65/90/1 64/58/1
f 71/57/1 65/90/1 141/88/1
f 82/62/1 109/67/1 142/21/1
f 13/75/1 109/67/1 77/91/1
f 78/24/1 82/62/1 81/64/1
f 142/21/1 108/66/1 107/61/1
f 109/67/1 78/24/1 77/91/1
f 111/42/1 91/22/1 110/43/1
f 104/20/1 53/28/1 52/9/1
f 91/22/1 142/21/1 110/43/1
f 20/1/1 34/1/1 143/1/1
f 88/30/1 87/31/1 112/13/1
f 20/1/1 122/1/1 123/1/1
f 21/1/1 115/1/1 122/1/1
f 38/1/1 114/1/1 4/1/1
f 126/1/1 38/1/1 39/1/1
f 37/1/1 40/1/1 3/1/1
f 125/1/1 37/1/1 36/1/1
f 126/1/1 39/1/1 131/1/1
f 28/1/1 144/1/1 27/1/1
f 28/1/1 146/1/1 145/1/1
f 83/92/1 84/93/1 16/94/1
f 146/1/1 4/1/1 114/1/1
f 115/1/1 144/1/1 128/1/1
f 115/1/1 5/1/1 144/1/1
f 148/95/1 85/68/1 84/93/1
f 130/1/1 31/1/1 30/1/1
f 18/1/1 121/1/1 131/1/1
f 120/1/1 119/1/1 2/1/1
f 23/1/1 1/1/1 117/1/1
f 24/1/1 23/1/1 123/1/1
f 98/54/1 132/35/1 113/34/1
f 32/1/1 31/1/1 130/1/1
f 10/69/1 56/70/1 132/35/1
f 56/70/1 55/71/1 133/36/1
f 55/71/1 54/73/1 50/72/1
f 54/73/1 7/96/1 51/74/1
f 13/75/1 76/76/1 134/38/1
f 76/76/1 75/77/1 135/39/1
f 75/77/1 74/79/1 48/78/1
f 74/79/1 6/97/1 49/80/1
f 135/39/1 48/78/1 47/40/1
f 137/46/1 94/49/1 95/51/1
f 62/81/1 61/47/1 94/49/1
f 12/41/1 62/81/1 137/46/1
f 60/82/1 11/52/1 58/48/1
f 136/45/1 95/51/1 106/55/1
f 94/49/1 58/48/1 57/83/1
f 138/50/1 57/83/1 10/69/1
f 67/16/1 97/15/1 102/3/1
f 93/19/1 103/18/1 104/20/1
f 46/85/1 64/58/1 63/86/1
f 15/63/1 107/61/1 140/89/1
f 93/19/1 71/57/1 141/88/1
f 44/60/1 141/88/1 65/90/1
f 82/62/1 78/24/1 109/67/1
f 13/75/1 110/43/1 109/67/1
f 111/42/1 105/44/1 91/22/1
f 104/20/1 129/26/1 53/28/1
f 20/1/1 123/1/1 34/1/1
f 20/1/1 21/1/1 122/1/1
f 21/1/1 5/1/1 115/1/1
f 38/1/1 126/1/1 114/1/1
f 28/1/1 145/1/1 144/1/1
f 28/1/1 29/1/1 146/1/1
f 83/92/1 148/95/1 84/93/1
f 148/95/1 147/33/1 85/68/1
# Blender 4.2.0
# www.blender.org
o Plane
v -0.390142 0.200018 -0.000000
v 0.022026 0.614848 0.000000
v -0.085368 -0.544634 -0.000000
v 0.036016 -0.399896 0.000000
v 0.025130 0.065018 0.000000
v -0.027285 0.165461 -0.000000
v 0.091674 0.301093 0.000000
v -0.272356 -0.148167 -0.000000
v -0.220525 -0.268708 -0.000000
v -0.182057 -0.332961 -0.000000
v -0.114218 -0.145104 -0.000000
v -0.343966 0.041585 -0.000000
v -0.404919 0.285538 -0.000000
v -0.408457 0.347152 -0.000000
v -0.292768 0.636774 -0.000000
v -0.388207 0.473736 -0.000000
v -0.357885 0.542508 -0.000000
v -0.327378 0.592642 -0.000000
v -0.004976 -0.232539 -0.000000
v -0.090020 -0.181717 -0.000000
v -0.062306 -0.212133 -0.000000
v -0.031285 -0.228768 -0.000000
v -0.131035 0.579345 -0.000000
v -0.077799 0.603296 -0.000000
v -0.027361 0.614127 -0.000000
v -0.177864 0.544600 -0.000000
v -0.191869 0.713823 -0.000000
v -0.094352 -0.516925 -0.000000
v -0.096909 -0.482943 -0.000000
v -0.062373 -0.407297 -0.000000
v -0.036111 -0.399913 -0.000000
v 0.252588 -0.197240 0.000000
v 0.202045 -0.303348 0.000000
v 0.169684 -0.346467 0.000000
v 0.152131 -0.067984 0.000000
v 0.191504 0.032522 0.000000
v 0.225651 0.140958 0.000000
v 0.404919 0.285536 0.000000
v 0.408457 0.347151 0.000000
v 0.404256 0.405076 0.000000
v 0.388207 0.473736 0.000000
v 0.327378 0.592643 0.000000
v 0.292767 0.636776 0.000000
v 0.024561 -0.230485 0.000000
v 0.051829 -0.219370 0.000000
v 0.114218 -0.145104 0.000000
v 0.077798 0.603296 0.000000
v 0.131036 0.579345 0.000000
v 0.177865 0.544599 0.000000
v 0.062373 -0.407297 0.000000
v 0.092544 -0.525311 0.000000
v 0.080684 -0.552421 0.000000
v -0.024751 0.103038 -0.000000
v 0.021177 0.061930 0.000000
v -0.003286 0.376786 -0.000000
v -0.058662 0.373656 -0.000000
v -0.008381 0.352754 -0.000000
v 0.037931 0.287579 0.000000
v 0.005930 0.230168 0.000000
v 0.024003 0.246213 0.000000
v -0.041581 0.149160 -0.000000
v -0.079154 0.175351 -0.000000
v 0.083904 0.323655 0.000000
v 0.069990 0.344205 0.000000
v 0.042944 0.365762 0.000000
v -0.054425 0.194565 -0.000000
v -0.164713 -0.349918 -0.000000
v -0.152131 -0.067985 -0.000000
v -0.191504 0.032522 -0.000000
v -0.225651 0.140958 -0.000000
v -0.249144 0.243586 -0.000000
v -0.255632 0.384219 -0.000000
v -0.248003 0.427048 -0.000000
v -0.229521 0.476610 -0.000000
v -0.206483 0.512515 -0.000000
v -0.245028 0.681786 -0.000000
v -0.135259 0.735960 -0.000000
v 0.000266 -0.312934 0.000000
v 0.019243 0.756516 0.000000
v -0.055393 0.753654 -0.000000
v -0.067609 -0.564829 -0.000000
v -0.036019 -0.574665 -0.000000
v 0.147350 -0.358053 0.000000
v 0.249144 0.243586 0.000000
v 0.258218 0.329553 0.000000
v 0.255632 0.384220 0.000000
v 0.248003 0.427048 0.000000
v 0.229521 0.476610 0.000000
v 0.206483 0.512514 0.000000
v 0.245027 0.681787 0.000000
v 0.191871 0.713822 0.000000
v 0.134224 0.736309 0.000000
v 0.049159 -0.315626 0.000000
v 0.079979 -0.325780 0.000000
v 0.073270 0.750592 0.000000
v 0.036110 -0.574648 0.000000
v 0.062207 -0.567333 0.000000
v -0.051768 0.081968 -0.000000
v -0.072882 0.368266 -0.000000
v -0.034044 0.362965 -0.000000
v 0.070798 0.230201 0.000000
v 0.085990 0.252809 0.000000
v 0.092835 0.278943 0.000000
v -0.091521 0.132980 -0.000000
v -0.089605 0.157424 -0.000000
v 0.021681 0.322877 0.000000
v -0.404256 0.405076 -0.000000
v -0.081366 -0.422782 -0.000000
v -0.092401 -0.448583 -0.000000
v 0.357884 0.542511 0.000000
v 0.081204 -0.193244 0.000000
v 0.096909 -0.491618 0.000000
v 0.081276 -0.422682 0.000000
v 0.093371 -0.451644 0.000000
v -0.015409 0.067566 -0.000000
v 0.034733 0.262641 0.000000
v -0.075963 0.101769 -0.000000
v -0.043216 0.128865 -0.000000
v -0.147350 -0.358053 -0.000000
v -0.125620 -0.354780 -0.000000
v -0.079979 -0.325780 -0.000000
v -0.258218 0.329553 -0.000000
v -0.049105 -0.315613 -0.000000
v 0.125620 -0.354780 0.000000
v 0.390142 0.200019 0.000000
v 0.343967 0.041588 0.000000
v 0.049100 0.209836 0.000000
v 0.019526 0.372910 0.000000
v -0.032039 0.376368 -0.000000
vn -0.0000 -0.0000 1.0000
vt 0.608574 0.000000
vt 0.000000 0.000000
vt 0.177233 -0.000001
vt 0.000000 -0.000001
vt 0.000000 0.085757
vt 0.000000 0.000000
vt -0.000000 0.408539
vt -0.000000 0.452568
vt 0.000000 0.400989
vt 0.000000 0.359034
vt 0.000000 0.442959
vt 0.000000 0.328273
vt 0.000000 0.480180
vt -0.000000 0.166998
vt 0.000000 0.031300
vt 1.000000 0.316668
vt 0.194119 -0.000000
vt 0.467144 -0.000000
vt 0.000000 0.085759
vt 0.000000 -0.000000
vt 0.000000 0.000000
vt 0.000000 0.000000
vt 0.000000 -0.000000
vt 0.763978 0.000000
vt -0.000000 0.422771
vt 0.000000 0.462590
vt 0.000000 0.382591
vt 0.000000 0.400988
vt 0.000000 0.359033
vt 0.000000 0.442959
vt 0.000000 0.329998
vt 0.000000 0.484070
vt 0.000000 0.316680
vt 0.219744 -0.000000
vt -0.000000 0.032017
vt 0.532856 0.000000
vt 0.799571 0.000000
vt 0.000000 0.167000
vt 0.000000 0.000000
vt 1.000000 0.343804
vt 1.000000 0.172690
vt 0.937105 -0.000000
vt 0.000000 0.333333
vt -0.000000 0.333333
vt 0.000000 0.333333
vt 0.000000 0.000000
vt 0.000000 0.333333
vt 0.000000 0.333333
vt 1.000000 0.406192
vt 0.963538 0.009773
vt 1.000000 0.135042
vt 0.729743 -0.000000
vt 1.000000 0.172690
vt 0.991511 0.021264
vt 1.000000 0.093153
vt 1.000000 0.469809
vt 1.000000 0.406088
vt 1.000000 0.343804
vt 1.000000 0.316208
vt 0.000000 0.000000
vt 0.000000 -0.000000
vt 0.000000 -0.000000
vt 0.000000 -0.000001
vt -0.000000 0.370308
vt -0.000000 0.487728
vt -0.000000 0.343201
vt 0.000000 0.316206
vt 0.000000 0.333333
vt 0.000000 0.333333
vt 0.000000 -0.000000
vt 0.000000 0.000000
vt 0.000000 -0.000000
vt 0.000000 -0.000000
vt 0.341532 -0.000000
vt 0.000000 0.343201
vt 1.000000 0.032556
vt 1.000000 0.093153
vt 0.000000 0.208240
vt 0.000000 0.473932
vt 0.000000 0.432830
vt 0.000000 0.208234
vt 0.000000 0.411060
vt 0.990567 0.041932
vt 1.000000 0.168022
vt 0.000000 0.333333
vt 0.000000 0.333333
vt 0.000000 -0.000000
vt -0.000000 0.333333
vt 0.000000 0.333333
vt -0.000000 -0.000000
s 0
f 9/1/1 1/2/1 8/3/1
f 18/4/1 76/5/1 15/6/1
f 21/7/1 9/1/1 22/8/1
f 23/9/1 76/5/1 26/10/1
f 24/11/1 76/5/1 23/9/1
f 77/12/1 24/11/1 25/13/1
f 30/14/1 108/15/1 82/16/1
f 109/17/1 29/18/1 108/15/1
f 90/19/1 42/20/1 43/21/1
f 41/22/1 110/23/1 90/19/1
f 42/20/1 90/19/1 110/23/1
f 33/24/1 45/25/1 44/26/1
f 45/25/1 33/24/1 111/27/1
f 90/19/1 48/28/1 49/29/1
f 47/30/1 92/31/1 2/32/1
f 4/33/1 114/34/1 113/35/1
f 112/36/1 114/34/1 51/37/1
f 113/35/1 50/38/1 4/33/1
f 82/16/1 114/34/1 4/33/1
f 5/39/1 115/39/1 54/39/1
f 100/39/1 55/39/1 56/39/1
f 116/39/1 102/39/1 58/39/1
f 116/39/1 127/39/1 102/39/1
f 127/39/1 60/39/1 59/39/1
f 60/39/1 127/39/1 116/39/1
f 104/39/1 117/39/1 62/39/1
f 117/39/1 98/39/1 53/39/1
f 62/39/1 61/39/1 6/39/1
f 63/39/1 64/39/1 65/39/1
f 7/39/1 63/39/1 102/39/1
f 6/39/1 59/39/1 62/39/1
f 121/40/1 9/1/1 120/41/1
f 9/1/1 10/42/1 120/41/1
f 69/43/1 1/2/1 68/44/1
f 73/45/1 16/46/1 72/47/1
f 16/46/1 73/45/1 74/48/1
f 123/49/1 9/1/1 121/40/1
f 3/50/1 81/51/1 28/52/1
f 28/52/1 82/16/1 29/18/1
f 33/24/1 124/53/1 34/54/1
f 34/54/1 124/53/1 83/55/1
f 41/22/1 87/45/1 86/48/1
f 87/45/1 41/22/1 88/48/1
f 78/56/1 33/24/1 9/1/1
f 78/56/1 93/57/1 33/24/1
f 33/24/1 93/57/1 94/58/1
f 51/37/1 82/16/1 96/59/1
f 56/39/1 99/39/1 100/39/1
f 55/39/1 100/39/1 57/39/1
f 7/39/1 102/39/1 103/39/1
f 63/39/1 106/39/1 58/39/1
f 107/60/1 14/61/1 16/46/1
f 1/2/1 14/61/1 13/62/1
f 18/4/1 17/63/1 76/5/1
f 16/46/1 76/5/1 17/63/1
f 20/64/1 9/1/1 21/7/1
f 22/8/1 9/1/1 19/65/1
f 9/1/1 20/64/1 11/66/1
f 92/31/1 77/12/1 25/13/1
f 77/12/1 76/5/1 24/11/1
f 4/33/1 31/67/1 82/16/1
f 31/67/1 30/14/1 82/16/1
f 82/16/1 108/15/1 29/18/1
f 36/68/1 35/69/1 125/70/1
f 41/22/1 39/71/1 40/72/1
f 38/73/1 39/71/1 125/70/1
f 111/27/1 33/24/1 32/74/1
f 33/24/1 44/26/1 19/65/1
f 46/75/1 111/27/1 32/74/1
f 47/30/1 48/28/1 90/19/1
f 47/30/1 90/19/1 92/31/1
f 98/39/1 115/39/1 53/39/1
f 53/39/1 115/39/1 5/39/1
f 46/75/1 32/74/1 125/70/1
f 101/39/1 102/39/1 127/39/1
f 62/39/1 118/39/1 61/39/1
f 62/39/1 117/39/1 118/39/1
f 118/39/1 117/39/1 53/39/1
f 58/39/1 102/39/1 63/39/1
f 62/39/1 59/39/1 66/39/1
f 10/42/1 67/76/1 120/41/1
f 67/76/1 119/77/1 120/41/1
f 122/47/1 72/47/1 14/61/1
f 72/47/1 16/46/1 14/61/1
f 27/78/1 76/5/1 77/12/1
f 78/56/1 9/1/1 123/49/1
f 19/65/1 9/1/1 33/24/1
f 79/79/1 80/80/1 92/31/1
f 92/31/1 80/80/1 77/12/1
f 28/52/1 81/51/1 82/16/1
f 94/58/1 124/53/1 33/24/1
f 39/71/1 86/48/1 85/47/1
f 39/71/1 41/22/1 86/48/1
f 92/31/1 90/19/1 91/81/1
f 79/79/1 92/31/1 95/82/1
f 52/83/1 96/59/1 97/84/1
f 52/83/1 51/37/1 96/59/1
f 51/37/1 114/34/1 82/16/1
f 62/39/1 105/39/1 104/39/1
f 57/39/1 106/39/1 65/39/1
f 57/39/1 65/39/1 55/39/1
f 63/39/1 65/39/1 106/39/1
f 127/39/1 59/39/1 6/39/1
f 125/70/1 35/69/1 46/75/1
f 68/44/1 1/2/1 11/66/1
f 122/47/1 14/61/1 71/85/1
f 16/46/1 74/48/1 76/5/1
f 88/48/1 41/22/1 90/19/1
f 39/71/1 85/47/1 84/45/1
f 37/86/1 36/68/1 125/70/1
f 125/70/1 32/74/1 126/87/1
f 125/70/1 84/45/1 37/86/1
f 84/45/1 125/70/1 39/71/1
f 1/2/1 69/43/1 70/88/1
f 71/85/1 1/2/1 70/88/1
f 76/5/1 74/48/1 75/89/1
f 89/45/1 88/48/1 90/19/1
f 71/85/1 14/61/1 1/2/1
f 1/2/1 12/90/1 8/3/1
f 26/10/1 76/5/1 75/89/1
f 92/31/1 25/13/1 2/32/1
f 90/19/1 49/29/1 89/45/1
f 9/1/1 11/66/1 1/2/1
f 55/39/1 65/39/1 128/39/1
f 56/39/1 55/39/1 129/39/1
# Blender 4.2.0
# www.blender.org
o Plane.001
v 0.203381 0.300499 0.000000
v 0.203381 -0.106264 0.000000
v 0.080777 0.357757 0.000000
v -0.063521 -0.166719 -0.000000
v 0.080777 -0.163521 0.000000
v -0.260639 0.177895 -0.000000
v 0.260639 0.177895 0.000000
v 0.036644 0.801574 0.000000
v -0.036644 0.801574 0.000000
v -0.036644 0.464999 0.000000
v 0.036644 0.464999 0.000000
v -0.464422 0.624382 -0.000000
v -0.516244 0.572560 -0.000000
v -0.278250 0.334566 -0.000000
v -0.226428 0.386388 0.000000
v -0.693436 0.144782 -0.000000
v -0.693436 0.071494 -0.000000
v -0.356861 0.071494 -0.000000
v -0.356861 0.144782 -0.000000
v -0.516244 -0.356284 -0.000000
v -0.464422 -0.408106 -0.000000
v -0.226428 -0.170112 -0.000000
v -0.278250 -0.118290 -0.000000
v -0.036644 -0.585298 -0.000000
v 0.036644 -0.585298 -0.000000
v 0.036644 -0.248723 -0.000000
v -0.036644 -0.248723 -0.000000
v 0.464422 -0.408106 -0.000000
v 0.516244 -0.356284 -0.000000
v 0.278250 -0.118290 -0.000000
v 0.226428 -0.170112 -0.000000
v 0.693436 0.071495 0.000000
v 0.693436 0.144782 0.000000
v 0.356861 0.144782 0.000000
v 0.356861 0.071494 0.000000
v 0.516244 0.572560 0.000000
v 0.464422 0.624382 0.000000
v 0.226428 0.386388 0.000000
v 0.278250 0.334566 0.000000
v -0.117121 0.349135 -0.000000
v -0.149797 0.336845 -0.000000
v -0.252017 -0.020003 -0.000000
v -0.239727 -0.052679 -0.000000
v 0.149797 -0.142610 0.000000
v 0.239727 0.246914 0.000000
v 0.223533 0.275686 0.000000
v 0.178568 0.320651 0.000000
v 0.149796 0.336845 0.000000
v 0.021522 0.364608 0.000000
v -0.063521 0.360955 -0.000000
v -0.149796 -0.142610 -0.000000
v -0.117121 -0.154899 -0.000000
v 0.021522 -0.170372 0.000000
v 0.117121 0.349135 0.000000
v -0.239727 0.246914 -0.000000
v -0.252017 0.214239 -0.000000
v -0.267490 0.118640 -0.000000
v -0.263837 0.033597 -0.000000
v 0.223533 -0.081450 0.000000
v 0.239727 -0.052679 0.000000
v 0.267490 0.118640 0.000000
v 0.117121 -0.154899 0.000000
v 0.263837 0.033597 0.000000
v 0.252017 0.214239 0.000000
v 0.252017 -0.020003 0.000000
v -0.011340 0.807229 0.000000
v 0.019884 0.805816 0.000000
v -0.046870 0.793750 0.000000
v 0.053731 0.775706 0.000000
v 0.046870 0.793750 0.000000
v 0.011341 0.459344 0.000000
v -0.046870 0.472824 0.000000
v -0.052267 0.486024 0.000000
v -0.054440 0.509629 0.000000
v -0.053731 0.775706 0.000000
v 0.046870 0.472824 0.000000
v 0.052267 0.486024 0.000000
v 0.054440 0.509629 0.000000
v -0.507393 0.587411 -0.000000
v -0.486313 0.610489 -0.000000
v -0.512424 0.546646 -0.000000
v -0.517942 0.559797 -0.000000
v -0.451658 0.626081 -0.000000
v -0.438508 0.620562 -0.000000
v -0.235279 0.371538 0.000000
v -0.256359 0.348459 -0.000000
v -0.291014 0.332868 -0.000000
v -0.308624 0.340775 -0.000000
v -0.497270 0.528418 -0.000000
v -0.224730 0.399152 0.000000
v -0.420280 0.605408 0.000000
v -0.697677 0.088254 -0.000000
v -0.699091 0.119480 -0.000000
v -0.672411 0.055871 -0.000000
v -0.685611 0.061268 -0.000000
v -0.685611 0.155008 -0.000000
v -0.667568 0.161869 -0.000000
v -0.351206 0.119479 -0.000000
v -0.352619 0.088254 -0.000000
v -0.364685 0.061268 -0.000000
v -0.382729 0.054407 -0.000000
v -0.648806 0.053698 -0.000000
v -0.377886 0.160405 -0.000000
v -0.364685 0.155008 -0.000000
v -0.401491 0.162578 -0.000000
v -0.486313 -0.394213 -0.000000
v -0.507393 -0.371134 -0.000000
v -0.438508 -0.404286 -0.000000
v -0.451658 -0.409804 -0.000000
v -0.517942 -0.343520 -0.000000
v -0.510035 -0.325910 -0.000000
v -0.263400 -0.127141 -0.000000
v -0.240321 -0.148221 -0.000000
v -0.224730 -0.182875 -0.000000
v -0.232637 -0.200486 -0.000000
v -0.420279 -0.389132 -0.000000
v -0.304164 -0.122109 -0.000000
v -0.291014 -0.116591 -0.000000
v -0.322392 -0.137264 -0.000000
v 0.011341 -0.590953 -0.000000
v -0.019884 -0.589539 -0.000000
v 0.052267 -0.564272 -0.000000
v 0.046870 -0.577473 -0.000000
v -0.046870 -0.577473 -0.000000
v -0.052267 -0.564272 -0.000000
v -0.011341 -0.243067 -0.000000
v 0.019884 -0.244481 -0.000000
v 0.046870 -0.256547 -0.000000
v 0.053731 -0.274591 -0.000000
v 0.054440 -0.540668 -0.000000
v -0.046870 -0.256547 -0.000000
v -0.054440 -0.540668 -0.000000
v -0.053731 -0.274591 -0.000000
v 0.502352 -0.378175 -0.000000
v 0.479272 -0.399255 -0.000000
v 0.517942 -0.343520 -0.000000
v 0.451658 -0.409804 -0.000000
v 0.438508 -0.404286 -0.000000
v 0.235279 -0.155262 -0.000000
v 0.256359 -0.132182 -0.000000
v 0.291014 -0.116591 -0.000000
v 0.322392 -0.137264 -0.000000
v 0.510035 -0.325910 -0.000000
v 0.232637 -0.200486 -0.000000
v 0.224730 -0.182875 -0.000000
v 0.420279 -0.389131 -0.000000
v 0.699091 0.119479 0.000000
v 0.697677 0.088254 0.000000
v 0.672410 0.160405 0.000000
v 0.685611 0.155008 0.000000
v 0.685611 0.061268 0.000000
v 0.667568 0.054407 0.000000
v 0.351206 0.096797 0.000000
v 0.352619 0.128022 0.000000
v 0.364685 0.155008 0.000000
v 0.382729 0.161869 0.000000
v 0.648806 0.162579 0.000000
v 0.377886 0.055871 0.000000
v 0.364685 0.061268 0.000000
v 0.401491 0.053698 0.000000
v 0.486313 0.610490 0.000000
v 0.507393 0.587410 0.000000
v 0.438508 0.620563 0.000000
v 0.451658 0.626081 0.000000
v 0.517942 0.559797 0.000000
v 0.512424 0.546646 0.000000
v 0.497270 0.528418 0.000000
v 0.263400 0.343417 0.000000
v 0.224730 0.399152 0.000000
v 0.232637 0.416762 0.000000
v 0.420279 0.605408 0.000000
v 0.308624 0.340775 0.000000
v 0.291014 0.332868 0.000000
v 0.178568 -0.126415 0.000000
v -0.223533 -0.081450 -0.000000
v -0.203381 -0.106264 -0.000000
v -0.178568 -0.126415 -0.000000
v -0.203382 0.300499 -0.000000
v -0.223533 0.275686 -0.000000
v -0.178568 0.320651 -0.000000
v -0.019884 0.460757 0.000000
v -0.232637 0.416762 0.000000
v 0.304164 -0.122109 -0.000000
v 0.240321 0.364497 0.000000
vn -0.0000 -0.0000 1.0000
vt 0.277778 0.333333
vt 0.333333 0.416667
vt 0.247985 0.333333
vt 0.305556 0.333333
vt 0.333333 0.333333
vt 0.333333 0.547289
vt 0.333333 0.666667
vt 0.305556 0.666667
vt 0.247985 0.666667
vt 0.061867 0.666667
vt 0.027778 0.666667
vt -0.000000 0.583333
vt 0.333333 0.452711
vt 0.333333 0.583333
vt 0.271466 0.666667
vt 0.085348 0.666667
vt 0.055556 0.666667
vt -0.000000 0.416667
vt -0.000000 0.547287
vt 0.333333 0.547289
vt 0.277778 0.666667
vt 0.061867 0.666667
vt -0.000000 0.547292
vt 0.247985 0.666666
vt 0.027778 0.333333
vt 0.055556 0.333333
vt -0.000000 0.452710
vt 0.271466 0.666667
vt 0.085349 0.666667
vt 0.055556 0.666667
vt -0.000000 0.452712
vt 0.000000 0.583333
vt 0.271466 0.666667
vt 0.247985 0.333333
vt 0.061867 0.333333
vt 0.000000 0.452711
vt 0.247985 0.666667
vt 0.061867 0.666667
vt 0.000000 0.583333
vt 0.333333 0.452711
vt 0.271466 0.333333
vt -0.000000 0.452711
vt 0.085349 0.333333
vt 0.000000 0.583333
vt 0.750000 1.000000
vt 1.000000 0.916667
vt 0.916667 1.000000
vt 0.833333 1.000000
vt 0.630033 1.000000
vt 0.750000 -0.000000
vt 0.833333 0.000000
vt 0.916667 0.000000
vt 1.000000 0.250000
vt 1.000000 0.543409
vt 0.000000 0.750000
vt -0.000000 0.543408
vt 0.000000 0.250000
vt 0.000000 0.166667
vt 0.000000 0.083333
vt 0.250000 -0.000000
vt 0.456591 -0.000000
vt 0.000000 0.916667
vt 0.250000 1.000000
vt 0.083333 1.000000
vt 0.000000 0.833333
vt 1.000000 0.083333
vt 0.456591 1.000000
vt 0.277778 0.666667
vt 0.000000 0.333333
vt 0.000000 0.452714
vt 0.061867 0.333333
vt 0.000000 0.666667
vt 0.271466 0.333333
vt 0.055556 0.333333
vt 0.085348 0.333333
vt 0.271466 0.333333
vt 0.000000 0.416667
vt 0.085349 0.333333
vt 0.000000 0.583333
vt 0.061867 0.666667
vt 0.271466 0.333333
vt 0.085349 0.333333
vt 0.000000 0.583333
vt 0.085349 0.666667
vt -0.000000 0.452712
vt 0.085349 0.333333
vt 0.271466 0.666667
vt 0.085349 0.666667
vt 1.000000 0.833333
vt 1.000000 0.750000
vt 1.000000 0.166667
vt 1.000000 0.666667
vt 0.630033 -0.000000
vt 0.083333 0.000000
vt 0.166667 0.000000
vt 0.333333 0.000000
vt 0.166667 1.000000
vt 0.333333 1.000000
vt 0.085349 0.333333
vt 1.000000 1.000000
vt 0.000000 0.369968
vt 1.000000 0.369967
vt -0.000000 1.000000
vt 0.000000 0.666667
vt 0.000000 0.000000
vt 1.000000 0.000000
s 0
f 73/1/1 181/2/1 74/3/1
f 72/4/1 181/2/1 73/1/1
f 10/5/1 181/2/1 72/4/1
f 71/6/1 11/7/1 76/8/1
f 181/2/1 78/9/1 74/3/1
f 69/10/1 70/11/1 67/12/1
f 14/5/1 86/13/1 87/4/1
f 85/14/1 15/7/1 90/8/1
f 85/14/1 90/8/1 182/15/1
f 91/16/1 84/17/1 79/18/1
f 84/17/1 83/11/1 80/19/1
f 18/5/1 99/2/1 100/4/1
f 98/20/1 19/7/1 104/8/1
f 98/20/1 104/8/1 103/21/1
f 98/20/1 103/21/1 105/9/1
f 97/22/1 96/11/1 93/23/1
f 22/5/1 113/13/1 114/4/1
f 112/14/1 23/7/1 118/8/1
f 112/14/1 118/8/1 117/21/1
f 112/14/1 117/21/1 119/24/1
f 109/25/1 108/26/1 106/27/1
f 26/5/1 127/2/1 128/4/1
f 126/20/1 27/7/1 131/8/1
f 126/20/1 131/8/1 133/28/1
f 132/29/1 125/30/1 120/31/1
f 125/30/1 124/11/1 121/32/1
f 30/5/1 140/13/1 141/4/1
f 139/14/1 31/7/1 145/8/1
f 139/14/1 145/8/1 144/33/1
f 142/34/1 139/14/1 144/33/1
f 136/25/1 143/35/1 134/36/1
f 34/5/1 154/2/1 155/4/1
f 153/20/1 35/7/1 159/8/1
f 153/20/1 159/8/1 158/21/1
f 153/20/1 158/21/1 160/37/1
f 152/38/1 151/11/1 148/39/1
f 169/4/1 184/40/1 170/41/1
f 38/5/1 184/40/1 169/4/1
f 168/14/1 39/7/1 173/8/1
f 164/25/1 163/26/1 161/42/1
f 163/26/1 171/43/1 162/44/1
f 65/45/1 174/46/1 59/47/1
f 60/48/1 65/45/1 59/47/1
f 65/45/1 63/49/1 174/46/1
f 42/50/1 43/51/1 175/52/1
f 63/49/1 42/50/1 52/53/1
f 174/46/1 63/49/1 53/54/1
f 54/55/1 49/56/1 63/49/1
f 40/57/1 41/58/1 180/59/1
f 63/49/1 56/60/1 57/61/1
f 54/55/1 63/49/1 47/62/1
f 63/49/1 64/63/1 46/64/1
f 48/65/1 54/55/1 47/62/1
f 175/52/1 177/66/1 52/53/1
f 64/63/1 63/49/1 61/67/1
f 77/68/1 71/6/1 76/8/1
f 78/9/1 181/2/1 77/68/1
f 9/69/1 68/25/1 66/70/1
f 68/25/1 75/71/1 66/70/1
f 66/70/1 75/71/1 69/10/1
f 67/12/1 70/11/1 8/72/1
f 87/4/1 86/13/1 88/73/1
f 13/69/1 82/25/1 79/18/1
f 82/25/1 81/74/1 79/18/1
f 81/74/1 89/75/1 79/18/1
f 79/18/1 89/75/1 91/16/1
f 80/19/1 83/11/1 12/72/1
f 100/4/1 99/2/1 101/76/1
f 92/77/1 95/25/1 94/74/1
f 17/69/1 95/25/1 92/77/1
f 94/74/1 102/78/1 92/77/1
f 92/77/1 102/78/1 97/22/1
f 93/23/1 96/11/1 16/72/1
f 114/4/1 113/13/1 115/41/1
f 21/69/1 109/25/1 106/27/1
f 110/11/1 107/79/1 111/80/1
f 107/79/1 110/11/1 20/72/1
f 128/4/1 127/2/1 129/81/1
f 25/69/1 123/25/1 120/31/1
f 123/25/1 122/74/1 120/31/1
f 122/74/1 130/82/1 120/31/1
f 120/31/1 130/82/1 132/29/1
f 121/32/1 124/11/1 24/72/1
f 130/82/1 129/81/1 132/29/1
f 141/4/1 140/13/1 183/1/1
f 183/1/1 139/14/1 142/34/1
f 29/69/1 136/25/1 134/36/1
f 137/11/1 135/83/1 138/30/1
f 135/83/1 146/84/1 138/30/1
f 135/83/1 137/11/1 28/72/1
f 155/4/1 154/2/1 156/81/1
f 33/69/1 150/25/1 147/85/1
f 150/25/1 149/74/1 147/85/1
f 149/74/1 157/86/1 147/85/1
f 147/85/1 157/86/1 152/38/1
f 148/39/1 151/11/1 32/72/1
f 160/37/1 152/38/1 156/81/1
f 172/87/1 168/14/1 173/8/1
f 37/69/1 164/25/1 161/42/1
f 171/43/1 167/88/1 162/44/1
f 162/44/1 167/88/1 166/30/1
f 162/44/1 166/30/1 165/11/1
f 162/44/1 165/11/1 36/72/1
f 44/89/1 174/46/1 62/90/1
f 42/50/1 175/52/1 52/53/1
f 53/54/1 63/49/1 52/53/1
f 52/53/1 177/66/1 51/91/1
f 53/54/1 5/92/1 62/90/1
f 62/90/1 174/46/1 53/54/1
f 63/49/1 49/56/1 180/59/1
f 58/93/1 63/49/1 57/61/1
f 180/59/1 179/94/1 56/60/1
f 56/60/1 179/94/1 55/95/1
f 63/49/1 180/59/1 56/60/1
f 57/61/1 56/60/1 6/96/1
f 63/49/1 58/93/1 42/50/1
f 45/97/1 46/64/1 64/63/1
f 71/6/1 77/68/1 181/2/1
f 7/98/1 64/63/1 61/67/1
f 74/3/1 78/9/1 69/10/1
f 69/10/1 75/71/1 74/3/1
f 84/17/1 80/19/1 79/18/1
f 91/16/1 89/75/1 182/15/1
f 89/75/1 88/73/1 182/15/1
f 98/20/1 101/76/1 99/2/1
f 97/22/1 93/23/1 92/77/1
f 97/22/1 102/78/1 101/76/1
f 97/22/1 101/76/1 105/9/1
f 116/99/1 115/41/1 119/24/1
f 126/20/1 129/81/1 127/2/1
f 146/84/1 143/35/1 144/33/1
f 153/20/1 156/81/1 154/2/1
f 152/38/1 157/86/1 156/81/1
f 184/40/1 172/87/1 170/41/1
f 167/88/1 171/43/1 172/87/1
f 174/46/1 2/100/1 59/47/1
f 171/43/1 170/41/1 172/87/1
f 50/101/1 180/59/1 49/56/1
f 52/53/1 4/102/1 53/54/1
f 47/62/1 46/64/1 1/103/1
f 49/56/1 54/55/1 3/104/1
f 178/105/1 179/94/1 180/59/1
f 107/79/1 116/99/1 111/80/1
f 69/10/1 67/12/1 66/70/1
f 86/13/1 85/14/1 88/73/1
f 85/14/1 182/15/1 88/73/1
f 98/20/1 105/9/1 101/76/1
f 113/13/1 112/14/1 115/41/1
f 112/14/1 119/24/1 115/41/1
f 108/26/1 107/79/1 106/27/1
f 119/24/1 111/80/1 116/99/1
f 126/20/1 133/28/1 129/81/1
f 125/30/1 121/32/1 120/31/1
f 129/81/1 133/28/1 132/29/1
f 140/13/1 139/14/1 183/1/1
f 143/35/1 135/83/1 134/36/1
f 143/35/1 146/84/1 135/83/1
f 142/34/1 144/33/1 143/35/1
f 153/20/1 160/37/1 156/81/1
f 152/38/1 148/39/1 147/85/1
f 184/40/1 168/14/1 172/87/1
f 163/26/1 162/44/1 161/42/1
f 175/52/1 176/106/1 177/66/1
f 50/101/1 40/57/1 180/59/1
f 47/62/1 63/49/1 46/64/1
f 107/79/1 108/26/1 116/99/1
# Blender 4.2.0
# www.blender.org
mtllib triangleobj.mtl
o Plane
v -1.000000 0.000000 1.000000
v 1.000000 0.000000 1.000000
v -1.000000 0.000000 -1.000000
vn -0.0000 1.0000 -0.0000
vt 1.000000 0.000000
vt 0.000000 1.000000
vt 0.000000 0.000000
s 0
f 2/1/1 3/2/1 1/3/1
#version 300 es
precision highp float;

struct Material {
    vec3 ambient;
    vec3 diffuse;
    vec3 specular;
    float shininess;
};
uniform Material material;

in vec3 ourNormal;
in vec2 TextureCord;
in vec3 FragPos;

uniform sampler2D texture1;
uniform vec3 lightPos;
uniform vec3 viewPos;
uniform vec3 lightColor;

out vec4 FragColor;

void main()
{
    // Ambient
    vec3 ambient = lightColor * material.ambient;

    // Diffuse
    vec3 norm = normalize(ourNormal);
    vec3 lightDir = normalize(lightPos - FragPos);
    float diff = max(dot(norm, lightDir), 0.0);
    vec3 diffuse = lightColor * (material.diffuse * diff);

    // Specular
    vec3 viewDir = normalize(viewPos - FragPos);
    vec3 reflectDir = reflect(-lightDir, norm);
    float spec = pow(max(dot(viewDir, reflectDir), 0.0), material.shininess);
    vec3 specular = lightColor * (material.specular * spec);

    vec3 color = ambient + diffuse + specular;
    FragColor = vec4(color, 1.0) * texture(texture1, TextureCord);
}
#version 300 es //330 core

out vec4 FragColor;

in vec3 ourNoraml;
in vec2 TextureCord;

uniform sampler2D texture1;
//uniform sampler2D texture2;

void main()
{
	//FragColor = ourColor;			!!No more ourColor
	FragColor = texture(texture1, TextureCord);
	//FragColor = mix(texture(texture1, TextureCord), texture(texture2, TextureCord), 0.5);
    //FragColor = texture(texture1, TextureCord) * vec4(ourColor);  !!No more ourColor
}#version 300 es
precision highp float;//Some 300 es shift

//ty https://www.youtube.com/watch?v=RqrkVmj-ntM

out vec4 FragColor;
in vec3 worldPos;
uniform vec3 uViewPos;


uniform float uGridSize;// = 100.0;
uniform float uCellSize;// = 0.02;
uniform float uMinCellSizeInPixels;// = 2.0;
uniform vec4 uGridColorThick;// = vec4(0.2, 0.2, 0.2, 0.8);
uniform vec4 uGridColorThin;// = vec4(0.6, 0.6, 0.6, 0.3);
uniform float gridFallofSize;// = 1.0;


uniform vec4 axisXColor;     // e.g. vec3(1.0, 0.0, 0.0)
uniform vec4 axisZColor;     // e.g. vec3(0.0, 0.0, 1.0)

float log10(float x) {
    float f = log(x) / log(10.0);
    return f;
}

float satf(float x) {
    float f = clamp(x, 0.0, 1.0);
    return f;
}

vec2 satv(vec2 x) {
    vec2 v = clamp(x, vec2(0.0), vec2(1.0));
    return v;
}

float max2(vec2 v) {
    float f = max(v.x, v.y);
    return f;
}


void main()
{
    float lx = length(vec2(dFdx(worldPos.x), dFdy(worldPos.x)));
    float ly = length(vec2(dFdx(worldPos.z), dFdy(worldPos.z)));

    vec2 dudv = vec2(lx, ly);
    float l = length(dudv);

    dudv *= 4.0;
    dudv = max(dudv, vec2(1e-5));

    float LOD = max(0.0, log10(l * uMinCellSizeInPixels / uCellSize) + 1.0);

    float CellSuzeLod0 = uCellSize * pow(10.0, floor(LOD));
    float CellSuzeLod1 = CellSuzeLod0 * 10.0;
    float CellSuzeLod2 = CellSuzeLod1 * 10.0;

    vec2 modDivDudv = mod(worldPos.xz, CellSuzeLod0) / dudv;
    float lod0a = max2(vec2(1.0) - abs(satv(modDivDudv) * 2.0 - vec2(1.0)));

    modDivDudv = mod(worldPos.xz, CellSuzeLod1) / dudv;
    float lod1a = max2(vec2(1.0) - abs(satv(modDivDudv) * 2.0 - vec2(1.0)));

    modDivDudv = mod(worldPos.xz, CellSuzeLod2) / dudv;
    float lod2a = max2(vec2(1.0) - abs(satv(modDivDudv) * 2.0 - vec2(1.0)));

    float LOD_Fade = fract(LOD);

    vec4 Color;
    float Lm2 = l * 2.0;

    if (lod2a > 0.0 ) {
        if (worldPos.x <= Lm2 && worldPos.x >= -Lm2){
            Color = axisXColor;
            Color.a *= lod2a;
        }else{
            if (worldPos.z <= Lm2 && worldPos.z >= -Lm2){
                Color = axisZColor;
                Color.a *= lod2a;
            }else{
                Color = uGridColorThick;
                Color.a *= lod2a;
            }
        }
    } else {
        if (lod1a > 0.0) {
            Color = mix(uGridColorThick, uGridColorThin, LOD_Fade);
            Color.a *= lod1a;
        }else{
            Color = uGridColorThin;
            Color.a *= (lod0a * (1.0 - LOD_Fade));
        }
    }

    float dist = length(worldPos.xz - uViewPos.xz);
    float OpacityFalloff = 1.0 - smoothstep(uGridSize * 0.8, uGridSize, dist);
    Color.a *= OpacityFalloff;

    FragColor = Color;
}
#version 300 es
//ty https://www.youtube.com/watch?v=RqrkVmj-ntM

layout (location = 0) in vec3 aPos;

uniform mat4 uView;
uniform mat4 uProjection;
uniform mat4 uModel;

out vec3 worldPos;

void main()
{
    vec4 world = uModel * vec4(aPos, 1.0);
    worldPos = world.xyz;

    gl_Position = uProjection * uView * world;
}
#version 300 es 
precision mediump float;

uniform vec4 uColor;
out vec4 FragColor;

void main()
{
	FragColor = uColor;
}#version 300 es

layout (location = 0) in vec3 aPos;

uniform mat4 uModel; 
uniform mat4 uView;
uniform mat4 uProjection;

void main()
{
  gl_Position = uProjection * uView * uModel * vec4(aPos, 1.0);
}#version 300 es //330 core

layout (location = 0) in vec3 aPos;
layout (location = 3) in mat4 instanceMatrix;


uniform mat4 uView;
uniform mat4 uProjection;

void main()
{
   gl_Position = uProjection * uView * instanceMatrix * vec4(aPos, 1.0);
}#version 300 es
precision highp float;

in vec3 worldPos;
flat in vec3 flatNormal;
in vec4 instanceColor;

out vec4 FragColor;

vec3 lightPos   = vec3(50000.0, 50000.0, 50000.0);
vec3 lightColor = vec3(1.0);

void main()
{
    vec3 N = normalize(flatNormal);
    vec3 L = normalize(lightPos - worldPos);

    float diff = max(dot(N, L), 0.0);
    float ambient = 0.6;

    vec3 color = (ambient + diff) * instanceColor.rgb * lightColor;
    FragColor = vec4(color, instanceColor.a);
}
#version 300 es
precision highp float;

layout (location = 0) in vec3 aPos;
layout (location = 1) in vec3 aNormal;
layout (location = 2) in mat4 instanceMatrix;
layout (location = 6) in vec4 vinstanceColor;

uniform mat4 uView;
uniform mat4 uProjection;

out vec3 worldPos;
flat out vec3 flatNormal;
out vec4 instanceColor;

void main()
{
    vec4 world = instanceMatrix * vec4(aPos, 1.0);
    worldPos = world.xyz;

    mat3 normalMatrix = mat3(transpose(inverse(instanceMatrix)));
    flatNormal = normalize(normalMatrix * aNormal);

    instanceColor = vinstanceColor;
    gl_Position = uProjection * uView * world;
}
#version 300 es
precision highp float;

in vec3 worldPos;
in vec3 fragNormal;
in vec4 instanceColor;

out vec4 FragColor;

vec3 lightPos   = vec3(50000.0, 50000.0, 50000.0);
vec3 lightColor = vec3(1.0);

void main()
{
    vec3 N = normalize(fragNormal);
    vec3 L = normalize(lightPos - worldPos);

    float diff = max(dot(N, L), 0.0);
    float ambient = 0.6;

    vec3 color = (ambient + diff) * instanceColor.rgb * lightColor;
    FragColor = vec4(color, instanceColor.a);
}
#version 300 es
precision highp float;

layout (location = 0) in vec3 aPos;
layout (location = 1) in vec3 aNormal;
layout (location = 2) in mat4 instanceMatrix;
layout (location = 6) in vec4 vinstanceColor;

uniform mat4 uView;
uniform mat4 uProjection;

out vec3 worldPos;
out vec3 fragNormal;
out vec4 instanceColor;

void main()
{
    vec4 world = instanceMatrix * vec4(aPos, 1.0);
    worldPos = world.xyz;

    mat3 normalMatrix = mat3(transpose(inverse(instanceMatrix)));
    fragNormal = normalize(normalMatrix * aNormal);

    instanceColor = vinstanceColor;
    gl_Position = uProjection * uView * world;
}
#version 300 es
precision highp float;

in vec4 instanceColor;
out vec4 FragColor;

void main()
{
    FragColor = instanceColor;
}
#version 300 es
precision highp float;

layout (location = 0) in vec3 aPos;
layout (location = 2) in mat4 instanceMatrix;
layout (location = 6) in vec4 vinstanceColor;

uniform mat4 uView;
uniform mat4 uProjection;

out vec4 instanceColor;

void main()
{
    vec4 world = instanceMatrix * vec4(aPos, 1.0);
    instanceColor = vinstanceColor;
    gl_Position = uProjection * uView * world;
}
#version 300 es
precision highp float;

out vec4 FragColor;

in vec3 worldPos;
in vec3 fragNormal;

uniform vec3 uColor;
uniform float uAlpha;

vec3 lightPos   = vec3(35000.0, 55000.0, 45000.0);
vec3 lightColor = vec3(1.0);

void main()
{
    vec3 N = normalize(fragNormal);
    vec3 L = normalize(lightPos - worldPos);

    // normal diffuse term (front lighting)
    float diff = max(dot(N, L), 0.0);

    // darkening term (opposite side of light, only when facing away)
    float dark = max(dot(N, -L), 0.0);

    float ambient = 0.4;

    // light only controls front
    float lit = ambient + diff;

    // shadow/darkening only affects back
    float shading = 1.0 - 0.6 * dark;   // reduce brightness on back side

    float brightness = lit * shading;

    vec3 color = brightness * uColor * lightColor;
    FragColor = vec4(color, uAlpha);
}
#version 300 es
precision highp float;

layout (location = 0) in vec3 aPos;
layout (location = 1) in vec3 aNormal;

out vec3 worldPos;
out vec3 fragNormal;

uniform mat4 uModel;
uniform mat4 uView;
uniform mat4 uProjection;

void main()
{
    vec4 world = uModel * vec4(aPos, 1.0);
    worldPos = world.xyz;

    mat3 normalMatrix = mat3(transpose(inverse(uModel)));
    fragNormal = normalize(normalMatrix * aNormal);

    gl_Position = uProjection * uView * uModel * vec4(aPos, 1.0);
}
#version 300 es
precision highp float;

out vec4 FragColor;

// Uniform for outline color
uniform vec4 uColor;

void main()
{
    FragColor = uColor; // solid RGBA
}
#version 300 es
precision highp float;

layout(location = 0) in vec3 aPos;
layout(location = 1) in vec3 aNormal;

uniform mat4 uModel;
uniform mat4 uView;
uniform mat4 uProjection;
uniform float uOutlineRad; // outline thickness in view space

out vec3 vNormal;
out vec3 vPosition; // pass to fragment shader if needed

void main()
{
    // Transform vertex to view space
    vec4 viewPos = uView * uModel * vec4(aPos, 1.0);
    vec3 viewNormal = mat3(transpose(inverse(uView * uModel))) * aNormal;

    // Extrude along normal in view space for outline
    viewPos.xyz += normalize(viewNormal) * uOutlineRad;

    gl_Position = uProjection * viewPos;

    // Pass through for fragment shader (optional)
    vNormal = viewNormal;
    vPosition = viewPos.xyz;
}
#version 300 es //330 core

layout (location = 0) in vec3 aPos;
layout (location = 1) in vec3 normal;
layout (location = 2) in vec2 aTexturCord;

out vec3 ourNormal;
out vec2 TextureCord;
out vec3 FragPos;

uniform mat4 transform;
uniform mat4 view;
uniform mat4 projection;

void main()
{
   gl_Position = projection * view * transform * vec4(aPos, 1.0);
   ourNormal = normalize(mat3(transpose(inverse(transform))) * normal);
   TextureCord = aTexturCord;

   FragPos = vec3(transform * vec4(aPos, 1.0));
}



#version 300 es //330 core

layout (location = 0) in vec3 aPos;
layout (location = 1) in vec3 normal;
layout (location = 2) in vec2 aTexturCord;

out vec3 ourNormal;
out vec2 TextureCord;

uniform mat4 transform;
uniform mat4 view;
uniform mat4 projection;

void main()
{
   gl_Position = projection * view * transform * vec4(aPos, 1.0);
   ourNormal = normal;
   TextureCord = aTexturCord;
}âPNG

   IHDR   Ä   Ä   L\ˆú   6eXIfMM *      H      H                      êxÔº   	oFFs         ⁄*∂Œ   	pHYs    “›~¸    IDATx VÅ©~3                                                            ÈÚÃ         4                                                         ÈÚÃ         4                                                      ÈÚÃ         4                                                      ÈÚÃ         4                                                      ÈÚÃ         4                                                                                          4                                                                              4                                                                  4                                                         4      4                                                         4                                       3                           ¢5      ^À                                                         ¢5         ^À                                                      ¢5         ^À                                                         ¢5      ^À                                                         ¢5      ^À                                                                                          ¢5         ¢5                                                                                                                                                                                                   ¢5         ¢5                                                      ¢5         ¢5                                                                                                                                                               ¢5            ¢5                                                   ¢5            ¢5                                                                                                                                          ¢5                                                                                    ¢5               ¢5                                                ¢5                                                                                       ¢5                                                ¢5               ¢5                                                ¢5                                                                                                                                                                                                                                                                                                                     ¢5                                                                                          ¢5                                                                              ¢5                                                                  ¢5                                                                                             ¢5                                                                                                                                                                                                                        ^À                                                                                       ^À                                                   ^À                                                            ¢5                                                                                                                                                                                                                                                   ^À^À            ^À                                                                              ¢5                                                            ^À                                                ^À^À^À            ^À                                                         3                        ¢5               ^À                                                                                                                           ¢5                     ^À                           ¢5                        ^À                                                                                                                                                                                                                                                                                                            ^À                                                                           ^À                                                                                                                                                                              ^À                                                                                                                                 ^À                                                                  ^À^À                                                                                                                                                                  ^À         ^À                                                                                                                                       ^À            ^À                                                                                                                                                                                             3                                                                                                                                                                                       ¢5^À                                    ¢5   ^À                                                                                                                                                   3                                                                                                                                                                                                                                                                                                                                                                                                                                                                                                                                                                                                                                                                                                                                                                                                                                                                                                                                                                                                                                                                                                                                                                                                                                                                                                                                                                                                                                                                                                                                                                                                                                                                                                                                                                                                                                                                                                                                                                                                                                                                                                                                                                                                                                                                                                                                                                                                                                                                                                ›≥<    IDAT                                                                                                                                                                                                                                                                                                                                                                                                                                                                                                                                                                                                                                                                                                                                                                                                                                                                                                                                                                                                                                                                                                                                                                                                                                                                                                                                                                                                                                                                                                                                                                                                                                                                                                                                                                                                                                                                                                                                                                                                                                                                                                                                                                                                                                                                                                                                                                                                                                                               Ì¸¬                  >                                                   Ì¸¬            >                                                                                                                                                                                                                                                                                                                                                                           Ì¸¬               Ì¸¬                                                                                                                                                                                                                                                                                                Ì¸¬   B@HB@H                                                                     B@HB@H                                                                                                                                                                                                                                                                                                                                                                                                      >                                                                                                                                 3                                                                                                                                                               Ì¸¬               >                                                   Ì¸¬            >                                                                                                                                    3                                                                                                                                                                                                                                                                                                                                                                                                                                                                                                                                                                                                                                                                                                                                                                                                                                                                                                                                                                                                                                                                                                                                                                                                                                                                                                                                                                                                                                                                                                                                                                                                                                                                                                                                                                                                         ß      YÓ                                                                                                                                                                        3                                                                                                                                                                                                   ß               YÓ                                                                                                                                                                     3                                                                                                                                                                                                ß                        YÓ                                                                                                                                                               3                                                                                                                                                                                             ß   	_”   ˜°-      	_”   ˜°-         YÓ                                                                                                                                                                                                                                                                                                                                             ß               ˜°-         ˜°-	_”            ß   YÓ               ß               YÓ                                                                                                            3                                                                                                                                                   ß                                                                                                                           YÓ                                                                                                                                                                                                                                                                                                                       Îm`^    IDAT                                                                                                                                                                                                                                                                                                                                                                                                                                                                   YÓ                                                                                                                                                                              ÈÚÃ4                                                                                                                                                                                                   YÓ                                                                  ÈÚÃ               4                                                                                                ÈÚÃ   4                                                         ÈÚÃ      4                                                                                                               YÓ         ÈÚÃ                        4                                 ÈÚÃ                                                3                                                            ÈÚÃ            4                                                ÈÚÃ                     4ß                                                                                          YÓ            ÈÚÃ                                 4                        ÈÚÃ                           4                                                                                                                                                      ÈÚÃ                        ÈÚÃ˘  µF                                                                        YÓ                  ÈÚÃ                                          ÈÚÃ   4               ÈÚÃ                                                         3                                                         ÈÚÃ                  4                                       ÈÚÃ                                    µF         YÓß                                                   ˘K∫      4      ÈÚÃ                                                         4      ÈÚÃ                                       4                                                                                                      ÈÚÃ   4                              ÈÚÃ                                       ˘K∫   µFYÓ   YÓÈÚÃ   µF                                    ˘K∫                                                                                                                                                                                                                     ÈÚÃ                           ÈÚÃ4                                                                           ˘K∫  4            ˘K∫      µF                     ˘K∫                                                                                                                                          ÈÚÃ4                                                                                                            ÈÚÃ                        ÈÚÃ                                                4                        ˘K∫˘K∫               ˘K∫                  4         4                                                                  4                                                               3                                                   ÈÚÃ                                       4               ÈÚÃ                                                4               ÈÚÃ                                                   4            ÈÚÃ                                                   4            ÈÚÃ                                          4                                                                  ÈÚÃ                                                                                                                                                                                    4               4                                                4               4                                                                                                                                                         4                  4                                             4                  4                                                                                                                                          4                                       ÈÚÃ                                                                                                         4                                                                                             4                                          4                     4                                          4                                                                  ÈÚÃ                                                                                                                                 4                                       4                                                                  4                                                                                                4                                       4                                                                                                   4                                                                                                   4                                                                  4                                    4                                                                  4                                                                  4                                                                  4                                 4                                                                  4                                 4                                                                  4                                                                                                                                       4                                    4                           4                                    4                                                                                                   4                                                                  4                                                                        4                                                                                                                                                                     4                                       4                        4                                       4                                                                                                         4                     4                                          4                     4                                          4                                                                                                                                          4                     4                                                                                                   4                                                                                                                     4                  4                                             4                  4                                                                                                                                                         4                                                                  4               4                                                                  4                                                                                              Õá€Ã    IDAT                          4               4                                                                                                   4                                                      4                                                                  4                                                                  4            4                                                                  4                                                                                          4                                                                              4                                                                  4                                                         4      4                                                         4                                       3                                                                                                                                                                                                                                                                                                                                                                                                                                                                                                                                                                                                                                                                                                                                                                                                                                                                                                                                                                                                                                                                                                                                                                                                                                                                                                                                                                                                                                                                                                                                                                                                                                                                                                                                                                                                                                                                                                                                                                                                                                                                                                                                                                                                                                                                                                                                                                                                                                                                                                                                                                                                                                                                                                                                                                                                                                                                                                                                                                                                                                                                                                                                                                                                                                                                                                                                                                                                                                                                                                                                                                                                                                                                                                                                                                                                                                                                                                                                                                                                                                                                                                                                                                                                                                                                                                                                                                                                                                                                                                                                                                                                                                                                                                                                                                                                                                                                                                                                                                                                                                                                                                                                                                                                                                                                                                                                                                                                                                                                                                                                                                                                                                                                                                                                                                                                                                                                                                                                                                                                                                                                                                                                                                                                                                                                                                                                                                                                                                                                                                                                                                                                                                                                                                                                                                                                                                                                                                                                                                                                                                                                                                                                                                                                                                                                                                                                                                                                                                                                                                                                                                                                                                ≥%)Ó    IDAT                                                                                                                                                                                                                                                                                                                                                             *?’¿                                                                                                                                                                                                                                                                                                                                                                                                                                                                                                                                                                                                                                                                                                                                                                                                                                                                                                                                                                                                                                                                                                                                                                                                                                                                                                                                                                                                                                                                                                                                                                                                                                                                                                                                                                                                                                                                                                                                                                                                                                                                                                                                                                                                                                                                                                                                                                                                                                                                                                                                                                                                                                                      ÈÚÃ                                                                                                                                                                                                                                                                                                                                                                                                                                                                                                                                                                                                                                                                                                                                                                                                                                                                                                                                                                                                                                                                                                                                                         ÈÚÃ   4                     ÈÚÃ                                                                                                                                                                                                                                                                                                                                                                     ÈÚÃ                  ÈÚÃ      4                                                                                                                                       3                                                                                                                                                                                                            ÈÚÃ            4      ÈÚÃ                  4                                                                                                                                 3                                                                                                                                                                                                      ÈÚÃ                                                      4                                                                                                                                                                                                                                                                                                                                 ÈÚÃ                                                                                                                                                                                       3                                                                                                                                                                                                ÈÚÃ                                                                  4                                                                                                                                                                                                                                                                                                                     ÈÚÃ                                                                     ÈÚÃ                                                                                                                                                                                                                                                                                                                  ÈÚÃ                                                                           ÈÚÃ                                                                                                                                                                                                                                                                                                            ÈÚÃ                                                                                 ÈÚÃ                                                                                                                                                                                                                                                                                                      ÈÚÃ                                                                                                                                                                                                      3                                                                     ÈÚÃ      4                                                                                                ÈÚÃ                                                                                             4                                                                                                                                                         ÈÚÃ               4ÈÚÃ         ÈÚÃ   4                                               ‡‹πN    IDAT                                                                                                                                                                                                                                        ÈÚÃ         43                        ÈÚÃ   4   ÈÚÃ                                             4                                                                                       ÈÚÃ                                                                                                   4                                                                                    ÈÚÃ               ¯ıˇ4                        ÈÚÃ                                                                                                                                                                                                                                                                                       4ÈÚÃ                                                                                                                                                                                                                                                                                                                                                                                          ÈÚÃ                                                                                                   4                                                                                                                                                                                                                                                                                                                                                               4                                                                                                                                                                                                                                                4                                                                                                                                                                           4                                                                                                                                          4                                                                     4                                                               4                                                                                                         4                                                               44                                                               4                                                                  4   ÈÚÃ                                                                  4                                                               4                                                                                                   4                                                                           4                                                                  4                                    πÜ,                     4                                                                  4                                          4                                                                  4                                                         4                                                                  4         4                                                                  4                                                                                                                                                               4            4                                    πÜ,            4            4                                                                                                                           4                                                                  4                                                4                                                                                                            πÜ,                                                                              4               4                     πÜ,                        4               4                                                                                                                                                         4                  4                              πÜ,   Gz‘      4                  4                                                                                             πÜ,πÜ,   πÜ,                                 4                     πÜ,πÜ,                  4                                                      4                                 πÜ,      4                                    πÜ,πÜ,πÜ,πÜ,   πÜ,                                       4         πÜ,                              4                     4                  Gz‘                     4                                          πÜ,                                                                                    4                                                                  4   πÜ,πÜ,            πÜ,               4                                 πÜ,                              4                                                Gz‘                                             4            πÜ,      Gz‘               4                                                                                                πÜ,4                                 Gz‘                           πÜ,                                 4                                                                  4                  πÜ,               4                                       πÜ,      Gz‘               4                                                                  4ÈÚÃ                           Gz‘ à4                              4ÈÚÃGz‘            πÜ,   Gz‘      4                                       Gz‘πÜ,   Gz‘               4                                 4ÈÚÃ      πÜ,                                                      4¢x¯      Gz‘                                                                                                                        Gz‘4                                    4               Gz‘   πÜ,   4                                    4   πÜ,                                                                                 Gz‘Gz‘   πÜ,4                                    Gz‘   Gz‘                     4                  3                                                      ÈÚÃ                        4                                       ÈÚÃ                  πÜ,Gz‘4                                       ÈÚÃπÜ,Gz‘                  4                                          ÈÚÃ                     4                                          ÈÚÃ                        4                  3                                                         ÈÚÃ                  4                                             ÈÚÃ                  4                                             ÈÚÃ                     4                                          ÈÚÃ                     4                                             ÈÚÃ                  4                                                                                                   4                                                                                                                     4                  4                                             4                  4                                                                                                                                                         4                                                                  4               4                                                                  4                         Í£   êIDAT                                                                                               4               4                        >K&3ê	é   6eXIfMM *      H      H                      êxÔº    IENDÆB`Çˇÿˇ‡ JFIF      ˇ€ C 	
	


$+&-,*&))/5D:/2@3));Q<@FILML.9TZSJYDKLIˇ€ C##I1)1IIIIIIIIIIIIIIIIIIIIIIIIIIIIIIIIIIIIIIIIIIIIIIIIIIˇ¬ 	`	` ˇƒ              ˇƒ             ˇ⁄     „Ò˙dOYQQ∆&ç!Ü¿& ¥åc
1@€ÖÇ%ì∆ aÃ!©Ä0¶ ÉaGQAz¿ ∆0h`Ä ÀAÇ8–@`
(B(√a•&	ìîQ	–q†òáZC ßHc8c@!≤R(¢Rh‘¥††Bj@å` £(!á(E!5aÇ@ åh&ÇïÅJ!Ç¶í¶M0‘Cë†(Få4S1$ÍbRã`0„ –Ò–≠5D8`å√å0Téé@0¿°c¡Å@9Xp B“,émgúJ–(ïÜ í!ÇaÑïV¥1Ä)å1C0‘¡¨,(,Q`X∆¬é,E(0EB ò¿ÉX 0©4PÑ¬ò∆R`òå0LV√»L∏&4	@aäcbÅ—EÄc\b£Mº^Z —Ñ§©‘°J”¿† `Pö Pî. T†¡0¢Äa∆ `òÇ1Ä!H §∞Ê1ÖEN§ëD¶2„C(VÇ÷QâàN£IbqÄ4t)âÄ`ò#ÇP0√îWb¶D0„.° qÅ`ë1äQÇ öê–¬í'g5úïì∏¡5D¡Ç(îÄ
∞Ê)Ç=49ÖÖ°DL É!0√0T†¢à`ÑpìÄaÜ†
 DAL00∆\Ñ`¡¢Ä‘LQÇ
)Ç∏a∆– aç ¡†ÇÄaa@∫r†A2ÙÀé[#J§11¡b°•¨	pP
∏Hò√Ñ√0#´Ä»Ç® ÂÃ™(–)1åaÄç)Bda™dlê¥¥¢hhxqA¢`Ü—â%@∆ bä‚ò#–¬QZ „Ña·¬®’ÖÄ0‚
8„$Öâ‘L<V$Ç»ÍqW=`&	Ç∏ÄpäL@Ü‹R¬ é1â§¡D0LÄ¡P`–√ Sr£QÜ@ R∞¢
c"§¢Çì0iÜ—Üå
¿åjS`òQ0F¶∆2hZ¡0iÄ@q1L0b„ç3WÕÂ÷x5!@°”ù\ò»àîÇ÷0ÜUëF1Ç8(ä)ä)Ä`¬1Ü1ï†
0∆	Ç f	•–MXh°[ë;$L[T!1†X¶0`´MåFÖÄôçañÉ  E©YM`Cåe∆†T#îh†E∞!XbUãDπñß&úÎç÷`∆§a@åE0kñÉàHQÇ @(å8· ¶Ç"Ä√]0„è&U©òbÅ Ö !1L8†	@0‰¬8¢—qÜÜ (L0¿0ÑÄÜ ¬)Ç&† ¬¬ôp≈"±Uæmòi:——ùTò»öíI¨2„Iå†& Lj`Ä√∆åÂq¿(∞Éx2êÑ`hÃFÄN’(V.Hú‰Ëò∆•1Ö(¶Vö- @÷$àaÇ¨cA √äÇŸ¢*aï¬0¡b√ASL`∆2‡	 6 IUéâZ9ÎõYJÜë —å`@§•2(¬Üò“‘®	òsÊ iEò∂a•p

PF«c@√´ #AqÑò°¬ò4IÄ° • Nî!áòXAhö∞†c)
0´ #¬ÇR8¬
1ÜCKS0ÒâÑc
(Fæm•yhNMdÌE5\úç%Ãµ$!å&Çç!C
¶¶`¡ bíVZÀPì"aÇê“ê `Äb@&EI–tEÜå@Ä((L`ŸÖ ¢öî@Ñò≈E&ò
ƒå	Ç0≈!Ö§IË¢¿)USYqRëD¢“Zã*†ò¥§Ïò†(ΩQ–¢9ké‰iêÒX¬÷S
%à Ü	ìqåc®< hSqƒ$0ADRBåçm#*Å ·¨9@©åc!2±†é9@äH@∞ ‰êå0!J
5:ÄÉAZïô
Á≠LQ!),0Ò@ ·0@"–a¡b£	S	H“†°5Å’5_++Ê–¨48™åÖê‘ÖâX`¿\h!'Jée¿1¢¶¨4§Ü)-+H√ 2<¨8eòd`
-`ât5ÖNâ$Pé9âì§5 0aß¿ïJAA@P¶1ÇPuÏò+#0√&4∏R«fW).4LMAI≈äZU9kä‰iœRéàºaiñ±âZ§QBéQS SàGE ®	a4àRãQÂ#Aä¡qîö`2ÄÑ#XBdƒ1´¨"`éhI‘“u*J—Us2Ñ™U©„
(ÇYÜVqì  R`åbiÇ¨-ÖC)Çd
†¶ñëXh#å¶]\˜<∫ì@X&Äc@0+C∆≠qÄä)ÄRZç ¶∆T
êÄP"éí‘¢8 –#8‘I‰ÈIÄb√ä"LZQÜQ ãD`Ç\Xbb‘ ¶Z`
É®T%

 öêDbÉ *#ùyuÇcZ∆ÖÅ(äU%úW;I)ÜR[(ô$¶)ÉQ$°PÆLD L0Êc	@ "-îZ-É2„ √ôqì5`–E)8QLaÜAÜ¨IãXda•c"ãX!0¢òPcpÄQBb ‘≈"íìò#)ï8…å!®JFR¶ µ+î±ï°ïç 0åcÄ¶*)°Çha‰c©ä√Q`€åÄPC*	T∆Ü¶Jîë%JA™åabTïáäò°Pò¡4¨Tq!AD2(j@CåπY√î¬Nò†`⁄ÜKñïÄåb§∏A#Q	
ÂπDçR)b“’@†"à`Å )kúçÖa◊ ¬Äx##¬äa	——Ij!1åc‘A»hB–•¨ ∆¿ï«F „Æ0L F0G∆&P •	ÇÄXPVLXQ©∆É-!¿Ç!0Rå`’ÇjQlòÅ (AcJ– F £©Ü	Äå#qXdƒ©&§a¬`ÀÉX–√àN¿<¥4CXïHÇ!ÄÆ:§¢R( 
 FQLa@2`V5L—ÜÜZ,PaÇHÁ'bPh∞√ï £1ïin≤&ö!B6rX4çíZAá¥µ 9ÏôådË-eƒ,B£
aÉ # #å¬‘"§¨4 ÿF eP"ÇòÃ∫41C4pä`åç)•Xµ( Q® ®¥∞(`BÆG\1â‘¿åaL:÷
-(†)D	ê( Ñ#	Çbf¢c¡0,®XqDI“"ôiØ(hÂFâà ´`Ñ)Én#\Ù@  F1;Z1H`® S 2`÷rcRÄRa√√ï:0BHàñ5tJ á[EG ÇçN<`ÊÅñP∂0§ä˙ú∂
ïàØ°—- ®◊5Ä 	Ñ©ùãËÁa<Àû+*é∏–„“„ 0„
L!15)¨8¡GÄU Ä4+ Pö1´Cå`¡(MÆqå`À©@d–ÜE@±†”@"ãZ0B
IR∆#V#
 X¥±å¬Ñ R1å1Çu¬à
 1I*A)XJs$…ÿ*byiZ@5aaŒâhÇjrÇä(GÂ•CRåòUA,∆x¬Ä k à%Æ∆•¢–åè(]IÇa@âgZ˙≥Nûby∞V≈ Bf¥Qj‘2Ã…âí(sÓBƒ©¶Zd4∑ã!ß>§E  lEÙOC;CÃπ‚π¥U^	å¿0†J ¨h& L J:∏“8E&0√ÅÇ 
(aÉaÑ¨0„!4 )¢"à k"™ò¿DA@¬àM	@&©0BQ )°¿c∆5 Ä–L)Ü1áá‘√h 0·UIŸÕg*!CR* TË)ïe§X` Ù∆ï IAÄ
√ A–„ PjRÖd∆Q%bÇê√∆≈¢ ÂaÇRVu◊§’SÃO'"∂ãß0ÜáZïJ´X&Ødw"âSC-≤
“,Á”áR4àL%∏»Q•Í\rXÖ"Ú“2±å D‘0Âr√å*chaåÇ`ÑÑ$îQE0`√A*ò©´–P
†‘∆KJSHUX†0Éò–∆2∏·&!çQDß)√Zh† `å ò¡4"ÅÜÑ¿u`"òS<¨0–k Œ»§*VR^®a§Œjí9u¨aFä"÷qÕXRbçQ9Ç8‚òƒâÑh®∆ôÜ¢0·
0¿&H¡C)Âä√ÑaH•”®°L≤ﬁ(0¿„ÀXƒâÀÉNIëSd5#®®£À—êerπÆsÍqY:çìî¢(¡E42÷WB`© ´Ö¨ î√å% ò∆0G!!@c[ÄÇ¥(bÉò ¿IÄLäaD&-T†@)1E LhQÇ
¡¨a£
®å∏X@S†P")ñÂr√S∞EL-4∑áå∏  í·áÜG´Ç "†ºP`òÑäí®“RÿÇ êFJÇ.òq•¨Vï1 =8Â $ TàL#0·  )h0iÖ™IBãC
HA•±kÊ†ò¡	B°òCNé)	”PrÅå`X¨P+âDÖ†Yíë‘Á‘JK|Ä ¨[5»YÀb‘¨Á©P F0Bò  daÜäM<j`Äò)°¬h°ÖÄ`RV0† GCXc P*çj∆®· √DSZ®Lc. åò¿0iÄDƒ	U†‡'Æ{®9(QáçX!Ö¥tÀ”X
(äF)Ñ`V\(†EëÜ¢Ã, IYœVó¢T9Ï¨aƒ5ó≤Z	yIåa«(0¬ìåI!F±Ñ§bÇêU®–°–û*X¥R0°Pï1+Aå1QÀ@B @í§¶a∆V`Ä(TîÅ+éb$Ü	Ä≥sÍrj4R^úàƒ‘≈Â°+9ÏûìNZçEG¶çS©évÊ±Ã%ÕZ£#´≠!@(è+÷£ ZS  
! (D∆V–UÜ@(§åÉ⁄E1ê `∆ehza†¡0B2‡Ä»å∫/0^]N'eLH√
-Pd&U$(‘ÒxÍÕ©2@¢–Üá(9Äà @9å1ÖÄ(®öí:e'8áDVjí%sÿñUz3®iÀs;1Ç<1•h#I“ö∞¢1êÀÜDj8!•`£U†R.^(§XCDCñ¶ òÚÙ(  %ìXƒ$tR‘1Ä @0ÊeòKåHê‰Ä†ŒNME∞≈eÍ…∆$¶/-≥ö…h©ÀRßÜ0)AS§;≥}|Ìœ/YÛnkZdur¡ë1iFá*∏»cïP#!C¨`ÄC
!á(¿â¬öûú 	Ö1ÇcR(1å( cQÉXc I€H∫¥h@!§ÆK9)®∆1ÄL’bê‡âë®”’#£.âA*ò°1ê∆Ü)Lc& “·Fa@c  ÄA@¥™sÿ
≈&´!Æ{!gBˆgS^mf √±ÑÑ±Ç(îï4≈ 
R)Ç¥xBc¶¡	®)¬(2THÜ¥<1É-Àî-eaR˜™È‰3¡Gl∑áïEEqÜ0L®)bÑÑÁP%IY‰ÓrÎ s£7¶0°ñ≤–JÊ÷fNRt¿0!kD•ËÁ^ú€ûV≥‰‹U\! KÇa	
e≈Fêôäxx`å¨*»¿	Üä  0FVAQÅJ`÷å)äCö¡•&*0Lc
§qådPñá-ë†0ãcåó
≤∞‡ëjG>Ñπ◊õLíñêDPå∏0BÄ
Ç∆E0L0÷•ëÕdÍÅñêˆA'gfu€4ß5ë1Dq@-HAáiDÑ§π@‘“äa∆ïD•1°∆0£)Jç	HaiM[ÀXhrä–JaL9:Çu/Z•yˆy“tKÿ^WÑÑ¢P®‡ Q∆Y†	Ã °(±ØxÊ÷r–ËÕÍÜ0Ÿ2ºÆN•®ë=NK!A"Ç±£PÄR^∂µr3†ˆ„ 2‘∂T*b§8@ì©äÖ
C¡ BMbP&1Ç  ¡∆†@% CDh¿1Ä(√aËäS@
B9 
Qä Qá†LC,ZZ0∂LÜåtel“jZA)jà“)©¿`)LÄ ¥B`Ñ$Œ;9¥<µÅb•eÓŒ© Ä¥„»¿
Ä00(ÖK§íåe@å`ÇRT \÷Hç(†cJ≈NÅÂ`¶Ç¥4‚÷"PÒ∆)™J¿ÖÂÇ `
¨iÖ kYWìºsÍd™ÙÊÙd‘ï°÷ÇTëé]N+#bàL*LcPÂáU 2–ÆT,®HQ √´Ä√¶"V•°·®ö0+ç@H¬XF0—Ü©íÅ@Z&@42Åh∆—Q–Æ1Ä<4J≤‘† 

 'S†“Xiu-"≠W6ë©AIH&¿Ç)*ïT	ÜÑ∆%0¡ÀH	áßYß%sX([.ô™Àê±êÜW*Äò≈ZA
Sä!ìaÇä”ã
§!hj¬ÄQ¡zG$ê•ãå01®òíDZ¬R1Üá¨1c¢§p(≤I"¢`P£îœ3¶xı(ΩyΩYjJGñ¿#f9ı8ÏÖàL+“ ¿# TZ¿@™ãF(åLAä ¡ÇÄh°Q·á†©Ç§¿ (•Bc®U§ÈML(¶Ü¥¶Xb•B08D™êJJÜâ÷1Ç
òA 
ù‘¢ …IH#öZ≈BRä-àE¨ –¶†Ç-à(L ∆eaåê¡	ExYíµ‚ô•cr*·í£(4MP¿™8™îÇc»√ %™T	@R
Bà)Üä≈eËBŒqNÅ≈Ü°+Mäj√∏(0Âå¨8b,—F2Õ0MO ÒzgÉS;3zÛfì¢4U´ R±58ÏÂ©$ÇΩq•
Ä
)Sc
¢ä(  8…ï+p∆¶)+è ¢òs (8@ µ@ì$% ∞ö¬[1a«ßÅ)
°	Ç≠¡*1åE0©3Rà"–†h§pÂ£"âJ(,    # "ò"“
2ÄÉ.#¡J+∆4¥4aå¶4 §…òbÂLë1Baïá0Ä∆
PFYF2±[Á»Ä0Vëa‚í‘qURJ\Å(P‘EÑîãEÜV GòH®¨àç+
∏(ÎRi‡tœ†,ufˆf¢FÄKÀ’+eôú÷q◊5íıA^!¨–	Äπ1îÄ∆0(Vê@¶¢d1©@√ FGÄ Rò#F0 Ä)E B,P(!BôPP∆B0B`©1†V1çÖ ¶Aê c.	Üå
- 5iqåd¿Paåò     ¶¡a£Këth¢¥†»D£∆5ç(P0¢äî
Å ¶0¡¬ò08DA#Z4jyi<0@™0aå00∆±@
%ì'JuÊ˙yﬂfoD¿(%cï+XKKP¬ãT[D¡Èû-E(tK’Ç‘BbÚˆKL•πÄsŸ≈©…bﬁúö_Ø?3x0–UÜïÇÄ L"-aÜîÄ∆∞ ∆``ÖqåcÑN…éR	Ä¡
±Äò+ÄÄ!å∫Åå`ò¡2ÀÉ…î‘ cIìPL Jµ+h¨πr)Ö†ò*L 	Äj∆4›1´0 (,¡0c∆1Ç√KÖHË—\◊≠¥¡L 1Ç	X&¶0a@j∆ ∆±Lc ZP-eºZZ¡&∫äèIà †¢dùì§=¨ÎÈ9tÎ∆≠(D·*zîà°TéÉ†uBCÕâ·Ù«&†	im	XËÕ /õ’$¥ê≥ãSí¿koìÀ„uÁÂÔ√ Â!’Âc"ô\…"zh%‡§¿c1Éc)1Ç(®$¨¨YZ @∆Í–@êä Ü0¥e`Ñ¡0 ò!1åS¬"Ü©-%` ∞¨”ö≤tÀ—4¬¢J-òh&\-dh¬ö∞1†ZQ• 	å [ 0 c!2Äò 0Lç,”õQÂËñêB.Ñ0G î0ÒÖ0`Qlec`0¢Ñ¬“	JàãXËó™jÚ”*	S lq‡∆¨Lòå)ïE0÷H@®N…Y:C›∆æóóGŒ≠(bd‚u;πÕU4)Rä§å_4/LrÍcñ∞ñu5ÈgUéòGdë∑ïúVrÍ)≠È»Øã”üïºbí÷ZEGñÉä(J.#d(:T “∞GÜÀÇDJ6§Î”ëîRã@&£V√&pË`*ÄaÜ¡ ¶L&LjAWÄô0óZ≈%ÿ® †ñßäv„]y¨&ìDƒ0 √D–I—å¿£-†âD∆2-"≠*)Ä(écpEB ≠"i≈©XÎŒ≠)0‚òc
(‚PÎbëÑÖ∞E©"ÿ“÷\PDPRÄ¿K'S≤b_G.¨È‘ô$HÂF4	
j 48∆∞ BVDïà{Ÿﬂ“ÚË˘∂Ée%¬àLQ5ûjÔ∑”öÑy∑0áî	LtÊîÒ˙fàbπµÑ‘ÎöÙÛ¶<€òGbAAÖ≥ñŒ]@kzr+·ÙÁ‰Ô-e¥¥+ZC QáPë®Q1hXù( c1X®¬òcB“sjs\ÙØ^)Uî∆†¢≤∏Ü¬&R*!åÉÆ B(d&\bb&ƒ™4c¶ZñÄ®âJ-ä%p‹©Ëc]π”≤U1,@îZx¥¡Ä0¡h®–î0EÑ•∞†0¥°J	Àç@`ö0GàŸ«•£∑Ëó†±ÜZ√‚ì¨1H∞§¿aE†\≠R[KEdòîP'd¨ùH•z◊vm§ Ä&Hjt¡1t·"
a!äÆ1CR¢
%J…$¨Cﬂ∆˛õóGñê.L•TRa!¨Úiﬂo•ùJ<€ûxyHîKf∫y˝'>≤TÅQÆôpßN]ÒË†30”ûÃºU|òÒ˜Œíﬂ6ÀX§¥x h)#®À¢“„!Sí0,B`¶+Z∆1Ä-ÄCèSñŒúﬁ…¶ÄÇîJ¡0“‘x
√ïö)¶
)∆2‡—´! Åçö^πm-°*BXU('ù¨¢˙ò◊£ã≠ì2≤U*RÉ LdùêÑ®Q	á ≈•aE¥c
ì§¨)Ä`!Cp@8∆4`À8µûâ}Ô£7®aFµ,S¡ôáJ≠·	òPJ0á>≤ñ[6Ú’Hâ"!"zí©#ûî◊nu–B&!AëhJìßä,Œ}E —ij`F¢aDI‘…Y!lC›∆æóñÈ5Bw+*®	®YÊ¶´ `«FnSù9…ºÛÎ2®çóDöç¨Ωπ”«Ç≤dçêß[EW¡Èèß:ÊﬁZ≠b“∏e©ê©,çÖtVWÀP»´1,1(%#™j‘	ßßßVovt‡*%#.ä≠cQ	Xbô¬Y#P§∏ L`ä`êK¿"B∆^πmõaRT¢&#†è7YJıqØO¨ííIPW*@äâ¨5Ñ√i+ÄòïÖ4ùFµÄëá&ïå«4∏hÀœs¡¨ÙÀË„}Y”†£@!©ÿµ°!4Èe∂l≈0¶ƒ)œ®©ize¨§TÖÄ®À$K"GRUHÙ3{¶™D¿  `B“ÿÅÆå®"¬»‘¨S¢^ú◊Ö2†¢§ÏïLJTí{y◊”r›fâ;ôJñ©äPD&âX`ÀH§™&¶:cŒﬁ95ê1làîUó£5£ãQk"§tïPº∑…◊¿Èèx¥tKIi-Gï‚£å™0+ù9ı2⁄W	y£IRYÅS•+R⁄ÄÇTô√©≈¨ı‚˜ÕV5%@aÕ-
ö	Ö'OÄdÃ8√ÑP9Ç@(¢T–å:eÍãÂ|’§I“VNZ«ù¨ŒΩ^zı1ß®§RU;RàÂ#ë ƒ)B–„ ¡&-aéäãB
é,)ÜÖ·Ç4iyı<ÕbÚ˙¸˜Ÿù-P–ÅïNÄêÉä%§∂âÄ¿ ∂!1+üQR“ÙÀyHƒlR£G=ì®§5ÌöÙ3j†T@ ¡±bX+™:≤ÀQ‘BVÈñÒHXJ¡©ìêDZùëOk˙N{º÷!d*B(e†L*)YjHùàRiœ¶9u Q•ÆYp∆£ÕjÜßU®úi…©*°◊õ”ìKÛ˝q„Î^å®≠-VπUkèjÜ'\÷sÿ√≠ÛXK[ "OI†™.)2“ aI'ü©√¨ˆf˜g]P¥î¢–4UL8Î†ã@T©HX ¢(G\-Ä§¨a∆*(ë:ò¡ïâNΩQioö¢Y4J«%dÛµ%^∑=z∏”‘“6JêJÄë*TÉ†åé£C´AVJ…3C»“•cå ∆Ä2“X1àY‰Î7óÿ∆˚ÛAîã
è#TR4ïJùãXrπ™
@ ©˙ãcÊÙÀ”Pùà8«-ê®ŸéŸ{≥j´SG °"G=sâeŒÏÈ„õN[ô–'O-‚—P¬Æ†Lí%$tÇ{8øIœwöSû»‘L^¬sÀBÉäF)V≠≤cÕ…ÈœüCZ)©÷î Ëtˆ≠SƒO"…XÁJˆb‘˘˝„≈ﬁ//Lµájë—-BÜÇ≤Æ[ò—ËŒàÀJÑ,éëBZZRèìôäy˙ú=≤ˆÁ]ä	âIB	a†´hVK rê PP∆0¡1A¿ Çì≤tE%b”2€6“†à±+ñäyõí=ézˆ1≥HÃàR”°IŸ*AâQÇdaÈ‡Àä\8µ0 “9™U$ò(VL`ò√@0WïáÜT!sÂk7ó⁄Á”–Õ- (<k%REAX]ÒIT∆  kùº∑3±ÂºΩQA÷v-å,rYÎÀ∂^âV•B*ï0™2)ÃB«éπÆåŸi«d5ê)Â¨∂äçí”ì§©ä`$¨Á”ù=úkÈyÍ≤°+%Q:´”Yû@±B≤™H§2ëâ“*N|˙-h∂]ô†êT°V6û≠¬≥»πù1uÏ≈Ëè¶<]‚ÚıKy]i∞SùsjB¬9—ù$ƒ®hñ4Q@îŸt´û¬Bœ3Së;eÏÕÌPLA)F/ë·«ÇNÖR-ñ\ ÑTQic0∆	°§≤T—AHŸ:¢ÙÀ\ﬁàA ì©YŒÚ˜âû◊=˙¯ﬁ•I'OT&,dMI“ÑÁ¡a‡ÑsJ)…
)ÜLiDZ» iáÜÄÚ∞“Ãé≥‰Î7ó‹Á”—ïC*‘ÑBPh$¨Pâl«E®°i`Ää-º∫Ã◊™^å⁄åF≈‘ƒìñ≈∑¶^¨€ÀêS©Ñ5 Rd,iz≥k‰‘Â©ÈÄÎïÉ∏÷r
JêÄ2sŸÀ§ì⁄∆æèû®™I%S:Î“$yD¢•Â ∆U	*ê–ßLGI“«Fo~R&T¿ZJóS¶î·≥ê=Z^πz2˘˛òÒ7ûàÍö¥VV(Ø§:¥4OHY5iz3hjhxò),Z–§(S«T¥î°ÑçdÖy˙œ5ûñoNu÷,JßSBŸhûÇû+öL(≈BLDZÄáá•49Ñ©ì≤vVWîYœR´R€6˘ Ä©Ÿê+ ÈÖ=æ{ı±±Jí&JîcVÇ.≥EÆq¬aäC ≈(¨L"¶ R{òáêx§¥á†ÁπÚ7éâØoüOFU+(%bò&Ük5AÄJÃ<ç+ãD P 5∞≤V<Ω1|÷¨sÍJ≈HTN©Æ˘i T4„C¬í⁄í:•Îç≥ìNak
XÎï·•A(¶®»’*Á1Bi…P≤{9◊—r€ÄA)@Á[≈°	’U°@Dï4®ú1ñ:3{ròF&¥Ø'ö…Ÿ:ê∂5R^©z2˘˛òÒwûòÈö¨RRxr—Uh0∫BŒ{+|⁄öåRùk$éj%éú“´&çBí≤JºÌgñœ[7´:Ë'	IS1BŸ2ÄÜhñÇ©Õ B°&"a+LQå%Lïâee§∫»T™±◊/Fm¢q0‘lÁ±EØ#¶=ﬁ}=LhR“"ì%@4—âÎ2Jëåáá	Ü4©J òpÑ11lïL≈,$Ñ„
êÒYiPr\˘;«D◊πœß°*Yì∞0±äQ±I °5"`è)D¢0¢âÄ6 íû:b∞ï;9µ$-ätKËK”ù"J≤√B
Ö∫ä_7ÆJÖúîÅå)bÚºe!2N¶âQP:)9kû»YÏÁ_EÀlaL±BRZ+¬¢S´Bä@ï<≥NòÁ–∂WÕe∏¢
≠émDI“‘ıTeÎó≥7Á˙sÒ7éâÆâmïÇ¶XuhqàYÀ¶B∑ ä)¢êµ+Y£b:sn´
1ÖµëØ3YÊ≥÷ÕÍÕ™¢‡$Ë+äF\—-1bŸ∏∆†!iS∂E$®D"°Ñlïîñ≤öïìÎó£6˘MEòÁ≥ö¿OS»ﬁDæÔ=˙xÿEÇLï%0¬í÷f )D	Ä∞‡2òZò∆†L4HK%Hêì§· *ebí“e«3>FÒ—5ÓsÈËK4¥™JÃT§!Ü¢äJP‘√ÀCBXiÅçân2Åäè"‘,„‘ñ£ù2˜Á]Y"¢`R“»1A™pîRßT[:ùì®ÍsR$NØ[dTå*-N….9ÏÂ®Ÿ=úkË9Î+c °ÇJãiTô-§í9:cóEËÕæké	+GD≤±*HöâR≤H∂^ºﬂß?xËöËñÒY\À†îR<Pïúzd¢ﬂ"¢ö-
K@ÄCPuÀXú-9Ñ59œ7YÂ‘ÙÛzsl•@†b˘<HaÅ$t«A\–0F	°)S•1à⁄®¡•âT5R]S±G:•ËÕæJ´f9ÏÖäCOy1ÓÛﬂ©ç™aiQ	—áé≥1¨ ¬´¡©òAã¡ ä-`Öù(£çÖ!X¨Æ
«=œìº_:˜9ÙÔñi•§™JÃTºaikA&
BvãH0,"4LçìµL`´éàrk<öç]Q◊ùuÊ≤Û†±¿%,(N†ç+B¶ TöF…ï@ùtîñ–Ú‡åãQL¥1öŒMHT“V{◊øœYH–√EP
e÷*hyTëŒ-¥íg/LÒÍ*U{3zÛßH
)"ã”î¡l.e®ñJ†)◊-„ƒﬁ<≠Á¢^©oîÅp√Üáñ§ÎèPYIzsr≠çâ‘ò,epÜ^º™≤&çIA#gô©ÀsÈK|ﬁÖuQ@cáÉnWÄÃt‚ê
±†¬Y=0¶L(VvJî¡%`(ΩtÕt‰™å≠ê“(x˚»=Ó{ı±†bt∞ÑjT√âduô“	å%aÚ≈ e§8ÑÍcäHìçD¬ëÅX(°§k(%r>VÛlﬂsüN˘b¥†CP™&àhc†Hí¢∫“1ÖRdk"`©#ß¢Y€π’e§®F‰U!Ñ22Ö»∂@ùù9Ω≤ÂTò¥ï1— Ê°N_6∞Uäâd«ÇN»W%rY:Fc^æ5Ù<˜Öî,Ø*X®∂®G5MµÇLÂ'O(Nô„‘	eÔÕÔŒù9	-≤A-çÃu'd™Bùﬁ<m„ ﬁz%Íó¢∏Çëh§∂∏µ KŸöÀ+4<sÈœf™√ò√À’ïULa T®$ÏÛu8Ó}9oõ“π@ä@∑-#3-H§áR4hK%°&‡Äc ¬ôV…	X•ŸtÕvdlŒ»ieÖû>Úwû˝|hä%,LÖJúrvCYù@` ·-2“ƒ®x"“ Ä¢aILZ
LÜZ@$jBÁ ﬁmõÓÛÈ›/9H¥†#≈PÄL°ö∆Gï÷†¬íD§Q$∆•%g6§¥Îó≥7¶Wï,ùN∆ä√
0§l[)/fmL≤IÇí¶étBúı:+—-dy\s∆4N§ëÆJÁ±	‹¬Ω|kËyÏÇYô.µï,D®Fë∂ÜÂ#M.Nô·‘Bß~o£öI M+A#Q≤ì±*@/ó∆ﬁ<ΩÁ¢^©oPe#xÈáñ¢Y√¶≤í˜f≤∆≈ÇsŸœ•
JLåR:¶ö¡ƒ($”Œ‘„÷})o/Bâ@Fã√¬⁄ñíéäV)	ea£
&¶"±å8@ °1:`àë©ËÚ÷:sÆ‹±15òß5∏Â≥…ﬁIÓÛÈÎcEg`ÄJ•DdçKYù(,bt£º(ÎH`D∆Ö•E @% ÑàïBíi@ilañá=œìºﬂ7ﬁÁ”∂^r±yX`ò»+FÄ∞•D9Ïk))ä*P0§©ÖbT#XµÕg-í;ÎÆjëL◊8ÍV5ù¨`Üß,Ràîó™[∆î“Y jp¬•™≈•§QhÑQÏq#d+úÖìHiÃûæ5Ùx›a•@%ïê#SA-#$%4π<ÓôÂ‘ùπΩ˘†ò@aÂ0§+û…jJƒ§ºZ_xÚ˜ûôzÂ¨4®2∏√äKQ,·”YizÛh´`årY
q‘Ö§tMPÑQâR§SÕ‘‰÷})i/J¥®0¬åZ’Z»RZLxxAã+çQ51!GÇbÅ$ £
`¬'>ì—•ºug]ôbk2NkIÕgçº©ÓÛÈÏcEg`å%J∞RUft°HsR
∞FVÜj∆4%*`!:Pé@J`…ÉJ`KP
4¥!s‰o7Õ˜yÙÓñ%aÂr¶»‘–¢Râ
T$ŸUh+*¬ ï"\1:Ïñú˜0:£µt—íµàY¢À†a™)ÀSGó©z≥D(ı¨Å!Ç êµHÍñ°PÑa¨ Á≥ûêïëN=9”Ÿ∆æèº<≥@:≤¢ ‘£Riñ∞ÑE54®ûo\B«^àÈÕËï`¿2¥iI*Â©\≠í®‘ãÀHÒ∑è7yÈó¢Z√ÆåÆRëxu¨NŒ-,Ωy•VGπ¨ç8“ö»GD÷Ä!Ü≠≥Àﬁy,Ù°Êª%*°0¥ÒhyB®a—jhÉ≈VÉƒ¢Lò≈»¡ï GIŸÕR™ó≥:ÎâƒÏ['QCOXK=Œ}=|më	V%Jëïê‘ça¿L¨bbRçH4Q\†"v¬LPQF^jç<i¬Us
R,´gã¨Q}Œ{ÔŒ“,#£ò“Ç›éBÂQ÷ëïF§óQ	S≤VF»ÈXÌïóCZ1”±IX•ì9êÀ’/LPƒŒz&DU4∏`≠ ê&îJ”19j§Ï„≥óQc⁄∆æá§∏…°ïïF†ã0‚Å°O#Æ#eÒ”õ€.»B¶¥∏ÎûÁXµU—)èxÛwûâo-·◊+ïÜ ^(¥àŸÀ£•´5îHƒÎûƒß4∫Ç)XÎö–"“zxçûVÛ≈g•5Ÿ)ïhòQ‚¡îÆ4$ò≈!ÜjBY:a	Ñ¢î`Äê£¡YŸœbSó∑:ÍÑâX∂N¶hñû±;=ﬁ}=lm“d´	\ÙàƒÏÁ‘ùbÇäRà¥•aiä´¡—;@ÄRt®Ux“âå 1h∫µû∞ÀÌsﬂ°ù§X¡GA*T‚êL0«6¢#C√.A,ç"YPùê≤à9—-îÜ™≈‚íŒ»âH%Ä1hËï‡Sî0¬úı1Q+åTâ£%ãåÖú’:ô…g6≤†èc:˜πÓãåöYPDÇdE§cÀÎàŸU§tfı´I1Ã§¿ó†ú⁄…¨@ôU1·ÔnÛyz%Ëå¶(µ)Å–ZW ú∫Qzsh¢L%sÿïHÀ©Q
G^n40ï:càYÂtœ"z9=◊N+Æ¨Gä´FSù©ÇTupö…—På¨å ¬Ä`42 »ÿ¥JÀ›ùtƒ‚v%ì•Ò5Ñ≥‹Á”’∆ÿl√¬W=Mçí‘J&í¢LZ√ä Â‡™å„R&p!H`Ti£#C0W%ã …·Ô8ˆπÔ–ŒÇ“hsXJ2“`Ñ'&≥1«áÉXBbQ(DÁ÷yÏ”/D´X†–†41ãCR®ŸŒ9”ï÷∞¢=Ts,ìúí# √√R“@äù	`B‘Rtñqúzä0á≠ãÔcn¨$òu§©d…RéTh ô2ZL|ù|Œº„e÷∞s]tò≠¡ÄΩ0N;9µùDÊ$Qi&ÒÂÔ6ó¢^à bÎQ°Ió/+ëN]
ÙÊ≤È1´ö…≠†âI`:sH–ƒÍ‚àŸÂtÃ–…ÓØãE4∆§QZ2òd4á2%Z)∞ ·%ãXPet$¬c√,¨çãXºΩπ◊LN'bY:PØXK=Œ}=<mÑ¬4%sT“ÑÏé§ÎôáïR`¨0Çî/Taä¬‘ê®§àRÑ5
x…°…à:∞T¨π<]‰◊=˙ô”)âç…“Ä%%§0«&≥1äE†(Ä£sŸÀ¨•ùr˙T9kç"¨Åe"®T¨ö€7§¨¨òù(ßAa’P++îÖ±ézà—‘å!*◊-œ @Fœ[ﬂ∆ ±9EyV…©.<B:!|®æON|˙ù—vi&î,©∑ó'-qÎ8sóReºxΩ1‰k6ó¢[¡ïÀ-`ä≤ÿ°+9ÈÄtJŸ°'=F≠‘‰Æ4§çúÙ‡çûfÒÙ≥ß^âXexZÅh™“R$Îúùïä@+M-F&"
 ÜV@(Å¡xeïúˆ-c¢^úÎ™'bÿî†ñ6x}13€ÁøOƒ¡cÆZD®∂GRuÇL#B¢T“›Pê„óÁE	S
Hù0*%	)
 ‚XÉÀXS«ﬁ}û{ıÛ∑á™I*Z1AÂ§0Ç#+'.§Ï2º9=I∆
©çg-í≥®Ù%Èï¨≈£ñ≈a—kûë+/FmAZùN¶<\±ériñ£√≠I#àQEâµs'âVy”óS◊Õ˙[UaSEñhÑÍ%KïÇ!1E'®••uÚ˜œìS¢j±•a √ö‹¥§„Æ@:sÍI^-/ç”V±io-°•°e§aJîñ√ê≤TáD¨´# Á©Ua©±
«VkÜPJŒj`£5œsÊÔ=LÍßT§*eô±YZh0»ïÜ0’Yj12i®Äπ §¬1Ü&RR»§ÎU%ËŒªa$ùãIXYagÖ”=æ{ı1∞"-9¢UœHï»Í*2·1"`¢V%@Ëñ—"C*LÖâJ0C'D D√“N§4^\x˚¬◊=˙ŸË–∆ÜE#Xr£ –@"◊íÊv:Ë$µ#J±+ûŒòÙÂÍï¨(àJ¬ú™ñ(ÅE§≥/VoDQ1:Á†hr„s¶59Hcò`*ãdê≠Y«dÀ Àœ¨ÒY…g±ù}-™ëÜää±E¶:‘¢PHôÇOQKJÎ‰oü.óÕ©î…1ä≈J≠óu√bS'.¢≠‚—„t«ï¨ŸmõaÉ-es
Òu)œbU!©p£F9™:[#HJ…ñéŸ≠á9ÏÂ†j¥sjyzƒèO:¢tÕ8ÚôfKR∞“Ë%•Hâa0Ü/-BPV ÉîPÄP∆0É©Ö≤VH[LΩ1ﬂö≤N≈±m¿óûÁ¬Èôûﬂ=˙ò”*"Q4JπÈNÑ[9lùPïN±áåbÀHô3¢Uœd©0¬à1âébv)JAïÍÕc≈ﬁˆ˘Ôÿ∆⁄P` K'JV(RR4à¶^[ëN∫2GPS√,“6
ºæútÀ2tF$CCYY6jbëiz¡∞LJπ´@	aéQéàÎJ™Z )@§&Xçú¥ñqŸ≈©ÕsÌcCÀh®PºPë í•b•Ç
N≈/æ&ÒÕ•ÛjÜáëZ:%'-pÿîSãQW¢/7LyzÕ÷˘µ2¥Æ9x¨¨^U≥û¡UâùR∏s◊>ñÀTƒ±G\÷ãC≥ûòïV!©ÂÎzy—KMT§Ø*‘hyLï∆L÷0E Ú∏∆à@0 ©å`ÄQE(≠…Ymiz#ø4I+≈∑^[ü¶f{\˜ÍcUTI÷πÍE“VqŸ:°©C PP0∆*µÖR„ƒÍs“Ñ&1Çcïì50ÒÖö:Û\˜âÁ=˚XŸïL(±)b•aîçëÀÕs©óFIjaƒ#b◊LæñoJ≠ú§“£ÆL–H¨¨Á©ÿ«A|⁄≈…÷P STÄP
ùq‘$s‘∆äéLJPBπÏyz
D¨„Ægñ•sÓcEÀsT	—"H$®é`ï( 
%Ä¥Ò:b_5⁄JìÜëI|–s◊¶8ultÂ„t«ó¨ﬁ:e™º¶i(6kÁ‹≈!π\¿àú’
πââbóéú”- sŸ*bTÒO7XC‘Œò®Ú÷Z¿%L–™ÄÇƒ
0B(¡ïå*F∞¡¬ÑcQD&9X’;&∫ûZ«~jIDDµãK«s‡ÙÃœkû˝lj´$J#äsTÜN{95°´L£¢º(£4%B…T≈	å0@(Ê%d≈ß)òî“ı√«âºHˆ˘Ô€Á—ƒ:∆D1hs≠KPCØ5ö  JtôNòÙ¶Ø+'=úµ8¨X4¶"Í
◊V]Hj "F±B–zêCHV:é¨’!@–ËÑâöôVŒk^∏°#õSäŒ-N{&{ÿ◊—ÚË )h©2`'N8§¬XaN¿[4Øè◊≤˘Æ¢»¬√ö§∏æjÆM@2sj"ÿËÀ∆Èè/YºtÀy^V)-J+î$CpîâùR–JXô
ÅQ≈'bıf¥a*(µà”D5<ÌaOS:®„KIm ù@ñ•ó [)åaÜRTÉÑ pò`!2Ö`RX™GVÀª6iD◊NôxÓ|ôôÌsﬂ´ç9!) 9©úˆsjÅN ¡4c1ex@1¢t∂N†(L ”BÑpâH8‚ä%4ΩQXÒ7àûÔ=˚ú˜BKâM&†4Lñ¶‰±¨º¢ßA â]'•/\®J»“R∆ãöB5ãRÈé©mD"‰®’#¢	Õ\‘¨ΩxQGâ"$ÕMPÎäƒkíŒk8ı9¨çM=ÏkÈ9t
‚ò	UâëËJBVb˘¥_#Æ9”¶Vó0“∞“óÖU8ÏÜ°âXÂcƒﬁ<Ω‚Û]y™≈
KHki¨9
Ü°+∑Ç%,)ù0C"à^^©i	S±Á—ÚÁπÛwî=|⁄ ·ZE*H¥ —Ih2-(#YÑ1QÜ–§ÈBBÄ`úaD¥:≠ìAYL4ΩπLÁ‘ WNÖ‚‘˜Ñ=ÆzÙ±≥J Ù‰Np@≥üR-0•aL4 í°XPhRt,Œ`äö∞eÑÄùi•ÎñÒ‚k˙û˜>ûÁ-1!•ï √ååOQG8–ßBë+í»Ÿ$Èó“ó∫RNπh¬ähbëÃDçrYÇ9‘Ω9T# B"Q¥
Á®RÀDºP∂kò√TgT	P§BΩ±ifqÍrYœ¨Û$¨ë#›ŒæèûÚ–Bí“PrDÇ8s‘¨'DtÀ‚uÃÚ÷R0à„J∆'@¥2ìñŒkçé∑<„Àﬁ:&ØöºPyZ⁄FÖsÍ9rr÷ ¥a“S “`óÆVâ‘Ï%•≤ÁπÚ˜î=|€JFZ√(TI”ñï≤aÑ°Z
a Tq∆4)®
  
CL8¬äZeb"–S/^RÆ{5:ô:áS√ﬁ	ÌÛ◊n6hä$Hú⁄ú∂
pPQÑ°—ñ0†J[¢ÂQ∆Ö∞Bdï()ÂÎñ—‚k˙ûÁ>û◊- ÖeZQÜ ¬ò:íÊLñçpŸ+}{Â¨1œRF“D@hË»W!$ë°c¢[eQ«•PV0—
ïL2ŸI\†„ê∏ÖêÍÕÏT≥ô9u9¨çíHŸ!o:˙{e°2í“ †&8¬ä Â©XNàÍó≈ÈéJ§µñÅ-¨t•bí¥sÍsÍDÖï^ÄGÅºy{«D◊D∂ãKExh•¨4<cû£®ÁLA^¥c§¢@^^ô^#Q∞A*—Õ©Êk9=åÍí· √(\NÃ4<¥ÜÄC!•qÜäT@L Ä©¬™Ä¨•¶ì◊ñ±’Á-Ü©t/ßáºR=Ãk´kLNç1¬ŸNkú√ï IãX1:—–tfëÄD©Ÿ*ò¬äò‘¿ï«AF¥¶™K◊öÒ‚oü5{òﬂØœr1IHF	Ö0A¨¢ìï2T[%\ñÔó∂^àb"∫%úµŒÚÍÂHjU ïó¢/£@C#\Ù¢∆WêöR1b£àƒ¨Ê¢vKYJCSöŒdçì%dh$œg˙h≠áñÇä@R#úı1”k·o’Im+*tEÄ!JV≠‘['\÷Un,x«óºtÕtKh§¥ZC≈-#√@9ÍéV&¥Ç
—âP¨`Ü@^^ôLFßbÄRuXÂ‘ÛuóOs:“· A\§K$h©|÷'Dad5â °X†UG1  ∆1áß
¢bíîù"D[i-#¢!\∂
hhÏ^Ox¨{x◊V4mz±2Pƒ¨Ê‘Á±)Ü(0 íDJ¿â”GA|“0B ï;%RASà%rÇàT4™K›öÒ·Ôü5{òﬂØœr0“∞£å!@û≤äNd[
%ì•∑™^…zb∞á-ÖlúˆrRSèî∂NÃ*à§∂ñíXx‘‡1£Q©“öÈ*ip√9bßú’HÎ[Ê•ë‘Ê≥ï#b“5àI=|oË1¨µ'ñ†aAFC©ÿ•c°|m‚RZÊËïÄËá(%IVBêµ®ß6¶Æú’<òÛ5ûòÈŒ¨≠j_*J
ç
º⁄ú⁄åV&Ω¬–'¶1ÜÇb—yq'fî™XâIyuü3Y¢˚∏“(ØJ–TÖ(ÁDØî¨‘Úà(’*•r¢≤©6Jê P`¿5R	:ïLR™b˘∞Hj±›/ûÚÈÏÛ›Û£RßKÆ4GSóSñ≈ß∆á@X≥ËñŸÉ
Lï(∂Jå îQ	°ó ∆	+ÅAY{Ûk&ÒÕgπœ~æwC(aGÄÄ&ú˜2(º÷NÂ)R√¡ÄD‘	•∞ñë+!bÄ\ﬁÅ„KB†¬*Q\B5»j¿ÇXË…Tò¬ùã¨‚±•ËpñBŒZÁ≤hî£F!\◊>÷5Ù|˙h°(u™ÅF@ìb†Kü.ÖÒwé}+-≥Dì≥/D8D©™DIñâ÷¶N]A]Y†˙cÃ÷z•ÍÕËó
µ:≤§†%#/6ß.°+Ω#¬Rã”√¡±yTùíC-,Diyuü;Y¢˚ò–^]X	êÁL∂Àû¡O.ÜA\‰¥§ueU*§Ÿ*„
LQ∆d¿‘–ITÈ2¨ZY…EDµŒ…xlÒwóO_ûÔùzJd™∞a•Üß&≥Õ`ßaB °±BNû^ôoìî	2$iE±)‚dÈSYÜ]IåaàXñe≈%ÔÕ¨xõ«=û˜=˙˘‹Öå<∏`ä√Ñûú∑<‘Á5JÂUé≈§¿ä≈I‘òÚ≠GQM‘ ëGöÍÕºÆ î¢*•Uñ5œg(@Œ∏Í»´ µÄR’4—+“Xï"6rŸSåD‰≥éœ{˙Æ=‰a÷™ 2(B É0	‘L¨æÒ¨∂îƒÓYzGó$Íj©Xxï-Ê‘]:ÛLûL˘∫œLΩyΩRÖB«VUïLPÛÍsjj∂Km°ƒÖß@&ÜM@§µÜY§¨2ŸR…°^[ü?Y™˚∏ÿDBÆRZ™¬Y1hùQ|ﬁ;<¶
)Õ§j±›ïW&Ön≠…Ä!ÅcàÉF	ùT∂j$ë,KXÈÕ‰‘Òwóè_ÈŒ¥¶ƒ¶J.äKSûŒMgõPYIZå(§ƒ5)ëióØÆîòÑÈ	ÿïhùHTcJ¡Rcb-%&ªq\Ò7àYÓÛﬂ≥ù¨(£ T¶ aÄrÎ<t+ö≈Fj—–®òAéÇ—
ùÑrD)QC@ 6Uó´6ìUÇ∆ÉçLb"ä±÷vb–6 9Ïç"22ı+ƒÍzíHT¨ÇD≈)…úVpŸÕg“s◊÷ÚÎ¢§ñ™@PÑA,aIì‘ùè-Û|òïZZ anJÙ)I“ÆH™¬ƒ©)Zâß^iìƒÈü;YÍó≥7¢\†©—ï•¡Yyı9µ5W!m# ¿#X!Çã@xyj°%fñÀ;
Ò‹˘˙Õ◊ﬁ∆¬I
±Ij¢%bÜÅxÈÕ·±*í¥2)Õ§Î¢;2uBd—÷ÍlòH6`cVÇJ•JîÕöEÕn:3xı<}Â£Ÿ∆∫Û¶ïlù2—ilsY…¨ÛÍd¢∞¬&(¥ÜMEz±z·¢U0ZBvNûLTJ√® B1≤1IÆÃV<m‚{˜Ìgo
(“Ö»E0Lò`∫œ§ÍIEËï•[‘
åíßZíNjùò#≈)MõH¶mZh:âaJJ@8(	H(Ñ@R.tGT¨I!líTÖ„±m∂VFÊ5+#d≈ã©úâÁjpÿñ}7-˝g.¶*L“—Hòaâà9P BZí±•æoãºÛjZ[ ‚≤∆*"q*ùJßs-/ë_#x·÷zÂÏÕº∏≈%¥ULPxœ©Õ©äJ¥¿0¬D´$ƒkïÜ©†ZK+54p‹˘⁄œJ˚¸ˆ,ÁB∏yn∫I“°•[À’óê´KX†©Õ¢:≥Xô0Xx`±0F*VÇGDIÆ,†¶,¨äkIE‚πÒ∑ö«ªœ}π–TI‘Î1EÂ‘Êπé†J)1(ù Hjéâz¢í»ùò¬ÄK"0†¨Çî»“ŸP@ò¬Y*√ÀØ:'ìºsß´ç˚Y€ãiP0F®	◊6≥≈¨°EÓó¢X÷s'Nt 	IY¢“Ù√‘·Âæk™ì≤ZÑ§ZÉŸÿîaâä<V+Æ@ùd±Ÿõuë's
ÖÅÅH∞Wù<ÕO7YçÄ˙n]>ØèBTUxuQB†¬
8‡"ZÃ KeÒuû=:%Ëä
 [CFÖÑR¢'Q®$ÏÜ•JGïºpjuÀŸõipGñ—U1Bê´HiáÅFÖÃdEòKeA´&RE5Øw>n≥e˙{÷r¶R“º%F¡Z:eÏÕÂ≤yi+¶!b’%Ëç§	B√FùHÑJ!àËàEõ+$çU¢‹¯˚Õc›Áæ¸Ë¨§Üà(«DQa©Õs@Ö\aeÁ§BjAE.uKEBh‘®Éäjµ&cY0R^ÃË'ëºA=loÿŒ»ÉÜ]
 XGÉßP≥óY‰‘™˜ÊˆÕ	8ı9l1ZƒÍB+.YŸ+ô—é¨€å(˘∑ïóûÊ:b±A·D¨6*–¬ïñ∞PRò¢4¥X*©ÕR‘ïê≤jë—+
sY¡ßúÃ5'`>ìóO™„–≠Ä<:Å@2P`
0LDuï+-«‘‰÷k5—ùP0¬∫B•PR'=í≥õQÍŸy{œ≥◊/fm•)-Â©äC mHh≈ (åBî!å% KdÙ¡àãe%„πÛ∑öÊ˚¯€ß6¢√©[úÙ¥«^ovo>ß9—5Lâ¨ïäµ-àÉñ(hRDÏ¬
H°PÑQÏàµ•Qî…*vÖ,ºw>>ÛY}ﬁ{ÓîƒHöÖh©*Ü≥Eq•Q∞Rä Ç:•¨®"-,
Eêñj WD0’W.ÃËY„Ô0≥◊Áøc:Q
öYÄ"ÄhtJïú⁄ú÷∫_C6ã9ı%b%H1XP-I"Xéº€•eBvc@+ŸF¶41á	¨ GWÇ¥ñÒaâY«dtíB¢ÑÏó∂TéMgŒ‘ÛÍw(FƒØ§Â”Í¯Ù“÷î§:ÄÅrÜ1Ç`®X©IhæVß≥i´Cô#L<0¢+IñäÇ9Ïçúöè]Yy;œù¨ıÀ€õip
Kyj`ÜRCR4≈E’åFÅÜÇNê≈Úa¿(’2V4ºó>vÛ\ﬂs™sÍh¢ÉKRI=s≥∑559Nô™ä*%ô^*1eKúFßfCï"»ZPQA|Ö-òP^+üyºæˇ =ˆ "D√Bñ*J°¨«QPiAÄì®ÈÉ$Ú⁄PIhÇòb"Xî<ÆRZ¬å5á+ó^t,Òwû{=¨oŸ∆êê·ï2ùsŸ@uf˜Õ\ïê±lZâ
Ä
®P.Ÿ™¿≤£,ƒ)#*
 *,àÜ¿ „ÿB´+C≠2¥TÜú∂GR$¨ºvK—Ø?Y‡≤0ï"}'=˝WöZRîá\§Üa@8¢âQ±R≤≤˘:úzÕÊØ+¶Hiá ¢Åi]fDô+9Ï‚‘jÈè+YÛıû©{sz%îó¢[
 Vë=IS(a°kJ¬tÄL•OIzœ≥Y}ºn≤CP´¿ÆDMIéw„]y.ß1◊+™¢ì
™‰a*•îB•`"Eåaê•≠(Zò¨,
UxÏÚ7éâ}˛{Ìï!¢-,R,Jπıòj!äÜD'\ı©„&V[ÀÖE°z… ì©¢R”E%°BdÃaåL#éÃËN|∫ûÁ=˚X⁄í0ÎçAidùë®Î:≠õ›/VllÊ‘[Cû£bÄÀ†«*`IiÆ¨›Sô e¥MT[0—Ç™àH%N±T•	ÿñ÷+áÇ•'§üHÿe¥µä
úï«©mösŸËπÔÍytIm@§:‡åíaÖ DJç ñWó≈‹„÷z3Æ©Y2KBúS-c≤" ñFŒMWè7Y‡÷z£≥:ÈïE)/L∂òÍÒ-I” ¥%)# \¥< Ö*U:úrk<ZÕÛ}Ãm”üP´¡4§ï%í(wg]ô*s◊TÆ™à(‡(98J®„N9Í)É
P∞‚ÄBî2Â®KDâÿ§ÄQy¨Ú∑ã«Ωœ}≥I
%RCEIT5òÍL≈Fä™¿≤UÕF©â1Âº§»+A"så-HK4<µêÅ`íbë›ù!Û›9Új{|˜Ï„z%@°@@gdíF«Æôz%¥°9tñ≤LN!Jå(Öò∞¡À¢WîTÎS•2uhÂóVB\ì&1AE¢Y+)†ú˙<V:Ñ]dÎõSùº∑]H‘,ù,õYÅÙ˜ı∫N[“≈¬íc` Q°rÖVí¯[œ.ßT◊^m$÷Fò•J≈äB¨â
-í≥ìMVè7X·÷:fªe¥iAEËÕ¥)=)ì,u#Dxñ0Ç§È\ #∂ ≤¥124â«©≈©”óπù4sËáVÄN•béwfıÊ™sWD”¬X©ä5ëÃ £ÀAÖ!\’:RbêÙÇ“YÕB(¶*2⁄$L[#@§º∑>VÛx˜qÆÏÌe»îMRKò\œD†<Qi.E≤$(îò£ÀX`«S≤DáM$
0√¡&V)ï`ïé˘f|˛Òœg≥ç˙¸˜¢U:¥T–§™6GSûÃuK€-eô«¨ «L@"Ñ©Ä ÿÒikêR&£ñQ¥4Uià@r•FXY≈®„Kq·m)Õs…bñï’j)0!¨(ÄàW&≥Õgøç˝?àXYi-L4â@a†	RƒÍ6M]|Mfùs]yµêŸ
 É*P*<"»ò†≤6sËKf±¡¨tÕuKhu%%æm†	UáXjs÷éÄí&âJ¬
å:ﬂ*)ÖAL4â«©√©|Ω¸Ë«.òx§µ	*Á±JùôΩy™úï—4—;≥A	Ä2π@!\‘îd¨cçSN»—ä)äå∂Ñ&-í•)/%œìº÷=ºkø;2‰Z"¬.5%ÃÆg¢RçZ Qlë
 S-`ì ™ƒlQ öLù#¡&W-ç!ä«l≥<=‚{8ﬂØç¨Jê®∆Ö%g=ë‘ë’/Q\≥P‘Ü†Bb a S†Ë»‰∂»’–0∞¢0√¡1â
 \¨P¢ÅIŸÀ®GñêjdÓy’Ní§+éëKJÙDÕ\zœ-ûˆ7Ù‹z¬ÀY\4Gíu1∆Ö'SRur˘:Ã7:ÛÆ¨÷ìY*†  ï1Éf(≤VBòπ‰Î~Ò”5—-e¨9Eº[4ãWÀ[Õ©Õ@aFãò®µáîíIQ
ﬂ*©&*V¥%I8µ85:r˙iNM)áZJ…9l£™kØ$NZÈñ“ … .÷2(Çç)§j6
1h ()#Rÿî√f™‘b–Ç†©‘äfÚjy[≈eˆÒÆ‹È•Qlc@2≠âsœb–—äó'\Ù°ïïÂ	Yu— B™&§Ñ¨<<b`±Â≈aàRÑ¨u ßÖºFœkıq¥"¿†ú˙"]{3Z%IKbÿEQG&1åP∞‚ï:2¥ÆLâR¿$Jß9Qå9£ûî0c†ËZ
i[Q:e∞âI"À÷¥àY≈ß5Ü/)E©$Ëú’≈©…sÓÛÈÙ‹∑™ÊÕ¥∏J#…;9h≠•2B¶\PTÆ@ÀÚµôÓuÁVÕ25ì¶gP	X0é"J»h
«ëºy˚«D◊L∂ñ–√€|ØöÊ)ﬁ}H÷0£√ì$"
©iLE!¢é∂ äD ”ãSœ‘ÈÀËq§9¥x¥U^VNm9l≈#¶kØ,úı”-eùúË•Z L(Åó(uåZbÄ$
KÊÖbÖ·	¢“RÕÂ‘Ú∑äÀÌ„]π÷ñbŸÜÜ
õ%sœbRË£CñîÅ'\Ù¢ ≈KKIfêîUâÿQT]I	X§¬∆óåFîbÒ€,œxçûŒ7Ícr©:%d¨ÖM,ΩY[:ùsÎ/Dí&àÄ1ÜaŒíÚº&Ë ƒ´óIT‡EKQ≈àTBñéÇä!iD•WN©XÖì≥RÙƒ+Œπ‚∞/Dµ[BŸ$çë¶XŸ√g%ûÓ7Ù¸∑™¶Õ¥∏ù dK8©ó™Vìûîπ “\Å◊ù|ÕfzuÊﬁ4jT!îë$9`,«¶â§küQ<≠„œ÷z%Ëó¢/.l[6FÄCIQ0Éç%R±K≈∆ñdjuã‰ÊA°iN=gŒ÷mõÙX“ƒ4≈Â©•tÁ”íÃîñÚı Ò#•k≥ôvàd$ÍA)Q…ŸœR¨[ 1Igd´Y0ST™ı`ï$A(óõS…ÈäG≥œ}ô—îTÏ%§å∏éß=Ãıï†¶¨¨dñú‚ä!äóï‚dÉc*ìD§,(±≠∆	Ö*b(£ù]ë
Ò7àŸÏs◊´éì§0ÚF»YR—Yo*,¨4ˆdƒËS
sì GäÆΩëHë(s™^ôo9uy¨ZXi\tSsäsåPbÂsh)ùàÒ‹U 'lΩŒºÕgÕ±K—-•tK#§,Åâ'ßßΩœ_QÀ¢ŸA≥™ ı@I◊î^®ydå1ŒM@Y®GùºÛÈ|ﬁòh‘à¡îqáTö$ú’DÚ∑è?YºΩ2ÙEe√-K≈‡ i*aIR4F•©áä†ô ’≤pà-\0î+ü7Yx˙m‚k)+√)àÈÀaJKyz•§!yi≥ûƒ¶áBB†d©i•ÅdÏÁ'BØñV%d4÷JP“≠ôz%Î¡*HÇ–)/&ßì”ècû˚3£)©X
KY*†Öú˙Ãµî¨Ø¨¨ñú‚òò/-!I∆U&í©ïX¶`åa
 í(ÂÊ∫£ûœ¶"{ıÎc¢T¿+<Á>†≤íﬁ+*,¨’H6-1:P Ü.9$JÎó¥—ÃDÈé¸ﬁâhsŸ«§,
ÒIH»FÊê≈a·îö≈E[q“s‘ó™:eJÛu<≠feÛzslµ2J…i LörjqÍ{ºıÙ¸∫-î)5Y\Å $kö ØD4™åcîdM@]§è;yÂ“ë—õhƒ¨p @§
¿ö&úı@1Âov≥yz%ºRP:ÿ¥TÆk¬["ÑƒÜ+ô;0†ù(ı|®B◊AÖ@º>fÛX˜Òª«.Äh1Q÷Vsh“V[KxyAY^…XãYh4òÜß8≈!eTùFí¿ZRìN}2Fò§∏KÍöÏ≈[&ÄUK^-O+¶+œ=ıÁF]Q≥ñ±x5œ©œsIYñ–SdézZ0ÇÑº∂ÀTAc™ìIY*§™J®á(·…”ÄäãMtG=û?LF=åoÿ∆ñ†N¢êD¢Vôk „R§ÎAbQbıí4c∫^òëœJtÊˆ≈e’«©œb
µ§TƒNzH√òöj!Ç¥Øp‰kùΩáL≤ÆO*Œ}KK◊õ—ïÖ≤Iñí$ìN=N=Owû˛üñ÷«)5heÁ Á®YUËÉ*†ÁKôii•ìárZ:3^çÑ§∏T ¬®	©„$küQG<ç„Õ÷z%Ëñ—Y@VÂaéô^&∞“(
ê¬	bÄ¡U√◊NTÄ*¿xÆ|ÌÊ±Ôg}qh£A-Qg&ÜJKIz  JKH[%b-•±§R:ê
ÿ¨NYãS±GVDHhâ:# 	XNπÆ¨]b¶Eç/ßë”èkû˙Û≠.®XKKh¨=sÍr‹ÚÍJ¬∂Üe÷HÁ°F Å/-Ú’YE“vFûT±UX√éZ*JàH$¬Zk¢9ÏÒ˙bqÎ„~∂4ï9ÏÖ,cX SC´…Ÿå®±¢däï•±+£.πZ (jôΩ2µìÆ{&kR⁄ÑàPá()$‘√îïãùê‰+ö∆ÕÏ^πggügô©»î^âoï•sRY$çO@"E8µ8µ=Ó{˙~[[1y™∆Xë&ú’:H
äπéè*ì‘çV[∆Ñ#f™CBÆ∆†“F£®¶<}„Õ÷z%º∑äFVZîîù1IR£dÄV¶h§≥&\†PcÆ(™EôdcìYÛıö÷5Yy¨.¥ïémLöVóÆ4]iU≤v*’oIW5ë
‹¨iTZKD&PIj%àa°I[C™^¨— ∞uîóáS«ÈäGµœ}y”™DÏ5hº¥	À©Às«©mÇ!œB© bÚ€)‘±◊IŸ*iTBi™  é<Z*GBÁ©ÿb≤Ÿyì»ﬁˆqøK;ã<∫ê†ïñ™¢¶VL<´Q‘í
`F:%±'E\NòÈî∆íãIH`À-D≥	%`ÆàÙfØ$ ÉÑ°éxïÁ\v ‰ízB≈ó–é©P·‘ÛlÁCm≥k-GÜ¨*B•®Ä†ëN=N-Osû˛üûÊòËö§™(ÑŒ[!eKJ§ÅUç,.aTµau9©Âº<)+ûÇåiE	h2s‘ı0áèºy∫ÕÂËñÒH*V•#áói$ëä*òºBR¶V4LZpù0ÍD†à®!…¨Ô-'≥ç÷%i bÎxSóP¢´À◊ñ:eiL∫ƒπYm!\ñBâ—äJU)lAP
(™)lK¡Ñ'NuÀ’ö∞∂c)+/≥„t√«=ˆgLeö
¥tKS'ß5ú⁄ê≥-#§´A÷ãE≥edeBY"4‚*äG+#™ç!¢ëUÊ≥…ﬁˆqøG„≥èQ,¥Ω1IgRF\òƒ»Í*-•§9Ä(√í•´£À•Èó™)+"úá&£é!"6Ó^Ã⁄D»“ôHà√Àñ∞¿±À√‘ùÄæu—.≥äŒ"ïñä–ÀH`“åì#¢ÿ§¨ärjqj{º˜Ù¸˜ ñŒö∞ë≤(ˆr®µa°‰Á≥öàµ:Ê™Khx$¥Aë„ÖW2s‘l‘k«÷<ÕfÎ—õ`√-%©CC¡–âZ@K√'S F[RX|‹%ãAIe©«©¡¨¥û¶u’ù ÷1Yz2Cóq+/fiKKiZ5%ò¨Ø
í®Y
a•heZTJdPbzHùäRt«\ΩY∏L¨¥ég≈ÈÇ{˜Ÿù1ñh
ññ√'&§,Á‘Ê±UÃL√F'`´KÉk≈¢íÕ9Ü±◊&FúòÇ¶(≠F+ ∆'L11)¢Öcöœ'xEısÆÃÎëòÍ∫◊4	@†#HÇ…R´ñÜå( PbT¥GéºﬂBZ√∞≥Äçƒ™ANô{≤™òâ
÷÷%dJóöl®QLKÓñ≥QNMN;!c≈ÛYB±H√V
N§â¢≤	…©«©Ós◊”sÈ1 gK5‹öUYXRÜBM9È9ÙçV[CFD(W§	Õ\ˆj5‰kv≥uæmÉ¥ñ≈C .E¶Ç†≈¢Ä'QÄL§¥|‹Nƒ¢ìXÍqjpÎ9=,k≤iÜÇbí⁄1«π0ó´5ëÂ¥¥ÉKf-)ÖD©¢PZVÜ°d¨0‡¶:Á•E≠ çÆ^º›ô
≤¥y˙œâ”ˆyÔØ:√¨êïZN]IYÀ©Õ`\84v-VP=RZ≈e…Œ-é∏Ñ©ÖTPä¡ IQ@Qä÷y}0á°ùtÊ»≈-x*®ñÜIT¡`ñ*<P¥ï£¢;&ªÚ¬ÇπÏÊ^sX¢†)/LwK”*ê$5ÇπlŸùu ‰jABãd—ÂÔöÎX'õ©Àf±Âx¨∏Uq‡âë*hö!+ úzúZûﬂ=}'>ì(>t Üîö1+ëH¶V&0IŸHπÀ§4∂Wï†	KLÑQE2‘§§SûÁñµ
ÚuéfÂÛ™Ü^[UQÖêU`(X¨=%Dç)Ç1x®≈3I&Ycßœ≤—öÎö§†Â%¥cèr	k/NnJK—-`P≈•aE—`ƒÜW%g%sËÖÚ≈aâúÙ∂ ('`:eÌ∆¥ò}FVUé-gƒÈÖ=é{ÏŒâEö1X*„ß§ÏÂ÷`‘Ê—Ñ≤t–*ãhy^WìûñÃ≠¢5DMTUÆNaI—¶¡ìóSÃﬁPÌŒ∫≥X¥Æ™Çî√í©¶”R<a¡ –‘¥*ë’/Fm·i	Ÿ"U c—/lu äNŒdïtMvÊıÀé;9ÏSX∂TÎÕÌŒß^n≥Ák!;eÍŒäÅ$Í@µ;êÖëN=N-OkûæèüIáöh`– ©œrh≠%$Ç*Jï"!—;GJÂyi
%-2`®%©YH§ny+PØ'X‡÷ntgN42º¥*0		hKTBëx•-@ï)å1xq Ê±#E0´#áYÛµîOBkÆjêÒA À—·‹Ê±e¥Ω9≥JØd∂…E‘hËó
ÄûìÉ*¡IYÀ\∫%_$¥8RX†UÅhÙ1≠ )©ï•úrÔ>'LNΩ~{Ó∆ú™Õ¨2πìáRVsÎ1
ÍbBçK¥-QkW!KaVáD!N(¢#Ubñ…¿(ÑC¡NMO7xY{≥ÆÃ€À’*±i@<9
T]1IkâíD–Cô´ñÍÇÿ¥$ê2π—kóRﬁVD úï//Vu—+í≥û…Y YEÓÕÓñgô¨˘˙œ5ù1ÈMvcO\‰’%§hE•±jdlíqjqÍ{\ıÙ\˙Hx§”√°¢∏Åùeí–êDH–Ië/v‰5kõ”Ñ§E50!)G4µä.1+8ı2jÚuü?YËñÚ–0√ Î@Ñ¡V[†Hxº8,ñ¨ƒ - hºPïF≤,”äœ7yëﬂõ’5R∞F//LáSõS/FoDºˆ<Ωπ∂å(Nà&çí£1ëN}9tù^W)&âRñïYØC†(òiQxıüÆΩ~{Ô∆ò§™éX¢πìáSûŒmfk@Bî`MYPbêaï‚6-å!2§ÏZ1EM¶N` &$cR»]gãQ„ª:ÌõËÕdë;Z%ÂlZ@éà0µ+%©éåﬁâi˙L°x∫“ úÙî	2#•—–W4Àe¢Qbœœ-∑ó∑:§¢°d.M"LuÌÕÎî«≥‰nOYC≥7–ÕÈñ“Û◊:jËï‚JÜH“Í-Ä“5√¨ÒŸÌc_Eœ§JEfûDµebÿJÀXHXD µè;yÁ’|ﬁò¨%M‘√¡§“⁄(†¨‚‘djÚ5ü;YËñÚ∏–√JVÖ(FáZäá%bj°##∆4Z]$"`™ß%ûvÛ#ø7¢jÖ£tKx'ß.¶^¨ﬁúÿXÀŸõH¿1q†J…÷Ñå0LJŒM'Vç)) †±E'K`-5›äSLRY/≥·uƒÎÿÁøC# âBÂÅN-N[9uïZ1% ÇëAÜáä≠"6Nò C¶ùãZ(´¢ç& µ3íE#bŸ”õ◊ùt Îô¨@SñîúˆNÅÜäBÜß©$§vK|‘Æz≈ √è’
àJBa
ﬁ;#¶:πTÖúvB]í˜Õ$rŸœ¨ »ÿñR^ÏkÆiNgÃ÷eºÿﬂ7≤-/L¢πR5YoYô'R‘KDHW≥≈gªç}>ú£EÊ©`•Å∑üQí•U‡"F∆¨y{ú⁄>oD¥ë*h°ß)êAeºQpŸ…®Ëk∆÷|ÌfÚﬁZáπ\®ƒ∆y\x¨1ûÄ¬òcCZZöL*…Õgõº»Ùsz&ÆZS¢^àsèSóS-≥zrZuÏ≈ ≈Q,JabPPJ»j!YYHd"‘¿j»ï;◊7Ø7 (åQy7ü¶&{\˜Ë„@§≤∞ñ*¥8µ9Óyı^îê≈*G2-&Ü,µâXÜ(¢ù0§¨Z√™QÅïí ¥±äéúÎ¶W'g=í5 îäJjVFÅìKÄãKa:f∫ÚTÁ©åµ(R"sÈ0éA•È:≤ËñŸΩ	‰‘íW7≤k¶\rë©Î<˜0∞/•/n4áù©Êk)©”e•IiáóÆRs‘´h
Ç§™6&°DÖpÎ<V{ò◊—rÈœMö∆MJ6BﬁD:ó-)0»	X@≤<ΩŒZyz%§âSE9H ,∑á\VqÍ5„k>~≥ym-áá\¨8‚òqñÇä1XæLJß¶0Ü–Â @ñë
Sûœ?yëﬂõ”5‘^&LËñÁ§5ÙÊıÂ0€’ãÖq√ ÿ)≈â¬ôTùì¨8TAëâÈ0√÷IRYïÂÆh@28“¢Ûo>'L!ÌÛﬂ•çÂçåP+@ß§nyı“ÅŒaÍ$k+	HËZDÏâJaNàRV-*—4†&J»§≈¨∑éº≠ùuf∫«Rœ=Jåh¨R]Q≤4 ö0)iRë”5bHÍ„BTÅq†äR[YΩπUgg&§™πvÁ]í©À©!êπÀ”ùwÊ•û~ßó©g™;%¥≥Pi^Ÿq*äYk
™*%sÿöå√¨ŸÓc_IÀß=¥“
öàë)gAUqâ¶%`T¨x€ú≈W¢ZHÑlZ–¡†`ö,Ø.K8uïx˙œù¨‹¥∂ïÜîxe§c≠D∆á.<-(¢Ñ!0K¬
%à
∂„ôü?YMN¸k¶k™.HS¢++úZê¨tKŸöÑÎ´'î*T âXxä!$5¨4∏'¢èbí±m∆ö¶Z≤4ÖZV9µ<.úÂgµœß≠ç8“ ∆≈95#¨Û÷äì≠Q4UJ0Lbã”T0	¢Vxbu4Rb†ÍÂ	'd,íc¢^ºÎØ7¢j≤¬Œ=f:BÃòyh<2©œ®Ä≥4`ç+Rÿ´LöX–¬“àÄijP2ä¨^^Ãﬁ≤,Ú‘Íß\Ωx”öFÂ"$5:Ê´öµ≈¨jrÿ,Ïóøã*ï$W.‹‹&ê≤ëy@¢Ç»È0¶%dl‚‘·≥‹∆æìñ‚eº®KLå¥É√,TdÄµ*Ql1EÒ4Á+/L¥DHY´F5`≤º§`Y√s=1„Î>v≥r“÷W4™bÖbí±ÜQ@aA°PQb—©	¢¥«-œü¨œS“∆Ø5—$cÆ))8u!DËóØ4ÆåØ(Ω@%í†ZQƒ»&±≠#K@%YÄùãn’≤ ±†+Eé]Oß8YÌsÈÍ„NZjv20·‘Ü≥1B4¥ÉCDÍ6NåB=µä(Üâ:QáÇ-" ÑÃ8ÀQ»“$í˘◊fo\Ωr—`qYÀ©D¶Fñ“÷ ©:ç’ç(¥¢Äj!ñ—†å2∞G&í[è)¨uK’)N+#eÂÎöÍïé{!bí≥úı«^o>û~≥«¨†TŸ|ﬁÈXÊ“Aäe€õÑ”ñ GT§AIŸ-bvFŒ-Œ=Œz˙^{ïÆl…j÷—ÃbÂÀê&N•IcC/ë©¥∑áÁπ‘–XAÉZ √ŒDœyÛÓ.∂ñ±ïî@(V^(ò•!ƒaL`Ä`ì®¢çOI<›göÁ‘ŒØ5Xbcë—4â¡©b“ÙÊ∞ïl∫sX«@‚ÄíC@[41âD±≠%e®	6"ïÆ]3Së,J
—ixıüß9YÏÛÈÍcL^QNÑ<ÌHk)MÁ—Gïƒ'bR√ √ÖZ(0¡&NúÜ•I–#ÜJFë'JZ:Òæ¨ﬁåﬁ™Ê≥ãSñ»j -x°y^ïì≤a¶+JßdÕN<VWâ–§¨T©"Kf“W.X¨§äB Gt◊VtHjsÿRDu'-ÂÏŒíœ+YÛ5ñÆò™¥2Ù¿9(Ub±Ÿãà◊.ÂeÏ»
û…È0IŸN+8u=Œz˙^{ï|‘#S≤ã’	b≈ILÜê≥C/§V≤⁄CûÁQÖBh∫÷W(Jœ;Qgëº˘˜[ T©å1He¨X¢ëL`
`P†p§):ö ’Xvúã>N≥«¨˙π◊Nt*cq”54‰‘ïbíÙÊ–Jæ]yØ™T»$ts@£ ë4[¥-+
!4çä[  “ıEÛ©…%¢´≈%‚÷|>úÁg±œß•ç¢VßB)Ñ<˝N}dS¬úZÇ¿µÕa∞RCÄQ©∆ñ°ÜR4√K∞Ü§4!'Z:Wß6˘◊N5ué≥ÁÔ÷J≈]Y^*L,é≤±C*	*çàb•#¢Y‘F(4§∏ƒ@<RZEÒ“%s\°HÔöÙ1£ïÀºÎI“+óÕ'õgÉ◊≥’ŒªÛiU]≈¢—l÷%\ªîóØ'B6OD“FŒ}N+8µ=æz˙^{ù¶j©XÀ€qÇ1DòÇêÆZî2Ûo1[KAÅ
ÉÉñä√ê≥À±51‰Ô<≈•¥¥ä+ áñ—epö’Ñ& 
08L **¢“Z◊>N≥…g©õ◊ùRÈó¶Y'=í–%3zZ§)—x¨ÀãS OSCJIÄ -R.∏DRu"Y
Ú÷^πoõ9!dË≠éOß9‹˙ÿÎËÛ”ñïTacáSóYù4)«∏-sHà¥)aÄ-Ö%`C-Ha…í±hAäåM%Jtfı Ò|Î∂hœÒ+Ç∏x2≤ô"GY ebã§ZJK≈"Ú±*∆Ü
í»EñßB∂Q{·é{#eN¸Î—ŒØ/√ró"•A:&Ç N}gÀ÷|~ô©ÏÛÈ◊ïM%E ÉU°Â§*«n]"àB…ËÜÖNk9l„‘„‘˜yÎÈπÓ4≈≥©ú∂%tGL®X†Dπ"b≥ñ°-+õYÖz"í™sj*aåa√ZJ√D,Û5¬y;œü¨⁄Z≠¢£ /D]X`¬,ÓcjÜC±Öó8∆¿EiIÕ¨˘zœ;>∂w—*ò•ºvÀÁ—EB∑ñÊãÂ◊-aBT2$Ï!ñd"Rã'RMQ≤&ßñÚıK|ÿ'=âiOZûNqπı±◊”Á¢Q\™91C\∫ú◊0°Â‘e§¶¿jCS≠ä(4ãKLhRv%a…àh¬“óÕÍî´GNueÊπÂ‘Á≤zŒ4¶ú°∆YŸZj°IT≈∞å0Úò¢¬ö™ZZïóeé•)œ©)/°/£ùtÊÚßsjJ…¶^à´RNK95ûMO/YÈÕˆ±ª´GD%D¬C’+&ë´≥7∏Rd,ûà,"sYÀgß.ßΩœOœ|â#∂i[∫·„ûªJKÑ±"$IYt’
Ê¶éâi"ú˙äô\†Lc-•°£ûœ?Q¨«èº˘∫Õ•¥µ,Ø&iz≤vÖòyJJπ™cêÇ0C- b•¿rã9¨Û7òß≠çtÊŒÖ «DΩô≥≥ó@(
«b∂T^¨´
1CTâ9ÕM#íîxË¿'QAP≤T““//Dµïû…∆R:Úk>NqπıÒ◊‘Á≤8J@§5º˙œ>≥ C˙äh6 ïÜó≈∞KiHÉa@âS¢91L/õ”)ÜWVÕ[!®ñE'©ç+éLihçJ‰å¨<Æ)1laÂpäÜÄ
åXÈ  e–≈°ÍF«éŸØS:ÍŒ¢úZœ5úı+	yt©\∂r\ãºõõÊ˚YÈx√ƒ√LaÇ#ÑòßLΩë©,â$)9!g5úZúöû˜=˝/.úñLÔï,Â∫F"v¬ ¡r8H“–ÆzÁ™GDØ"‘	ñÖFZÀQ¢6pj1‚Ô>f≥im-J´¡0F:3{aZçò¥¨ë®TÇ`Bä-1RÜçf™©g5ûvÛıqÆÃŸ‘ÎÀ¶^ôVŒM¬îé≈¶Yz2§`é5)BúÁ54ò‘(.T"•EÆ{'M-aÂ¥∑ó$lî*‚ãÀ¨¯}9∆Áÿ«_Sûÿ"5c[Õ¨ÛÎ10ƒlQ•!IThîóbÿe¨¨ Bac'S¢8àÄ
ﬂ:ËñêÂW,RW)DçâX0L“±+'b∆ò2ÅQB9YI® qcêZ§tÊı√ÅD`“YuÔÕÙÒÆπ•9ÓywûTçh´U9SèN[2t¬û&Û|Ω¨Ùº ƒ◊@–¢“¡(¨Ω1:[œ§≈''=úˆqjqÍ{‹˜Ùº∫sYéπR»ZîÅ›+é!éb#äê•§ÆjÖR:eyçõSJÂ% ¡ñíÿ§≥π·‘!‚Ô>v≥x¨µZCÆ0ÂcÆ^º£l(≈ïRT®™¥¢†ï)+äíëP”¢J§ÎöŒÊ	Íc]π©S‘hÈŒ∫#¢Qgà
—“¥ç-Úh=)0«9ÕD)Ä
E≥\ˆJöZ¡ñ≤ÙfÎƒÑhºöœá”ú¨ıÒøOüG4ì¶©´ìYÁ‘âÜ#`+.ÖIi
5IXDùÜ[ELaE	åa,ùòbd´#ÀyoöÍÂÛq*çì‘P
 ¶Ç^UIXµ°ÇaiL`≈%`8i!5)ãÀ◊Uç	\˙ä:vg^¶ovt±œ§5û{òÿÎyß GóºÒj-te€,¶-/∑ç^k!à”´+(aâ9Yk¬Í1'F%'5ú∫úvrÍ{‹˜Ùú˙s°:eRvRπÍGt$ÆTBDTùjô≈ß=R:%§ÄïõP.0¥C-%©Ies«®ñHÚ7ü?Y¥ZZ≠!îÑr—◊-‚#J©:(TRÜE$ãRá4Ë%Ru<˝Áù=kæQBÀE≥´GL∫Œ(£¢ZCÀXXZrë®(Ê$B∞Q@-a°åÇâ;!dÈ•¨^^âr4(äÎ…¨¯}9∆œ[ı9Ù`"U•xö
zÂ÷yı"aékYZ%§(Ueri;2◊*ÆIäc"Ÿ; H"U%ÍŒ∫eiV çõ!.WD§√á2Õ¡ZZàãJîÜPò©AbZ$òíßVmVJ®ÒHùsŸéπ}<ﬂC:hÁ≥ûŒ=Dπ™˜Á]s\…Ê‹˘ÃÏ≤ıfıÀŒü;◊6À€Œ∫fä4H’—-ä
í*¨¥é0j-4NN{8ı9,Â‘˜yÔÈyÙÇc™U'©XcñêÓâJJ
LâÜ≈ß&yª@∂V+9ÈjvÆ¡áïÂ©Héúw3§<}„œ÷z"≥U)+çañ«\M`Â[# E&äé™ é(É:Ê‘·÷y¨Ó≈Ôöaí±U§Ω∏·‘ïåeyz≤ækô2•a+ÜE®ö%F∆`HjNû++)ñÒ°h"ôkõÕ¨¯]yÛÍz¸˙z\ˆËÆâi,n@Á≥ƒF\qŸ:¨¥åKR!e¢¢I¨∑ó"	ÜòñêÎ€ùvf≤Ãë2a+

ØÁ≥Q0@%ÇLµZJ)År†#d—R<^[B¢‰ñæ]“˙Xµ"JŒ=N[.ûú◊•çàÚ7üxçóñÎizsggÃtÁHˆ±æ…ß* 	S$á10yZXÉYÁ®—ßÑ9Óyl‰‘Â≥⁄Áø§Á—Q´™TI⁄„'*LÔÕU@"L&∂h∂ë¡¥éúÆ4Â•§≥¨É+ÀQ„üN;ëJy«ü¨ﬁ+5R≤π°ä\ÌÄ∞ “ã√îä(1QïE hÜ(Pò∞ïÕ©¡¨ÛŸ›õﬂù0R±u§∑Õë√©;e¥ΩtÊ‡°XùbBUDh¥§BQ@ú˙ì£ïïÂ¥4-ﬂ7üY:ÛÜß≠œßßœnäN∫e¨≥π8uònI2ÑÊ‘Q⁄§,çì*¥UI¢è-•√A∞Ñ"‘…"°^ÏÎ∑6≥EçA* éN¶-`≈ÕN0∂(ÅñÒeƒÍ∞á»‘Rt ≠b£ √Öcd—÷ëIm/VmÂ)‚÷y5ï=Lo⁄≈µyöû>Û…gDΩ•#-≥RœìÈÕ£€∆˚f™Z ¥–B%àPr"äii(Y„®S’bg5œ5úöú∂{|˜Ù|˙"=vÀëTÇŒDôŸöÍ§REÄ[$ùÖdrm#£+
úµ©,#©q°Ây\…¨ÒÿPFÛ√¨ﬁ[Kb≤“ ≈L∏º+áóX°qHT–ò#ó A)äEbƒhƒÎóSÉYÁNÈ{fådÎÀ©ßãKœ‘ùéUz%æUî íNñû+îàÉÇîx¬V†∆ÉX πÊÆz—Yj¶[CBÉQM-syµüØ>}O[üOSñﬁƒ∫sl≥π–ï≈¨ÚÎ2—@CS-%(Ñ¨çYXP"´E·U«0Ñµ¡E"M{≥Æ‹€M<1*·±l`â]Eí#A∆&ö“5h©¶©öJ—q°	ŸZ*a‚´LôJ‘∫!œbîó¢^ú€ Ú±;9u8u''fo°ùvKgÀﬁy¨°’-Ü2÷&|ßNz=úo∫j—qâ,j[ „ñ≤‚:œJö©Nk9¨‰‘Ê≥‹Áø£Á“V1◊ö∆ïú∫ÄÌ≈eSù%UÄ=`VMkœÈ S+îÖH—°bÖpÉä Ú©#õyÇj‰Ô<ÕÂ¨∑/+∆∞ÍJDéu•k¡“!!\aß)¥-sÍy˙œ2wÀŸ4—ì≥.…¢VXúZì±G^ôoìJe“%-§
R`ST«å
Ç∆’Ç-œ%s÷äÀ–©/Dh‘CK|ﬁ]g¡ÎœõS◊Á”’Â∫ÿÇWNmïntN∏ıû=f ÑµYi)D#dÍ ¬Å2ò¥©AHì‘CPDâwÁ]Ÿ¥örêáB‰ÿC[¬Tu®ôùô
°®Ç<∂P-1l¨LÊ≤Ve"bí–e1Q— ò§◊Fu”õ4z,Ê÷EΩ|ıŸùM!º√Yïî:sz5hâÚΩ9àˆqæ‹Í±qÃÑ4ñí°gû£Fö$ê≤rjsYÔsﬂ“ÛÈœdéº⁄Ü	N-Bz8¨≤ ì´sE"◊ô”06™ËIÿP“
™(Â≤¨÷$í©ÍF¬c…÷<˝KKij^W2–±A¢KÃ)ynâH
¬∆0k40¥–µœg±œ]ÚˆJ‹ﬁÃ“¥&úöI'@Èñ˘Øö $JPçïÄBcî!0∆Çj&K8ı$îñ”Wâ≠‡¿±iBtfÚŸ‡ıÁÕg≠ç˙º˙Q:Íó¢	*„÷y59µ$"O@Z)5ë*6H≤ì 2ºVRP¨Üê±,QD;•ÓŒ©ù0‡9¨Ê•≥1HuqI¢Víç‘†¢í∞,ôãKlµê“R
y\U •	BêFBR/-¶õ7BN…jU}k≥âÁk<}2lºZ:e°:ïX' t∆èsÓÕ™÷@U\Dê£SY1@K°	Tu9Ï‘“»ÖÃ,Â‘Ê≥Ë1øßÂæ{#/L¥=ú&Î”Õi`FÃR«0,%Gèπ"π’dùÜ∆î	S®˘Rjdu≈ISåæN±Ák6ñ“‘¥Æeq 
≥1ilÄç-)1òs –L0ÎPJ§-sY¡¨sW°/l≠
vfˆÁN0©…§“4áDΩ∑Œ¥*NÄCï
#P
`åQ	ŸÀ©4¨∑ö§¥2-à®´7ûœØ>k=Lo‘∆ÿhùtKx(‰ÎãY‰‘Â‘êâ=X¨–D©ŸŒX&0V±IHÒXƒtÁ≤6M&R^‹Î–Õ∫ŒWÿ'=äâJ9H`.0t,ä%Ø-JÑ1X≤ …&)-eRvj†Ÿ
¿U1¨…Yl∂éÃÎß6D,+òjUØSÙ±©ûN≥≈”)eì¶ZGD§ùÀKÀg Ù¡èÙsh¨)H†â1CB…à`J∞¢W>ß%ÜûYêπÊ≥óSöœ†∆æ£ñÂI-•®¬úñp\õÆ¸÷ñ$Ï%l!G*‚9’	bXliqâàPyI4lZec ÷<˝f—ih∂ÜVïá0¡á
πYYÖ%bb0¬ì ¿≤ﬁ’LsYÊk’›/l¶∫∞ÌŒ™.¢§j'LΩy◊FhÖD•cR"–¢8°& å0@ 0Çg&§“≤÷i„/D≈§\ufŒœÆ9.}\o‘∆⁄	*¨∂Ü*ìÆgìSõRBí‘aÂ§•£d*êcVZîÜƒlÖë•≥K◊ùvÊÙM4)©HXó%feÎ»"Ÿ!ivinµâY*Xb±´õPñ—óú≈N®À$ôåäµôLîé©Æôz≥ßñ(ñ"sÎ%}o”∆úÚı<Ω‡k6^Ç≤“.,©bå]yìÂwÜØû˝)k)h»j¨Ö‡©ÉrjqŸ¥¶l…\ÚŸÀ©Õgøç}G-≠*ﬂ5∆ÀgÅz≥i,ÏòKX≤ÄaüŸúÍ†Ñ±,64¥1GT®ä2%ì¶RyZ«ü¨ﬁ:%u§:¥ÆT48Í≈e…"4(à S
(†¶1u¥0aéz∞N[<Ωcíª•Èï¢UxÏŒ™S)◊=:F£]yΩŸ◊Nl·) R5M-)PCqå@äLrjM/-fûz H∂E^l¨z„öÁ◊∆˝~{a’%¨àï¡¨ÚjCRB‘ríº•°d™ë†QW++DÖCQ)ÚÏŒ∫e§—*sRY;ï2âzàôœJ	;$alRëV©ˆ`
Jñ¬^Wà“ñ±yV%H0Q•$¨eÏÕÌî/8ŸÃ2wMz’%‚÷|›Êó≥´6À¢‘íŒƒËY'…ÔΩæ{ı%Íïƒ0âá	é{9h≠πu8¨W6dnyÏÊ‘Ê≥ﬁ∆æßñ≈ËÕPÑÁ≥í…ØFm%ö%8È2∂XJAÑ>{I◊\Ω9π!Q∞’"¶âÄ†Vu1â ß	Âo<7ãÕPxuijX"àe°yq4Öj"à*(Ü	å«ZCI’∂yöœù≤ﬂ5¨ôize≤”)—§M›/N/Nu8K1JL(É&0G(`éŸ…¨Ãº∑Œ™*ﬁ&jPy≤≥¡ÎékükûΩ|tìk)#ÉyÂ÷c§…“ÿ≈%2ëRí*`Ä–ÎI\†—œg5ì¶;≥z≥∂ÕGÖ≤
TPÀ–∑ïu4Z»§®∞–√cdƒ£«ñ∞§ÈéàÆm•
Ä±ahî.¥ÑÍñÑIYÑ°R˙”úw>wIœ©i:ÂËãD]dí%£í§ü'”^ﬁ7ÍÁ]9=Hÿ! A©YœQ Ú–lîZ‰‘Â°M%sÕ©Õg>ßøœ_QÀs£/D´±9lC´iWLé2s öÖ4)Û∫Fª%Ï»ú’œe*	ò"¨IÍa¨écÃﬁx.oL<Q^ZñÜH“êXÜRvM†∆åP§h∞¥“ÃÊ÷|ÌgíŒπz%»µIz3n∑ G>•!tS™^ú^ºŸ ($≈[±ÖÑ*√CÄP#ÄÖû-IUÂË∆Æe¨N…Qc∑6VxqÀ¨˚\ıÎc†0£´∆í8ıû]Ê:$NßcïÂ$“:í*`Ä√ÀH##g6ö^ÏﬁŸ™BKÜ%SπJ	î√≠¢ã;;¥äjP ò)E†çï¿H’x§µó¢ab¶¶ó,—no/NuÄRTIÍKRiYÆ¸^åÎ÷y˝3œ¨ﬁ[KŸ∆ó†Të=1’)ìÂzb5Óc~ñ5—(÷s$-s¢çí§0e#d	◊>ß=&œ&ß-ú˙ûˆ5Ù¸∑:yo.°F»Y2Ÿ”JALU"äT6-ans¶^Ã®Fπl±”©ò  OED¨0‚ûfÛ√syz%a‚äÚ‘©ÄLh \ ¡1;& òPaÜäé:“'ZY÷|˝gìYÏŒ∫&ñÁñŸ∂ó¢!du+öµ*ËÕËÕÎÕe,J	ÿ+!he`ä
 Ü5NùûŒz¨Ωx◊T% éÏŸY‡u«6≥ÏÛﬂØçÄ uhAlJ‰÷yu%b©ÿJJU,íKJ∆ç@√Kh 2FîÍöÍÕËïÂ"í±i¶ñí±ê“"î[	£c5jHî∆Gó¢W íG[C-Â§súˆ™ÚòRzï:ÒYt%I%®îÒËc]Ÿ”/œô”<∫Õ‹ﬁå€î¢e1x[§jÍÕh˘^º˘Î€∆˝<j∞BîÆJÄÂñêó()Ç∫%Jí»
bi+9u9lÂ‘˜±Ø¶Âπ—ó¶V14ÖBƒ´ÁTÕcR£*T;ö¯{ú«DΩyTJ‚±ŒòxJCbhà¥7y‚πºΩ–h¢ºÆPàP¬)BT√ C#®Í—:"ê≥œﬁ9¨ÔŒ´5+í^[f÷[G=â©|‘#Wó£7´6Í"v-ƒ¨ÇaLb£Äò¶ B‘µô‚‹Ê™ÀŸç^'X 0¢«vjYÛ˝qÀ¨˚<˜Î„xQS∏ıû]D±i*0Úº4∫»§Ù§hZF'SM/DΩRº∑ã kúïÜ¶L%aî5ìÇ(ïç8∆Jê∂HV/.9¨D™÷ZKiEê$ÜÅY^\&£I—õulÊ‘öR^ÏÎ“∆©/6ßëºy˚Œ≥≥7≥:¨\z´≈‡Yâ–:e—Ú]yÛ◊Ωç˙ºÙîÎñ§1U¨ïS	©P≤ÑöJŒ]NK9u=ÏkÈynu•ÍïÜ9tÁ∞π’3X‘à§Lï5J¿eÒu94ÍÕÍÕt«rJKX •&eà∂-%ä ‡÷8ı//LQ^(≠§ä9Ö„MP0`ÇÄ∆Ü(2∞àTY y˚ƒÏÙq™K2tf⁄Wó¢95ù9™F≠/LΩ9Ω2Ëïàc§∞ò∆Q™RÅA¡1ÅbŸ√©œVó≥hï0LéÏ‘≥Á˙„èYıÒø_üLdö∏aS≥áYÊ‘KN»Sè+ ÚbZì( 2∏∆$)|ﬁÃ€*ññ—:Á•‘)9L:∏P6%QiBR0µ2t¥à°∂m,Ê±KKX¨µT≤4
<µó@–2ÚıK2sÍc∑7”∆∫≥Æ]O/yÛµântfˆfı “⁄¬à†¨ZúPWFj%◊∂}7ÍÛ÷Ñ•D®“¢⁄+`)î¬DâË∂@Pì!sÕ©…g6ßΩç˝7-Nå∂ó2rÍs÷;≥´f∞•H(çä:¯˙úötÊ◊4£T,q£A5!0,≥RXÇÄ'ü¨qÍtK’WÜVÇ§S
TQ
&†BÜà®EGëP*ŸÀg≤∂z8◊D±—S£6“¥Ωœ®ßVS®◊D¥óÆ^º÷âÿ¶ÖNÃÅD<TtjƒâÑ` ãg§*“ˆcO¢8F1(ÌÕïü=◊ZœØç˙ºˆGhò*Vqk<öã`©Ÿ
bêÚ“5Fƒ(“±ëΩ][5©i•®ö%2⁄
Ä£@ïâa0ïåcB÷DÀH§∏Öë≥ñêÚ—g©4ZQ¢“ﬁUçIráD‘»‹≠t‚˙Y◊dº’ÂÔv≥=+RıfﬁZç`I©:!¢T√Ëñ' u«%üCç˙ò–ÀR§i+
eºZ∆ìq¢BËñsànyı9lÁ‘˜±ø¶Â°M)îdÁ‘ïc´:æk ’í FF¿:˘öqj_5•»«5ï)*¶0¢yƒ¶≥"	@'ùºÒ\ÙùY¥VÇ4¨¥bäµ1Ä0 !0Ä1å√  95ûM¶5hÁ—jÒ—ö—uùÄÈÕâ/^…z≥k≈ Ñ*bÑ`9P°ô@aQ,[8ı!WÕÏŒ´ê√A'on≥Áz„ãyıyÔ‘∆⁄*hb4§¨‚ﬁyl[JŒ{	i^W¢Ip Çj“ÙÊıJ”JaƒFì'F[H√”ƒÎö…ÿJ AÄ
bê),≈aÂQïÑN[ú¥)-cJƒµqC¢^â•ÑIjJ 	Ëó–∆ª&°gèºk	T-/LΩbÅ@≈≈© l°Yk>[Æ9,ˆ±øOx ≤T¶ K‰‚R∞là,R,ÃJπµûk9ı=‹oÈπËîîf·ÈN}ekŒØõå0TF†ë±*í˘U≈©”+ úˆ` ÃL¨D£aE'HcŒﬁxÓzú◊VÜ4Æµ4(K™TÜ Lä@ √ √`ä0ß&≥√®—Í„TóõQk£+ —e<∑Õïú˙RΩRÙf“òa‘…å8†p&sd(¿%âg6§™ôΩy’ÚQhQ0∂˜a;>oÆ87üWû˝\n±XeqH“	güºÚÿ,!f--%j¬ ¬√«FuŸ-fÄ )ëƒ©£SKÑ8E•≤6` 1åMM
2T1ó¨I9uöK` ≤∏i,YIC°^VÇê‘çç
Ω9ΩŸ∑^mO.ÁãS#:ﬁ^òË¬Ä§TÖ	EéZ^àôÚ}q¡gµç˙ÿ”D√dË#P'JåsRY£úïrÎ<÷sÍ{òﬂ“s“ñíÇÇ∫ÃÈŒúÍπ∏√
ë¢RäFƒ™KÊWßLØö®*JÜ√,IP∞¢âJcÕﬁ8¨Ë:3hØiX¢òKT†F$Ä 1å8	Ä¡¡1Ü1âúöœ≤“˙∏”¨lK:eÍÕh™©R˘±≥üC*«TΩY≠aî¢í1@ #
Äa¬95A∆KôYÕ©*§Ω8’2¿§¢R4JΩ<‘≥Ê∫„ÉYıÒøgû˙]@Z,Û∑û;Ç°d,%•§§÷)äJ§¨à®“ıÊˆÁWö≈rÑ÷)1 ®@!S©¢Ÿá©Ä¬ò d0ÂLPiVŒ[≠4µZÖ†C©ñ‡gõE≥£5ÂÓÕººZûNÛ«©íÚ∏£ñÒQä%¢Ñºˆ¢^∏C‰∫Û„≥Ÿ∆˝\m¢Bÿß1áqÇ$™$œS±Iƒ´ìY‰‘Â≥€∆˛ãñí©-e+INKûJ'^u”*¿.ç0Ù…'UóœÆKÊ“UDÆ{“™å¨à‘ÏCX«ïºpYs£6ãH` ≈WBòa-%F4P !#òAB&LH‰÷xµñó’∆ùeb'TΩyµÜU,¥ œ®TGLΩy∏[110 ∆2%@∏rÄ%sœg6§)ÂÍ∆õ&5%–"5ÍfŒœõÎégÿÁøoº$"Í •9ÏÛ˜ûKÇπÏçéZS)à1ITçë
u„}Ÿ∑ó.R#Ç¿he$êî ö%âfÜ™aE@(L VGãJÄ®Yz¥	qHE§UL9AîÊZîéÃﬁ¨Í“Òjy{œ»´KX"’âi≈B‰L∞∞ó≤1Ú}yÒŸÓc~ñ6—*ïïâVFaáT…@I:Ê®X¢ƒÎóY‰‘‰≥Ÿ∆˛áñßTñí≤ºõNmgéîÈŒ∫≥Z1AíuÉE%bUeÛ,‰Æå⁄™"Y
p@1åP zê≈S$Ù)‰Î>v••ºUi+òaî¬p™òZö ‰ì0@Çc 5#õY„‘ÍcUYXßLuÊ⁄≤™îñUA ÈÕÍŒ∞,…å1Aç)çY F+%
d*<∫ú’Y{1L”éJ√e°eâÍf¬œõÎé]g€ÁøsüJ$ PÖúœ&¶9Ùùî)–¥£*í∞9ΩŸ◊FuÇÄÇ≠Jë•R±l∆Ç@¡--çZD@TbUŒçTUHí⁄(∫*X—ó≤Vk:szÛ´«5ûFÁ%…(^i≈ÅVN°ÂPàÒhahÀl¨Ω“‰˘^∏·π˙o“∆ƒKH-L0Í¡±,b`('\uÕb—Ñ9uû;95=æ{˙zïRWïñ®mNMD^º≠-%dX©©SV%dÈ„À®WVmvD≠( √ôXâ2Â°uû:yZœõ¨ﬁ[KU¨Æ`å§X√ %•¬‘–+D±•p´`Ñ¿E5!œ¨ÒÍ,zx’VvÒ”õXeï9\—Q‘ê±”õŸùl¬àa∆h@ ‘G%»‘nxı9¨¥Ω˘—Œ©U" U ,c’ÕÖü9◊˙œªœ~Á>éLà†§ïœÛ…†!IcéahV4 eÍó∑6˘÷0¬¢≠h≠LÅ:»bU+'©å(J(ÄäÖâŸ™ëe–äG@Bƒ™é4™a¢Kh¥ØT®IW5äV/+ÀO7Y·‘|∫!÷ÀHàµTÈã(¶±iXa•çàî^Èr|Ø\q\˝.7È„i”úºô°·Å©1ãòÖGâ◊úvN™,rÎ<vrj{ú˜Ù|ıyi+-Pöú⁄äΩô4≠hqÍi´≤T—Ái5È…•ùã\ÈSVPÑ“òºT{'güd´Ãﬁ8.k-•∫“
‡î·Ñ¥†$¨1°÷-ç)
∞– òdìÆmÁé¡û5eïäïñ˘∂äZ®Î\—P‘ÁEéâÆÏÈ°,¡0L)¢Ä @#†êÅa,ïKY„‘Â≤ŸΩ˘”Ê÷™Hùöfzò±≥Á∫‚ûÔ=˚\ˆ‚0µ!R6qnrÍ(5;Ú–TJKóØ:Ùsz3†1Ñ%6:b™«9:¬IY+à()1ÄâSEßZ¡Ä ≤h¥FZE aÒ—õq∆+Ig	,›eSèSŒ÷yuíu„]1ñí“'S∞îäêbŸ^Z‹*M{%…ÚΩq…g‘sﬂ©çLÁ®î`¡Ç.†1AâPrgúZàPCSèSíœs˙N[çRVïäã\∫œ5ÆQöG@–j	ÉQ®ÿ—ÁËã”ìK;'PJ±£ SZ≠°‘Yœs√dÙÚ˜éöÀil¥Ä∏a«4§aCîÜ£bÄ"ãœ`∞ÀÇ∏x¬Ñ&
0§Îìy·∞«ßç]edlyzso\å≠öµ-H¢«D◊ft–ñÃP11N8,ò,ùGYÂ‘Ê≤ôæéuL⁄#Ifâ™é,l:‚:ûÁ=˚\ˆƒƒ!SöŒ=Œ}EFßf+- í®ÿî—|k–Œ∫Û™E
ú¡0¶±á(™ ¥	≥ñÂCH(√*B48©œS±¢äc qHÍ-ÇWZ
•¨<¢ò≠h¶GÀ´:∫»‡ﬁ|›gáSYyzÒÆâr⁄%BÃ,ÜS™ZÂñö#ØL¢œóÈé[>£û˝<j$ jù‚∞C®8Çb%ú⁄ì0déß.ß%ûÓ5Ù¸∂( ≤πBu«¨ÛSêíÃ¥ΩP·©&1
çö8*vﬂ&Ñ•≤%≈†<bhÈjÚÅ,ì<:%ûNÒÊÎ5ZÊ—o@Ê:∞£ëHÍ(™
£ÀÕ)U†ÄaÑ28µ#ìY‚‘hıq´,ÏÁ¶éúØ5a,“¥†ñ§ë•ÍöÏÕ—;0‡Q+AAN8ÇóÄ(¢“ìI‘µûMNmJÁ^Ü/NkçQ%aÄ™z8∞Ø∑8Î>◊.û∑=‘X‘‘§ƒ9Æx∑9ı ©ùÑ§¥!®ßVof5—çUmAÖ§BQ\ò•($ú÷F¬jC¡îöòsB$çcÜ Í¬ì∞P•ä≠LJM+ññ¬TRb:£–õÏÕTÛ5<mÁãY[(∑ó∑6˘°oÁ±h†2–hX°◊-Â√R§i,iz‘ßÃt«2}?=z9‹!SÆzéà0∂R†Ç«:sTu& …œ©Àg.ßΩç}?-Ä™JÎK#gú˙2vfÈT°—ö≤tA®Ÿ£íÿUa°E±*¶4 Pf©)%dãQ,Ú7è7RÀL®∑å∏c(Æ< «D∏òöä +,,[2ê√- à0»ÄZôÀ¨Òk-/≠çYag=R:bπ¥YX„ÊÂïíJ/Vu◊õÑ≥AòP) îb††^QE§'dı8µ9µ+/v5’ö√D©,hU«~/-ûnr‘ˆytıπÓ√FE'là\ÓCSê≤tJïlâ;-ùvÊ€4ïñ cP ††T!îK$ëà-
 ¶i5`XaaCLh√äCECO4:‡A0ó≥.ëïÅ-/£ùPÛu<^òÛıëL4¥;±o(*9Õ∞#E•Í[AàF£`éÖ'ÕÙƒìÈ9Ô≥:îjRd©hóãF±Œzb¢ë	â$àjDRiÕ©Àg6ßªç}7-ä0f®5êÆ+!£'fm%…dËöYT—éK`9ÅßeFÅ
au4ÒB úZëØ'¶8.lµ ´yDaÃe†–¬o,µ'`√ézK
„ãK†Ç%¡,ı9nxÆY}ljã!ec¢ZÊ—ac+√ â+/d◊VnD¿	*≈êJiéÅ§&*"%OSãy‰“πΩÿ◊Vh)	fddÌŒπl∫Ûçûø=˙ÿÈ–4-—25‡ﬁe©ídu¶å ÚˆK”ä0ÛOÄEq)JÜ»à-(†§Æ-*B0–¡ZÊ≤TUÀe–$)A‡*Ÿ1Nºªs™RR≈so/I≈©„t«ü¨ä!P<ùò’ÂZ¨PàÊ§P√ù”õc'P≤52ô∫æs¶>õÌ∆¶) 
OLV-=êñ4±¢bdÏÁH“T§Ê‘‰≥óS›∆æóñ÷àÛWÉg5pYœ®«nm£µ…MdÎ@'J)œlL`A©ŸBê ®(≈ÜöxrÃúZú’‰Ù«Õñ˘Yk(ÇÖ\h"ôo,µ%`0:#ñßf\d™ºRSê§≤t
FñzúöœÀ/´çQyÏùïéâiõEÖÖiï6V^πÆú“ä1@ôÜ	†Rö¥ÑE%ƒêARhï=NÁõJÊ˜„]9®VÃC'VuÀ©·ÙÁ=~{ı±“¡Ñ™!$J¶y˚Ãu2)-D–aÂËó¶i≤! V–A¿∞πK PXÇìê∆+Z	ó0	ÈÕg=Äu§∑äƒh«D§UïëENôzsu:3Æ‹i„üs…ﬁ<Ì¡e•$©C'f5iV© „ §T≈ïÈÕ†íÆ{%Rj◊ŒÙ∆Oß∆˝i	ê¥‚–√Ÿ"v<2°©I≤	œKI'>ßú∫ûÓ5Ùº∂µáöËçg-pÍsX«\∑ÄR^åò[ß

B$≠ÄC =G)ö»’ACDy™FY':rÍrY„Ù«ó^å€ï°Luh0‚ÅmX§5  R:Œ*ùÜ–d0“÷+.…
XXMNK8uíæÆ4À+ÀGDØ+ÀØUHŸYz&∫sXTr‚ÜAQL¨8†§ŸùKSÉyÁ“˘Ωÿ◊VjA	îïéZÒzsùûø>û∑=—=)HJSŒﬁa®P§tAjc≈ÂË≈¥—¨∏Pè!R5acTHÎ2±¢™.T§™N•b√@d √Ä§K!§,@è-%¥0ãx§ïê®\±”ì´K‘Ωÿ’„íœ+¶8uë´X§Ø\È:“ugWÕRÅ†JÁTΩ∞¶HW5ì•jWŒt¿O¶∆˝,h"P+U‚–JYd¥§’VNπ”öíÇsYÀg.ßªç}/-Œî¨◊FFŒm8µ9Ï«DµÖ+/^N-Jƒ4jâ
íƒp¬	Q‘±l⁄C#’ ”UÇ®ìNmNK<nò·≤Î—õR≤º((∏–Ê÷*±N}@ é√ííÕjÅ	Y´Cäàb±"zúñqk%}<iñv-ñíº≤≥KH™ÑÖV^ôz3XTs§ 0∆$@A à2‘J,);î®jy˚œ>óÕÓ∆∫sp¥®¡R4sWç”úÏˆyÙıyÌë	Ë–ƒÖß<ÌÁüP¢§¥ê¥ßFof-öNà§™ ”@åQ@-∆H‘Ïé≥;W&À≠•ƒ™a
 ÇÇä2·JJ…P0≈%†√-Ú¨N¶CR©L÷:ÛÆ‹ÍÒO/x‚÷EYi)ÉP≤u§ËŒ∫3p∆©H#ñÁDΩí@NjÖÇ±LŸWÕtƒ”Ë1ø_q§i™∞aá≥òÂ™GLπ¢%ëÆdÊ©–Nk9¨Ê‘˜±Ø£Âæz”5x6si«π++-°
K€ìì©ÿM®ëÆuò‡s’éåö1B∆§DT].°g>ß%ûFÒ√eŒåÍÖ%s¥†A°çi'd®√G\º⁄ì≥Zê®A^ôi	b<‘;ú÷qk&=,ÈÂK5éW6í÷#XÆmÂ’¥µñ“∫
°‘4!3 Å	YhaTSöÃ@	Ÿ+%¨nsŸYÆÃkÆ]óX®B¨yµüxùz¸˜ÍcnäHpƒ´º˝»Î ùë©\Â¥◊n5—öA\QCuhûàalùí©YÇ0ÊT0Òíñ!ïá0â=å>UVXÎŒÅ-Ndï2RS^π{Ûß8µ85émGFWV$lTEÈÕÈÕ¿
√(+UÇPÍÀ•AvFë0TëOôÈâWøœ~æ4¬éaŸ™ë•6KQ
“ÿ©:ÁNZÄlÂN]NmO{˙[Â¶^¨⁄¿‘Á‘Ê•¨<tJ£K’D—ÄLîê®[!∆ ñr’åû1S†JÇe
b“≠JŒ}N;<ù„éÀŒ™RV–≈e¬&VTùL√éâyu%b⁄∞Pö*Ω2º%àÛ\…Œk95ùéuIV≈≥Õ¥∑à÷-õyu"RZ Ú≤js¨xQ)Œ%Ñyla ÷` %ë≥üY„‹ÖîöÏ∆∫eh§¶≈@:∏ÚÛÎ>Òˆ9Ô”∆ e†%û~‰ıï%©
úuKŸõl“ØhäÑ¬++é¢Ii!5&ë‘QÖ÷±Ç¥$çOP+ ∆∆D—@)hh+lﬁïhísÍDi-k¶kØ6íÚÎ>fÒ…º¥Teu®‚ö:≥zÂ"ÄQ°îèTäéò≤ÉúKÇ âßÕÙ«5}=˙ò—1P!b”¡ójLÑ!ih Ù÷*J¢ê®g2rÍsj{∏◊–rﬂQz3^R:í≠Mº†iz!¢i=D'$´óVE!¿E9tb˘Z©–s◊ÇéuX∫ÉöŒmN[<æòÂfÀ—ùThe`√´òAÇiH¿D©ÄrÒyxı#bb≤¥“∞ñ!éâbCsñŒ;úz9’eI5Rj˘^9Ùy´C4VZ »¥«LTÃìW-¢L!'f∏$¨Öúöœ&‰¨§◊^5—+Àhk&++óñœß8◊≥œ~é6»§ ¥$ÎÉ¶RÂ*L¥ΩŸ’r“πE§§Á∞Ä«FuJQU#©&WGî±B9Xañ–ƒ÷,«I&(∏k0	ÿ†d“⁄^ô™D”ûíí√+óL◊\—óíœ?xÂ÷Eî†uÈ-,…YÇùyΩy¨%D√√å¶åTÍéâh!6%* •'ÕÙƒ+ËyÔ—∆à„ë&MjUöaaïçLé%SITIß6ß%ú⁄ûÓ5Ù<∑ÀO/D¶%d∑L<,]I•¥4%âJÖ≥áUCb)æVäÊÆ-DjÒyqœd5!gì”l›zs™çÆu&&å¨0bë—/&§ÏP/Le¡≈ifCsñŒ;ñèO:≤Õ#f™Õ_.àÂ–Œ≠áñÚ≤-b—S0¡
I^JÅ1á5Ñ2‡≥ûŒMgèrvVk´Èñí⁄5íîîRÚŸ‡ÙÁ*ˆyÔ–∆›Q¡	hHjpÙÃ¨D≥Æ©i*ïä)ïÃFÃ(JÀ—ö’2IN{#®©C,¡bòr—Aî√Åasœ¢H√.4jRV(¡Qo-•≈4tfıÀ€ù4ºzûvÒÀ¨¢8Ízé©qBi’õ›ö‰ÏÁ	XqïÅ/Wë#Jä÷iÛ˝1:˙{Ù1¨`)4ZZí≈*– Nî…“¢‘tÊ‘„≥õS›∆æáñ˘Í“ÙJ—9˜'¶Yi^ƒ©(∞∂sZµ£Rt—h¥¥CñŒ}IåµÕºÆJ»ŸÕ©ÂkzÕ⁄æm°⁄%!≈ ÷$e√∆I¢Æ:fπ¨MeUGé©D%:2¨
≈bVBŒMNK=\nÚ ŒzR:fØõœ†Kf÷Vå4∑ï—@TxQBZ´ –IW91äå1Ö"ú˙úöœ‰Í—ŸùtgN_5lê’©y.|>òJˆyÔ—∆› ÉBÅuúöûLF¬Ω9Ωx’cU‡À¨cJ ¨R@ï$ÁπÜ§Î#ì† b±SWÉ\⁄ÃB¨ Ä∆å0ñL#Z£Ee¨ò¨≠ä¨ΩπΩ”UéTÛ˜ûme,– À©F:#®cúB5”õ›ö“≠ì∞èÆ8bÖ!ï∆Eπ¨òMFXŸÛ˚¿>áûΩÌE@äJƒ'S*<bí‚e¨°%@TÖrŸÕgú˙ûÓ5Ù<˜ÚÙMPÁπ‰‘ùcA:K†î4BÿÇ∞§(QÄh]H’!‚í“1=9ÏïäÛ™KPYÕsÕ©ÂÎ<öÕÊØ-aÊâaâ :ÇR§` aR:¶πÏù»U5ïóJ,¨2àJƒ,Öú∫úv2zÿ›ÂôÕ©;)SWÕñäîÕ¥¨ SKy^La√%b«L9ÇD	9®A	'>ß≥≈π*ºvg]—Nå’©!fuK…¨¯}0ßµœ~é6Ë%òPÖúZû~Ò:ËŒª3´‰(°î2“B
©ïi,äEî•°f'Dc(“0ï¡sQïLak,al
§§ØÄ∞.P√/Vu€õb6p‹Œô5™bÄ•Vâ”£7≥ ÷8»±≠bÖ!äC)2 YÕR0‘b5Û€¿>áû˝È&Hp±•(0"í∏•,5œd≈&JπÓy¨„‘Ê‘˜πÎËyÔú¥Ω2ÿÂ≥ãRUÜåuï@Z"±’êöçTJFπÙ§bëIpµ*Kï44” l«=Ãu<ÕgèYº’‚ÛUïJéH4H¥Ø)¶√äì Ò’5ôX´Ö±-
√∆∑¥s$w9Ï„π«≠çıfœNk#c«TΩ“–C-e`+hÆLj&ÄJî§\®√Ñë ¬äÄJ»Ÿ«¨ÓJ«ó≥:ÏÕ—*‘ëáT:%‰÷|^òSŸÁøC`J-ë±,·‘Ê‘¨uM€4√’e0¬‘ÏDÀ|∫,Iÿ§…jAí)‘ËèT# bëëi–à®-(¶≈UñÉPî5S7¶[Õl√I\ÙEÂ
b—Z¨@0ƒj˘vgFV≤É¢
1E†≈°‡ÆEŒjù"|ˆµÙ|∑ﬂùDêÑGµ4J≈ ™÷F†öÅ4ùFŒk959Ï˜qØ°ÁæríıKcñœ?r#≠§C®¨®£AXƒ¶	≈¨Í®Ÿ)#ófçOßR±M4ÚÎ	ÕsO7YÂ÷o5”VïG	1Rz¥Ø)(`ÎöÖÃ,E ≤fñ„öhhÂ≥ürr\É÷∆˙≥gß5ê±„Æ^åÈ+HÎIZ0∆ZCF®h$)Ü(9Pí&à`11,Öú∫œ‰,i{3Æº›•MuïR^küÆ=û{ÏŒå4†{#\zÃŒ{(Ω2º	uP§ØZïàR[eeçê6äêHÿµÜçJÇíòh JAS±Jé Ñ™BåCïò @ò5ÖëFó∫k¶&ºöÃ,	s´6≤œRC’bT•E9ÎaN¨∫Ò¨¨öû…ÇyIJ¥<2‰A,Ö% $|Ó+Èyoª:Á&!Œ\†ïçPbaéÖº ñBπ”V$ì©Yœg&ß=ûÊ5Ù|˜2í÷W9l‡‹ëU¨Ä∏Úëå•HÊt‡≤Zx§LÊ—ÅDxhP±∂Õ¨®ÜπÏùœóºÍ^:¶∫b≥L0	àì–¥îaÇå):——5%b ¿2tJERRN{!©…rW¥´P≤V1’ùtJäCÇ\1ï·†Q,ƒ©Ca«Q10aÖ%d,Â‘‰ﬁyÈ£∑:ÎÕS£5D‘–VtÚÛÎ>WL4z¸˜’ùÂ¿≥ô8ıññÚ≤†å¥äàNîiz%§
Ê≤f©§.f4:∫(ñ √îñÅ1†â§¨√)*ôåäC¬Z£ä-Ñ`&^åﬂBi”í∏ıúPæoL¥#sœ£ç
T$	ÈâÑ«no°ä¥)i¢“¥Lj©YX…2vBñî|◊L‰˙N{Ù1©ë$DË1:[ ‚êå\Ëó®YTöŒßsœß%œ6ßπœ_CœsmöÁ.ßÇÆ≠"mç§Ö:%úsÈ4y⁄ì—Q‚∞ß.öÄB4k"ÖoõiQƒ£gèºyöóé©´≈ÊàL ©*'DØ.∆I’åÍN…¢Æ
ﬁ-ö∂N≈Z…HjFπı8ÓVœSæj‘,ùÑÍŒ∫•√E°•X÷‡
%"ä§0Fîì1áR6BŒ]N=fR;≥Æ¨”ïÍÑ^mO+¶ı˘Ô£†—"Zœ=HÍéô†% YÜñ∞R4ñ[:Ëï◊HRP%`Ii¢≤∫-NÅBëIji:J( Ü•QB0∆)™(°F5("ã—õ—≥õQK≈Â¨µÜ≤GG•â)"Ç«fo~m°)jH*—yLL’•s$»TiQtï9§˘›‰Iœ}ÿ‘…ë'W»TÍv≈$b«D≠®Y
DTQ*)œß-œ6ß±ç{‹ˆ£≠ÛjsÍq“ŸeD!ñëPí±Nâ©ƒ+q‹œE+Á‘ù(“ö 0e%∂meDZ¡‘Ò7œ ÷m5◊öÈîa¬vf≤®√
E O-‚DÏïäK”öñGI•Ê°+#ß5úZ ŸÍc]Y“Y%F:Û{&à•≤u–™µä∆ë(U ¿¨4§∆≥C´
eaB`å!*Öœ.ß≥)y◊Nmb≤Œ»ÿ®V^=O+¶)∑=ÙgU•ìû…´2¥≥≠DQR¶ëG^¨€ eK%Q•@jT√√d√TäE%°™U÷0¢J"ÄqÑ4X™°*a„)C¢VâŸ4V^ôo-bÄÆ{òÈXjôÑ'J(±–≤ˆfÙ@J≈+-‡ ©HjösÈTÏçP…Û∫…è£ÁæÃÈ%I sÍL∫Ñò:%¨)9¥DD¬‘SõN[ûmOW˜πÏΩ¥!\ö»ZNÇä√A%bóöXçLb±≈r∫L1hbí©îóTÃ+-Ûj®ãX⁄û˘˘:Õ¶∫bÛ]°a… QŒŸ^&1âúˆ(MF^àBVFÅXº∑å™í—‚≤©#ß-úz ŸÈ„]Y“Ÿ%F:Ûz¶∞•r¢ºùb–dç-<4FîÄuaEB¥1ÖLN°sÀ©«¨ÛËÒ’ù_6Òigdl¿\Z^=O#¶+«=Ù §ìú5—-•*∞)¬ ïêTô+ik+ç*§jZìAuÜ0bÄ¥Py^§%6t°Ç*°+`ÑPÀPàb°IìRtñi*fm-•±Ymπna•`‘åu
√e–(eÍÕÎÇ5Bƒ--cJ¬å0aÈHJKs'Œo"=˛{ÏŒÅÑ§éÅ»∫ì*™ì1B“÷ñsi$ö(*Iœßœ6ß±ç{‹ˆ[f±
Ê÷Jπ ùc©	;¨”D»Ñ•q ©ÿ"∞ƒ5î§∫§¿ë—õiSRb¶≥ƒÈè'R—”5—öR•IÑ√ùô¨´&'Js†¶¥Ωy´g6§l2ﬁ[ePSYE2ÃÖí‘Â≥áYZÙÒÆú’±,ïhÍŒ∫% )ñêuã∆âX¥C#J@aîä+@Ä@0µû]N-NmFé¨Îß6±iR…R¶\^^Mg»ÈöKÏÛﬂN\⁄ê1’-Â≠a√ZZõ3£
 £C¿%§,ã8™Å
´$ƒ∞±Hp[s$Ífh™t,ja◊ ®Ë§Bµ©`F.[6≤ëŒà±3ìYç8µ1Ü!\∂b≤–H¨Ωy∑Ü£`:%¨,∏# M©*ÖN≈Púü=ºàˆyÔØ:≈Xx∏µÕS#Hî*<µÜ5ê®ŸVbUœs«g6ûŒ5Ù<Ù£JÚíUœ¨Â°ƒù PZ,(ÖT∆ÑÖs%*$R-G¢R]R 0——õ—,¨çMû/Lyöóéπ™√ÕbÉÇ()C≤VY…ÖteÎÕK95#e%ÈÕ∂L(‘Fßïë±59l‡÷VΩ<kß4Y+%F/ùtÀÄR+-!ñT¡âX¥¿å• 20 @d*∆J¡1à‹Ûjqjsj<uÁ]¥ã ∂FïÇÚÚÎ>OLòıπÓÒœJuÀ—4EÑ™h‘µ&ö--iFáÅSÆKö†√.Iâf(aáê&Fî"îÖÅå°ä 	1ã©"-ñãîïÛZGéà±3èYçTÁ©ÁÆK Ú–hËó´5£Z∆/+¬JÜ*§™4,ò)Œy<Â£⁄Áæ¨ÈG®4\5"g9
	pöZC»‘lÁ!©Ñ#s≈g.ûŒ5Ù\ıÜïea+õYE©∆óPºu∆∫¨I‘¥Y.sÈÛ•c”K“R$FÄñ eÍÕº≤!®∫ Ÿ‚Î>nÛ|Î∂ZeEA÷ëäJØZ©(a·ézJQéÃ‘”èYÜîÀØ¢S,¨Kö2 •bYÀ¨˘˙ÃÎ‘∆˚3U#I`ñ“ı ¢-ì´ 	ñYŸ;À§xc	JÂpÜÄÅ `
JÊú[ú∂V^Ã€JŸt 	Xñ`+G-ûW\‰Ù±™KöÎÀ¶Z Ñ∆å∏Dé§ê≠•§©b÷14â:#ÿ–E†ãf40∆	©hÑö ¬å( aîÜ¢êÀxeé§R—’î(W.t≈$JÊ÷yÈé=$^1ÀP≥Zù1—Õ+ë räπ®La∆…[-E'X¨sßœo$˜yÔ∑T‘ıIqX†"sTÏ™J‘+ù94çéÄÖúVrÍz¸˜ÙX”ÜUó	g>§äà0§áéπj´$F»Tk≤,sÈÊ
Ê∞U%Îã
NêK$	oõibsjKY{<çgÀﬁoùvK|®≥mb(W•Hê≈ ú’´
R^Ïÿjqk1™GV/D≠,¨çöûR°bŸœ¨˘⁄ÃèOÓŒï!®∂ii/\≥&t≈°÷≤©!«ñv%îLÜÇ“Ñy\∆† LQDπéßÁ5îó≥6≤∂]π!lZD5ü/¶Rª±Æ¨k∂^ú⁄®∆ÚŒ»Y:bÚºçÇúTë#1êãjjá∞ÇŸó"aLT&∏h&q„ A 
±Ij5ù8◊T<† TºZGÆ}géêÊ“E„ıilu≈!≥j∫∆- ô≤"9RÖ,Ê∂:ä)™±4˘≠Êá–Ûﬂn5$MB<–*aB°c£ÆÉ •BπìüIYê≥éŒMOWû˛ã∞“ôA;9u9À¿"Æ[J±QI‘lÁ5wKé]DK‰kíßVéò∞Ië©–+õYcd,ûôü#yÛw-óT’Úrvﬁ[Â®ë±“–ç êk
PÌŒπÏ„πù4tfÙ ÚŒ»X¥ÒY\JÖâg6≥Á‹ŒΩLo∑:TÁ‘Z—izeQ#™Zç-Ñ"0—*ùî,¶GÖZj–“ì∞Ü0@`'\⁄œÁ=îó≥:º4W6¶%SD≤U+ü3yö˙òﬂ´œ]M∞ aî$jV4\¨∏íŒ∆5ë!bR †¨ Ñ÷`ñâ4LTqULäF¿R’ÑZ®Iå0‡Ö(Æ)œdS'BÙÊﬁS¨
Péâ+\◊<ZHéì1:J!…ÀäÀiM8È2E•ÏÕë!À(âg-JêJR¢'ÕÔ6è¢ÁæÃÎû…Xh≈!ÑBu†a°h’%RπôàŸÀg&ß≠ç}>óJ¡ö¨„‘Á*@%h¥Ω§ƒÅS≥î≠uJNMFNºçqT*±xπBg5- ±L€JñNƒ“,¯˚œùπl∫¶Øìí∑¢^úµvIk-Ñ1ÖS@BáVu!s:1—õ”+ ñsÿµHy\JÖì≥õY‡πùæ∂7€ç*sÔ3¶ãÀ”õâØDT“–BEà‘¨b´§§bb”’#JEf@ 
ìÆmgãrR^ºÎ¶0“ëD≤vHÊ÷x7õg^Ô.ûÜ4îä®bÄ®§Ï¨∑ï•»§≠÷dJÊ≤i®ö0+RÖ0√© ≠fÇÆ8™ à%ÇûSZ+Du F0bÖÂCèSûÃóÕÍñ”TA-"Ä•®1—%+öÁèHú˙aÕ	@Q¢Å)ñ ’R2D«LΩπ≤"T±a—lÁ®‘…–(E>syº}=ˆg\÷BÕM4—X¬TùB∆(V+©ú’'Qπêƒ,‰≥ìS÷∆æáüJ•†ÕcûŒMIé8†5h¨∑Õ$≈I9(◊dµ9ı*u»áü©πµ/©£bÀ\⁄ ©=%©œgë¨pj^:f≠,´¢^∏XùjôX¨†0k AŒúÍ72±(≈≥zeyRŒ{R∏K#S≥öŒfuÎsﬂ°öìIÿ≈Ûz•+8∞Êïƒú§≤%rF]å(ZÜ¨ Üî¬"YÕ©Àπ)õ’5◊ë' {A+!g5k=<o’Â∑ñ4nZ£ZdjIEÎÕ¨Mf
TI#bX¢– “ H∆2
à∂k§¡ÅJãfk+,ƒF•1¢íÙçµ«∏âHÈóß:†M04ërÚbrÍs‘F´&BÚ∏B_6 l¨s(ΩytÀ"E(ãP≤ 1ÀgŒo6>áüN‹XT,[V-õâÑ°:çå9X¥N•P"ì“M(BŒ-NK=\kﬁÁ—“ÉMÖú⁄à0ÒçKF--e1*xb6rTÎ”ÕrZï:dÁØ7QKÊ–h’"eIYñ˘Ø4©9ı9ı<ùcáS¢:f©*’ÂÍÅ¶§:2∫™Œ≈£ù9‘,çäÜ)/D¶QdP’ó≤U;9lÛıœ_û˝UNM£a/õ’4Eãii*®√K2w.e—Ü1áÜ¿AAP√Fî¿E≥ñŒM…’%ÎÕÍÕ$í!≠r√FèK;Ù±™f†îDπíÂtùë±◊¢[ÊíI*‘\Ûÿ¥¬‘#ÀL⁄X	eaå±¨ô:’@f∞FÅSCMZR%äV0ó¢SPgé…’Ài™√a∆RbÅLíÆ[9ı™§j# ãKAÉñ ñR& eº∑Ö „î(Ç£g%sTcöÁÊ˜ó_üOCuçåÆ^VQ·jT√£Ea*zsëë4ùìF#gßû¶5ÓsË MVŒ}I x&%@¨µï¢uh±+9(W£.IiRŸr‹˘˙)”ö‚àHjCù9∂îë≥õSóS«ﬁ<ÎõÕtKXyAc¢]¢ÄÈ^âTï*.	ä«d◊êπï¢ÛNdöä∆J°¨ÒY¡¨¢z¸˜ÈÁBNm£bîÕÍŒ®∆[ D±A	Icp–‚ò0F0â®Æ1†ñ∞dpŸÀ∏∂^kØ7ß5MH§ÎA©ÿ“˙òΩÿ’¶∞¢‘…°SdÏç1—ó*àí¨FŒkïß
	ÜñãH(î-L%ö∞…àT¬è»¢KJ§:¢»[¡Ñã/^k∫úZìfãyi-ó)ê%aâŸÀd5"-XïM≈sn ÚıJ‰á•y^0√éTtE8Íe¶9.~ky2˚ú˜Ë„Xé§ëïÀJÎ;U&¢RñπàŸ*ïäåJŒ;95=<k€Á“hÂ&∫!,Á‘ç,X&*π\÷âYh™ã®UJGG+ó=œàuf±2DF/SÈÕ¥ÆBŒ-NMOxÛÓm5”-"íÇáL¶#A	“µï*vHq•#¨vÕq$µê	ttMPTòÂáïIŸ=9uû+87ù'±œ~ût$Ê€öƒ:3zÛ™ó™ZìI
Nñ¬e1QÄ)†ò¬&™+ÄXPP†iŒ;9∑ñöÍÕÈÕô…©"-Ñy}Lkªº§¿'S

í&Ü^àe…1@âPÆ{â:òè-∆L8Tì≤tl§IT¿£F@(e∫÷\s§‘Ÿ©EéôzsßNk<Ì…YhÈñí∫¥4≈!¡Jc≤6ORdÈâ‘—äÕãØ^k@\√JÚà¡(T°DMIT1@◊œŒo"_kû˝jÇjM(™ZVYX®Ú»ê’DhxZ’û»TÏTrVrY«©Í„^Á>íGjÒ;9ı%Z,L&L<µâj<Z]dÍ•Tú˙ è!®Jƒ»V-"h“€6π¶π,Â‘Üßèºy˜7öÈñêÚÍ§∑çAËörVJî† ¿;sÆk#¨‡) “º®§Æb5œg.≥≈ºÒj4z¸˜ﬂùÜß=äΩ9vÕó≥6ƒ*hU+
H„∆ Afu–Çöµ HñrŸÀ∏ñ[:Èó´5{#©ŒJ «•ùz˜yl0ÑÅ@[ ì+oFN®%ìTÁ≤:çL,Níê÷§¥Jù)Dp(…b•A&o/D’HIœS¨âbóØ:iag≥Õ©S´7¢Wå∏x'AH (£åû»X5&
rD¨√îÕòßYŸöeï®≈•yeQãñ
%-í—cgßÃÔ:_wû˝i…ÍM	F¥©bÿUAÇ¨%
ô"N¡a%gúzûÆ5ÓsË•ñ±;9u&ÑÇ4*ÀxïÜ∫e{c°A≈s ƒ™Zå4¥/âÜHËeÆm3VπlÁ‘Üßìºp‹ÙMuJÚä¨Ω°kVV#d(îeh#Ø:ÁIj-Å[6“π3!iFπ¨‰÷y7û-Lz‹˜€ç2CR6*€.È•"bëxÎñƒ	 Jùd –L4`  öå0%¬ÿ++IYÕ¨Ún)\Î´7¶TÆk!d)‰Ù3Æ‹Îß6“Ù"F5%úöÃñ“ÙJ¬à Rß>≥Àa,•$FíÄá)Jô!hÑh`°d@`é4PËó•ßÖ$úı4[YoùPÊ≥ãR7%o/F]º¢∞–ÂFÇj `äsŸú⁄c§ëÕ`	|ŸÄÈ:Û^T©.u Ú éÇ‚¢P∞§[Y√¨¸ÆÚ“˚¸˜ÈcXïãa0Õ∞Æ51HJùLçà%ãf#gúzûû5ÓsË√õ6§lÁ‘S!Ü ã£≥(”WB—0≈%EÛıâSÊŒ»j-R[«TVU ,¥1l€Ê•qYÀ©Õ©ÂoZœFo\’2u]-õ—ëÄ√ “œSüP≈V„ß:Ê≤höò¶uyL%Ñ¡\Cô8˜ûMŒ=gG≠œ}ô¶°dÏLªe:AŒúﬁânD@
©bÿFiX"÷1Ö∞1•"ÿ¥–Ò™6rjqÔ*_:ÈÕËâÈ«©ëŸõ◊-3mó™Zàzq‹Úk5öÎÕeAB`÷xµ%cEfâ;'bò√á
·,ë;0Í¿ä%\‘Ü∞y^//^uq≤Dâj)hÍŒö^]gŒﬁ%V ´Im-Â§0FV kÜ.ë≤(lÁ–"ê¢¨td¢U„¶S. Ç∫c´6∞b∆'r)H“≠‚÷y˙œÀo4óË9Ô–Œîöj¥ey¶≥¬d# ÑÍI+--êN+8µ=Î⁄Á≥/Di\Á≤6.Ä†#LzF’^∆FŒë|˝‚\‘≥óQj“Ù«\tKâ\ÖhÈÕÈÕïyñrjrÍy[«≥—õ◊5\™©TÕÍ»‘Ëyi,ÏÜ·å:∞–„GFu"ã®
ÁWÄ-å`JJ(9”èy„‹„÷L{˜Ÿç9ı'fZe€*âS:sz%© 
ñ%ÑcFîòZK!Üó`¶äF®Ÿ«©≈º©—ùtfÿÁ≥ìQÂÔ≈Îï)—-¢Ú÷j‰‘„±¢[fÍC+åê”Ö9µç+J‡¡D¡äòòdAaAäìNjêb+-eÈó¢R%äêA◊≤^mO'¶x5éô{±™+eYo-¢Éå§¿#àHi+5ê—!âÿÉ⁄«F ñïãF\DS¶:≥oT"äÑùŒ—HÖza”»ﬁ~oyºøAœ}Ÿ“	f%^iÏ!AåÑyTï"J¿Çíñ»ßúZù˘◊´œm/\2±%b‘∆V4-9’îmëï‚∂dÆtãÁo0≤íŒŒ{5Z[«A’ö…zJcØ£:Â≥Ã≥ìSõS ﬁ8ıõfˆMteicTóß&E∂m	W>°e#EbÖ≥©YÒyRÃc+,58∑û]N=gKÏÚ◊~tá.≥=LV^Ã’T≤T—”õ—öƒ≈‚‘¨¡Ü4¬–0E±Qï£Jlô™ÅÖ'g≥≈∏ßD’ÛY8ı˜ÛΩ”FYåuåV^à[95&-q•ejx	≈©≈bÿeu√òCYÉ2 •#X)a]åjÊ≤b°¶/5ikcHXπtµia¨˘ªœãºNœK;Ù1ßÉó¢[KBÅÇdq≈&Léì∞3´ö…-ÄâZ‹taàSÖÑ	zNπz"≤¿ÄG¶‘jâHÈïlÒ7üüﬁo/—sﬂ|‘â E•i·´d∆YR$¨Tî∂E8Ï‚‘ÓŒΩLm£Æ\Ø±5@ñÖÛ^F◊ ÅZ√ÿâ◊ç"˘Ω3+,¨Á∞’%1cª7°#KS¶:ÒoùrY…gß6ßìºqk7ÕÍöÎ í û^úòM Nå⁄ëÆ]GóãïŒ•dlA*ë—*BX¶ÀX'=ro<∫úö»ó⁄ÂØC:SìYñ°)/Vj(≤4—’õ—öIO•`41†©±Ç%ÅZ4∫…™hBVqÎ<õãUö|≤JΩ<k™Wh√Ecò§4
≠s¶ãïPåI9u#cKIT5(®
+ÄÖI5òSXT¬âQ©ÿ®±Üyo-eùu$íiyz%ycgùºo:ÀÕz9ﬂ~4„Iiz%§¥(1åL√£ ¢”û…≤ïıÅ9ÍJßFT!J11K√Ks¢^à§º‰á(t˙é@ºu ∂x˚œŒo5óË9Ô∂j$”$Îö¥jòåÄhÀ™)œb†©‘ÏírŸ«©Ÿùzÿ€«D®Ø	bÍk$’ Ê“	©Ú3+¡≥'ft3ró1¶ÖWª7§ùà%ôz±oõ
çúúvy«•é¨Î≥'X’#´ñzòyksŸ…•å √ÀRÒUâ$ùb±y¢I%®j§ïú◊<˙úW({ﬂ£çdÂ‘çò§ΩR™ÑÜç/VWóK≠Ñ≤VcZ∏`"§∫äJd¢Hïúöœ&‚SÀï£≥/O:¨®R^òR#,ΩJN[9Ë.¶»§≈I–*≠ JQ bÖ#TíH⁄ E!ÕRÆ{&È-õyköîñc
¶:Û¨qjy€œ&≤,‰≤í˙8ﬂnuHeºtC ÂL1âÑa«Çê≥í»XïtòÅ
B∞«=(·tÀhyjΩÒ2cVÜ»Xıp^úñºmÁÊ˜ãÀÙ<ı’5 )RU"“Ù@%JÇdö	œ\÷’+%bñri◊õÍctñÒäK;#¨ä∆(>mU·)Kfj XÍÕSáq)‚w1¶´7†ùÄ÷2ıbﬂ7ö°gß=ûFÒ¡©c´:Í»¨™—◊äÎ-FåµÜ!\∫ï °äKb—Uô4ù¢:3¶XŸœ¨† +Æ'dnyı8nf{Xﬂ£ç‰‘ÖÄyzÂÀìüFóß* eùí™ïÖIYåh2êiÄ%e–P¢ôTrk<;ìGï•ÎöÙs{u√´Â*àËM-eË'R±¶(NŒk  •Æa)0√åjíB…E4^0µ Ä¢) ^åÍ∞©0X∂©£®Ï∆ùxıü+x„‘9«eeÙ±æÏi‡€€É+òJÑ†dïú÷sŸ*Ê–4NÅ 
M5RZ2ò¥µWáå((C»XıqäÀxïyœŒo˝=uÕsä9
Q•ËåsP(1åÑc	®X©™6Jƒ9¨‰”Ø7’∆⁄ZCñVsÎ"àÁDi]i	J[1k+'S:eCìqâ‹¬òoóB∆¬
ˆfÙÊÚúˆpÍFœ/x‡‘π’ù_4í´GV-iêJÒBzº˙»Ö†≠1—ö*F±‚ãl◊YŸ!ÖU§≤7<˙ú:ƒ◊ŸÁøO:rjB≈)/T°JFäÙÂ\÷Y‘.IU)4“º¨Q≈@<4,  ©;978uôñó≥:Ïó¢^º∫%§∏òãK)/VmÂNäLê∫ã\»)Öå=UXAC ∆	ÉJíIi"4≈aRu-J"™m-¶Ç%àãJz%Íñ“ÚŸÂo;Œ‘§∏·π¨æß=˜ÁOæÅID¬(†p≈)@dK!Pπçs◊=j√√ì$Në Ú⁄,∂É/D]th°Ñ•Üë‘’XËä≠"U‰Ô?;º^>Éû˚¶¶LB"´” ‰†P∆
e–§™V*-J»XÑ+ìYÍŒΩ<m¢êÎ”Æ}E≥GB‹Xb–ZïçcKA‚u’NME)πÂ¢P√-Ú≤ ∆àΩYΩô±!g§lÚ∑é-NÉ´:∂i%VéºZ.£WM#rÇ©îXËï…«áWÕ≤•ì@8“Œ•Kdnyu<˝bkÎÛﬂ•ùi!©&<Ω2Â…*eÈ π•V°sä)DD¨4<≠)6ä(‡E2Í[¡!©≈©√¨—{Òz%y]z2ÌñÚ©2vs÷é¨ÎÆWÖ≥V"J»ŸÕ©ËÇ(*¨L@√A0MZÇM#P©÷ U:1Xh`´≠e+äNô:±Æπ¶^{ü'xÛ˜ï≤ÀYBy˜5ó‘∆˚Û™CØyIV0Ê!cC“Ä(ñF°sÖri#VïHK ˘Ωyh<Ω1iLƒ'Z÷GRUXÏãÆ ÊtœŒÔè°ÁøBiHú‰È¢ãh=¿##*∆%Q±PTlÁ±H◊&≥’ùzxŸä¡^®ZÜ¢ÿ#ÆjÇ¶:"çJ∆âXÎXxJÁ3Jú∫Ä§s‹Òh≈‡z2∫•å%ì^åﬁºŸê≥üRy;«≥—/L∑ŒùeWÃÎÕvä LN£¨ÅU„ZX¨¥'f(W5Â∏ï$+@F¡Qπ„≥Œ÷e^Æ7ﬂçRRvIΩïH°’çRUì¨0Q)–cµ(E „∆î	fùr‹ÒjCNÏﬂC6r»π—õ◊5cIY8ÈñÛM)JëH◊6§,%‡ÄWä§MØzTZDïDç
ò∂dJQäÊºµ)-ƒ,ïöƒî˙’NZÚzcÕﬁ%©Hº’ ûn≥HıπÔø;#ùëUQë°JÑa∆0Ñ[#g5úı:Ê“BVùJ¶ò¶m„¶Zóó¢)öL!!(…SYÕS´R“S‘Ú˜üûÈéò˙{Ù3J»Â† —â‘“ê*@*13'b¢T+û≈≤6rŸŸùzò÷ñíÂÎÖ≤6
ˆ RUãf⁄òçê–ñEZhY…bér\Úh’lÅóß.ÖùåN¿ΩYΩ9‘{9¨ñ≥‰Ô:ÕÂÍóß:¢Œ∫3;3L–FVUL-sÎ*e¶@†<ØKbéú⁄Ê—ed∆WçÃËê÷y´Œ÷yÏı1ÆÏÍ∞MQ≤rﬁB´R*vb÷jbÍL2&c £• J≥ë%©…djÎ›ãb*NåØ+•&Lπ”õ•D+XM9,ûß5í±óh√-CÙ,SJ„ïôë©âS•÷dJ≈bô∑ZÀX+"OYY€:ÏöËñ6x›y˘∫ÃÏb±u§¨yZÀÀÎÛﬂ•ùaN®j#√ƒ‘1B°¿@k'©Àg=%Dù(Jƒ»í§@R[«BıÂ”-‡ LÁ≤uH±;9+YZVSÀﬁ|òÈÃ˜3øGuHÁ50 —Ñ®X–ÑåXr&ïrW=âdlÁ≥ª:ıq£-%“ÙìÆ{ìUèBYŸ≈•Ë√RTËè ö÷Ryˆ-dÛı%•!„/L∑H÷#XÌÕÎŒπék9ÏKü'¶85ûâÆòÈöyV∫rÎ≈e( Î$JB ç-!Lj1U5D¥uÊÙgLE'•!Âçúˆ
…
Á÷x59¨ÙÒÆ‹Í–AR©≈aAHQ:ÛÆåÍtñHéÖ Ñá&• K®≈HW6≤áDΩ÷V(Ω§FH∫‹0∫πu8ÓaBò4πb∞‘JKHBTjaË"‘ÏÅ:∆D§¡•F:sÆå®Æ°%\’Ä_7∑:≤¬œ'xÚ∫bzÀ –Âñ“±‰Î-/Øœ~ñtƒÀ≈+Ü2ê*‘â#RiÕ©œ`#lÈ`å Ñƒ¢V//~]KH0T«=rŸ:§Q%\¥©”5”)'ßù¨xù1xˆqØJjŸ≥®iZ£P∞DEïä§àñ*Nπ´û…Y9ÏÙ3Ø[uæiñ—œg&‡:Èbí‘ﬂ7´4§®V±ä@k)8¨Jùûf¢äAz%≠ú‘"NÏﬁ¨Í-ë±n|ûò·÷o5—STï*Ÿu‚’hîWY$+ûπÓERZ‰@j0ÎàRŸxÎÕÍŒà©x™Õ!KS≤6Jœ?SèYÙÒÆ‹Í∞AIK5%2t„]@K≈FLÑU¿  FÉ*“Ÿ;#P∞'T◊D≠yj<ÆJï0bë–’#!ÜTÆMNKòSQ4jA°£Q0!î¬Äp‘ÏÖI¢"R√’lﬁÃ◊R™ìfU$2Ùfˆg]$,Ú∑ü3xÁ÷M<≠+-+ûV≤Ú˙¸˜ÈgXô—¢≈£† ¶`F•IÄ]Hß6§¨",™@†Q Cóø.µh0Í—À\ñ%§ÍTâ—ùt≈•ƒÙ„÷<MÂ”Ÿ∆˝iõ:ò„è)â◊5F≈âäk ƒ…Xâ:ÖB…Ÿ!g£ù{—Zf“Z«5úõòπÿ±≤)•ÈÕÏÕhñ¢V± F&Ωí•y…*K8∑ö[J„C®≤U¢4«voNlZñ§¨Ú˜é-g¢/5’öôXÍÕ¨µ+±≤
Ö»∂ëHh∆¢∂ç'--XÍÕætÊH∂ÅId»ŸN{<˝gõS‘∆∫1™5-$a•
_:ËŒàkDôX"
Z%EE]EJŒ{9µÍó∑5’P#≠e¨R§ö+áZE%+959nac≠°Ä% „BF/+B©öêI°§Vïh¨8∫hÍÕÎï@k$s\¬ñ⁄Â›ùvg\˙ûV±ÁÔ1÷RÃ¨2º1IlyzÕ%ˆyÔ—Œêë’©;#®Uôá0∞¥®†'g=ú˙Ç∆ÃÖL’†ÄA √CKŸKH# Á1œb“ì•±MeÒ™≈e†∂qÍxù0g;Ó…•ÉS-"uÕSF$JíL8UÑ%dÑ≤UŒ{9¨ÙsØ[À|⁄KhÁ≥ós:i)ΩYΩπ’3'P‹Z¨PDUÙs•Ø2ŒkSû≈áñÜQY!§»—éÏﬁπyŒdé§´Ãﬁ95ûàº◊L<“ñéú◊ñÖ@LJçB‰Vä „
ÍÕi9©ù3]∏… ≠Md·IjsŸÀ©Ák<˙û∂5—ç8√RT°ÃNî)lÍ˘”Åîaê2∏¬ä,-9QPUÇjÁ‘„‘C¢^ú™—
ÙK’,´óY\Ø[J—„€óY±R‰ñ	™Ö!ñdháÄ∏[!g=¨ µ:P≈U°©,izsz%Pÿ,çúµ2≤ÙÊıKÛ5ü?XKí∞ehqÂπÊk-÷7Ícj@¥5L§v«H™Ü1Å	Hì0,Ê≥õSX¬®#R5(–¶/ï#K’V§Udsÿ	Ÿ SËÕx¥¨-úˆx1ˆ3øG#*Äq«ñ–+úKîN¢äT*Ië≤BY:KŒk9lÙ3ØWıKE¨I9∑úa	£K’õ€ùW(‘7çö:˙÷<Ìgí…ÍH•$¬tf÷»R‘;3{3yÏÊ≤D¥ÛwéMc¢j“ﬁWçmÂæM+#Ä §lÖÇÅl⁄ò@WFk…œ@™ıÊÙ  âX†»ÓqŸÂÔ<◊>∆7’ç0¢È4BŸ¥YXñ4∑ñŸ’!lï(FLP`Ñ ¡(* K¨«&§kß:ÎóBÄ¿¶éÇÀÕg%è'T∂ñãimî+èY‰‘Kiñ‰NmL<µVê	¢@áRZsŸ§†4VhÃîñÛUÄÇƒ®‹¬◊ÕÔÕºº⁄ûFÛ«s¨eJç iÉ+Cîó†Úıú{<˜Í„ybÑ`€P0$(Yœg&†≥Z°1*#AòæVSïGÇ´—*◊2$N∞√ùXµZ5üúÈéjıÒØC4 (Pe¥b$Ë@A"é¨ízMZïë≤ú∂z◊Øœaz≤EöF•©íäa+8ΩŸ∑ÕÜ§5aj(ÒËgjpÎ<÷KRaJ* £Õ≠ì¶#S:≥z≥yÏÂ±”Àﬁ8ıãÕZ[ÀHﬁ[‰Úî∆q9Ï‘
KX¬çUÕ2Fî™ıÊÙKåÇ∞Ê¢VKséœ'yÊ≥ÿÁæÏÎD¨éàòæmV6J À—-Û£diF „ÑC0¬òöØ8∂N…óöÏÕÆlÏò°50‡®ÿà«L∑ñôΩ´«©«©-A#/NWÕ®RZBêqÂShP%P≤ZÄ√Ñ@”∆h(ññ“òùë•±A/Vovug∆ﬁ<Æôc¶R≤≤7)†4≠[f≤[û˝Ll®B1éòÎå"®„ ì ®,Ê≥ìQlù∏!à–E(tE‰≈ ä:ﬁ]PE≤"”òπ›ãU`ò‰÷~w¶9k’∆ª≥ZRP®√´@JHQ™Vs"¿(™â†E%\÷F…jsYË„^œ=≤€(S™§i5,¥Ñ§:3{Òzsc©œ©0âQFèW;çp\¬…jEUC-%≠í¨í¨Ω9∑Õùúı1lÚ˙cãYº^^â¶ÅmeÍ…‘&óCN}g “–lÄÙÍbT—”ùRZÇ`G=í‹‰≥…ﬁy”ŸÁæ¸ÈâT.gDæk©ÿ“ÙÕ[!K@qëS§CPa$çNº÷J¡2ıÁUÕ¿©Ä
∂N…UÎ ãK”-reÁ9u9µî¶ï„£+-bvGQ+J–j`W…(Æ{#¢…®â©çvViLù%sL9jHjíÙÊÙMFœ+xÚ˙bW=]9÷%©Ãexa•'ù¨±ÍÛﬂ£çº=0¬îã¬ôI“0Ä®Çì≥öŒ}IjsÆ¿§0¿*^i·ë≈0Ú∫≤!;"j :OG™B!…©Û˝9Ò◊©çwÊº§®¡L`ñ"-F»¢â
¥ñ=sY-IŸÃûéuÌcm 6∫Õ'IbYe®ÇÕÙ1k,lÜ§≈ñ•c€∆˘Î»πÂ∞jEe≈%º∂HT¨çÍÕÈ≈K#@K<ûò‚÷oÙÕ[m/FYQZÄCN}dÄ±H#LJätK|÷ó†îGAˆKséœ+yÁ=Æ{Ù3ß!g5Ã™Ö%—:ùÜ^â´¡Ä
ÅUå $Ö¡DÊA]ÿ◊fkKî\ÕX®§,]E(¨ä<Ω€)í“:ú®Öex°HjÊ≤:R--·ivIJsÍs–≥ …@V[ñŸ¥X§¶%©$U¢ˆfﬂ6‰ıÁÊtƒµ.åÎ¢\GR%Ñ*Òç.<˝eè[û˝\nê(ÑQ¢∞¨X°Ä"%ë≥õRúÍP1°Ç±I´¿MK¨¥\òùëúC¨Ù1rÅåqÍ|ÔN|UÈ„^Üm%r¶uhRf≠#P≤IçJµ+&F£bjFŒTÙsØg§te]BF•cŸucúC£7ª•Öú∫ìƒu+ˆ7#«πÊ–Yœ®ÅäÊﬁ,NŒjÖ´7≥:2¬¡bY‰Ù«±”5”-„.ãMV°HºÆ!œ©œ¨º∏	á)öIÑπ|ÈÀòùòx1îπéÁûNÛ€∆˚Òß"úöÃ)«ÜPbÛVÜÖ†2cÑu`Äô4¬®%®â:C∑:Ùq´d¢i$S¢[¨l‰≤V:j`ìñíıJSû…“Y
2“§Tïê”KinQ	8J≈%1;8u%B∞$;+/Fu’-ï,Ç(LdZÚıÁ]9sÍyœô”©ë•ÆmL&§@0ÊQÛµíû∂wÏs›ÂÇ™QD0Êäå8√)1(»Ÿ…d,ç≥¶∆Ü 9I]rhSã*ò…J vKÈfàçaéMOùÈé*ı±ØG6ÅñÅZïBBä)ù&ée∏¥Y#ö°bYNTÔŒΩújÚÙÀ
ÆDïí—á¨sì:s{1•émN}L<
Öóè_«ùsúöI*Le¨aRUSß7≥:yy¨ùãgó”z«D◊TΩ0ã¢≥VÉ(+VÁ‘Á÷^\` óÕ"¥Zi ò[1°£.%sœπ«gïºƒ˜qæ¸i»ß≥
q†ä†rÛTÉ@dSB2ì òñ Á≤6<Ω≥]ô’r§ZLdËÕÀ©ƒÜ¢0“€6Ñu9¨T¨•¢4Hÿ£ÀE†ê®ññë…\V-%`¢ +π◊L’%I&Ä¬ Fk´Í ûO\y{Ã5ñ¢ØÕaE‘òjfá
à'ù¨îı3ø[û˙•íÕtbÖ"√a∆L’Åg5úñFßHPƒ¿äaÉ*+• òx™‡%®√ìÆ‹ﬂK7D))é[>w¶8´Ÿ∆Ω,“	l:–©ALëDF∞µë¨Cö∏Ïçí‘ÁOC:ˆÒ´À—,*πû»h∆¶ !’õ’çHÊ≥üQ ¬TÏ¥w„nrY-E≥ñ»”ìi^
Dlﬁ¨È¢dYÊozÕÊ∫eÍÑ]öº<†x§Æ™ê÷e® ¢òPtÊ±!ãÀh+P¿0 …9˜8ÏÚıôWøœ}˘—$úñGQÉ+Ä ÒY\PF
%*8‘Úê
!3X¥©ÕMéu›õ¶àS ∆óYÕdµ…TB“÷V'g&¢SÂﬂùV0bT”W4§çÃÈ<µ	¬ú’´ 6,óöËéô™™ì±PDC/Nu◊ùFÁ Èü;xÜ¢Yî-§º§JBvL8T∆<Ìd'•ù˙ú˜”(â’.¨T†√0®M Æk8Ùçë§(&á∆†hif1q„PE-Ñcø:Ù1IÕ§F#gÅ”ïÏ„^Ühó.¨Prg8ë*¡2‡ì§CbëÆ;#du9œS˜±™öÇPhÂÆ]G5c™^új2JπÏjaE≤±ÈcnrYD≥û»V§≠	bV2∂oFt—HÍ"yª«≥yÆ©z!T≈¶∫!ÂEe*©f:é™ Laéú“DsÆZ¿V`√C+$l‰‹„≥Õ÷P˜ÒæÏhíN]HS) ÎH@@5ì§F4¥ 	ì»Ÿ+zﬂßä”IX[ ÚŒ»ŸÀ`•≤&ß4^Wñu…sÀ¨—{±Æ¸⁄®D'bRñãA©ûj‘¡îäúV%¶¬e–Î|™¨c ¶ìFTEßó£:Î∆£©Ât«õº¶≤I¶∑éú“%ì®“¶·S ÛuïOG;ÙπÔ™]	V™1H°bÅ¡FsŸ«§Söê†ÑFñÅ6L– ¢ñ)Rfsÿ¥ñ(∂ªÙ1IÀ§i¿ûLr◊∑çwfâpÂï«ëDÈ:
@B¢ÇÃJπ¨ïë‘Á=\kﬁ∆©öïïÇrW.•@Lç)”/V*¿ÆzDec’∆…«g>§¨Ê≤T·¶ÉQîPù9◊Nn#dµ%gù¨rj^:Ê∫ae≈ÂËö0—UhÍëπyVêaÕtJ§JùR◊5E••B<8Ÿ…π≈gü¨É›∆˚Òß%\ó0¶/óQÆZQ
ä'@÷ b£*¬Y+ag=ÄÙ1}Ln˘≤£Xùä4∫%©6eR•†âLR-ù)Õ¨ÛY=KKÈc]x¥Qg=úµRëxyH§¨JÖ*c ùú‡– ∂ôµWï`Ñ)K*4∏Féâz≥°^/L˘ª¬Î4óDuJ:eº¨Lïí—:ò <ÕeS“Œ˝N{Íï•ùî4™Üãï≈
•Y959Í $4¨b√à(aI”-Y±jÓvåΩ\Ô~+W-í™®O¶9k‹∆Ω’çO+-	2p‚‘`S!MhÑ!g=(RUœdÏñß:z∏◊πçQz≥V⁄√ßúñ÷…BRZ^Ã¥¥9¥Ê5Ñ…C∑-ì‘ïú∫àu)°i0RY◊L∏ÖOYÖûf±À©xÍöÈç(//D”dÁD´	IQ‘Kóöë4a’áãÄêNâkö¢R“3ä-bÑ»ß>Áßù¨ò˜qæÏjÇW=Ã+äJ¡
¥¥±,ù**≤ÂRvFπ¨UÓÕÙÒÆ¨’6(°πI‹ΩJÖà-4ZZDl‰‘ù:ﬂ7≥.å⁄,¨‰≤u‘VWï…'>†5Bt¢$	i¨“ÙK”,≠(K% e≠ÖäÀ”ùk<æôÒ˙d%‚§÷ÅÈŒ´¶GQ,öbãA•òO/Y	ÍÁ~ø-ıMbv%1A¬1Rà¿¨Ñïú÷rÈÃ 	Ä§µ&Tq	S§	B±Uò$œg>¶≤“ı„]ÑÁ—"ÍSƒÈéZ˜qØG7F´J%q´$<N¶
d(DjVr“ö»‘ëléß=ûû7Ós”íïx¢rŸ…•s`Çñ‘/9∏±œ\†F´;ôRvsÍ!‘0°ç,,â¨ÀIz"Ÿ¥XŸ3óSÀÈœöÊ”Wó¶)*óÕªOöÂr¬R‘¨ùÕïà·’‚ê’ŒÚﬂ4IbmÖí‘‚‘Ûuñè{Ó∆ò[!P‘≈2™º!å∑Ä-
öJ…†∞≈fàÑuûjI{ÂÙsoöeV©ŸÕ\∫Ã¨C 1ILI‘¨hÎöÆoL	rJŒj÷ÙCCïÜ#g>å1"HîÑ¨âä¡R0êñ<2à¨’Úûû~ÛÂÔ‘¥∂Üñg6„ÿ#ß:¨!-#bY$ÂsßÖº≠c/Øç{È|–N¿,∏cFaŒÇ®ÅôK9,‡”éî∆/+aE0†©äëQF\ú÷CPU„´§≤≥û±Ÿx}1…^Ó5Èf‚ãxQÄ™°¢ QLÅV$CRñbVL÷CSï=\Ô€Á•Æº‹ÆVNk9Ù∂o=ÑP^úÈ“ß=s¬YìØSö≈‘÷GQ¨<ºˆ@¨ΩL“N±À©Âo∫≈f≠/LR\_7°¶ÕaÚ"–©Yö4,LV¢)iköBƒ
÷ƒ¨ñßßù¨à˜1æ¸j¢Ÿ
Ü†)ïVëïÜÄ∑Ä%J¶âb"ÿa•À=H\¢ı„^åΩ3Lã	©YgS≤:r‹ÚÎ1++ä∏¥QdJ»ÍËÕÎÕi™R¶EâPZC≠
"ê±)å)ï!9ÈJî°
<=¢/
ym-•§∞Ø7¶|›‡Xa÷í“Â‹k_:¨ZsŸ;'b—ãÁUÄÚµÄæ∂5Í„•ÛA;yX∆Ü0
¢åj(‚Y«gúî1—†  –§H¨1E	Õg>§Í—◊ç^YYœ@ÏäLrWΩçz9§u¨p°ãB◊1:MtLçí°f'bd59S‘Œ˝ÆzZÍÕ*JI+9Ù¥°ë"ã|Í…Còï4!œ®…Ëcx‚±u)dtD'!#¢:%ùs§ı2ÙÊ⁄6h≤jÁ=y=9Òkö¥ΩÀ’ù^])¶®Yö)¨h2ìÅãKL–
‘®âä+¡&so<zú»=ºoªºk!dh¥ÜVPVô=&ÅRfÇ%B≈NôÆ¸k´:sY4YlYt%ïú:ú∫ät ÚÕËTà◊5í∞«\ΩPS) U+AlD¡Y÷!*ô=HÿL™(ÒHkZ-% îñíıfﬁ^]<ù„œÈî≤≤⁄W0–µÀ®âBŸ’c”û…Ÿ;'c-Û™∆Úuôß´ù˙º˙[4¿¨<0•î28î®‚Y≈g&út‰Äóñ“®
¿Ö5Nî∆(tì9¨Ê‘ùV:ÒÆ©gg>ätE#≈ÈéJˆÒØRZC+ôIâ:aNjïí≤b™ƒ…Í()PX	Ÿœ©»ûé7ÏÁDËÕ 
¢Y
Íåö¢<Ωµ*D@àsÿ,ˆ1≤yˆOQÏï «úßDvJ+ô#T:e|‘íu„ÔüÒy´KxijΩôΩ2ÈP0EJ»\—E‡ h4F--3PZ‘®âä.Áﬁxµ<˝eOwÎ∆≠ë≤Z ≠·÷êÚä¨"L[eb"ÍJ¥*DZºΩŸ◊^mrHTuºQD%äCY‚®SùrâX®“s‘u9—GéÖË'dIñéú◊\≠d+û¿å2ƒ!LJ§
÷Lçä¨¥Ü¨ïÉ-%ºΩ\ˆy{«ü”3K-e¥<1â◊-ê‘cß6í‚ZúˆN£Ka+ùZ©‰k1OS;ıπÓŸ©k&RÄ0P†Ë¬R°'g.ß5q”$≈´Ee &4§ƒh!–e©“DÊ≥üQjë◊çV]dtôQ„«÷9µ=¨k’öº`ÀS( ¶ã@!Q≤vHí‚pöà ,¨Á‘ÂOGˆq¢^TT*ãdÎÆT@sRñ–Í‡Ä4)œ®ŸŒÿÛ¨Â‘(*Á-úC«Z“9¨B´xÀJÊØ|¸˝ÊÒy´√MtGlΩY¨≤Å@íπñçñ•±Êö1¨y\∆+-3f%ÇÄâä”&!g≥Êk"Ωﬁ{ÍŒ©ì≤T,ú∏ºQk- +
ì!+'¨∆¶)ãÀ◊5—-pbU-MãÀE—;"Cyç)xy°,í9ÏñÅ“ºk!IF//FNHïÀ© SƒÈ¶π¨ç…)-ëXb∞ÊãgWóüSÀﬁxuëee≤¥VWÜ19ÏÊ‘’—õeƒìõRu*T≈VπÆR_'xïûû7Ís›`+!	É) é:0+"‘,Â®YÕf’H¢êA	É)\í°fäZ!\÷JÕUÕÈÕyu-í¶<õûmOgı3™ÇåZkD®9H—9ÍvHÇ∞¥®à(R"â©œg2zXﬂ∑œ@ iÖ≠]Pâ4VWÜWáSüQS◊ŒÿÛ¨‚‘K´¨Á≥Ñ—–¥âÿZÇX
ÜZç^.˘˘õÕ£¢jÒY´GlΩY¨¢5!Ö$ë‘—âj™Ce•$≈--ÛdJ¡XDîjàHŸÁk>V≤kﬁÁæúÍêQ,ï-Ç\^(¥ï‡*ì≤AN…k<÷@§ΩrˆgUSIh£E¢í‹:ïì‘%fö&a¨ HT¨¨ØÅœdKEáî≈
J«6ßJ¬Ã)Ä)ä,»Ÿ;ñZAZ≈’··¢íŸy¨Ú7ûmd•í¥ï†P%\˙ì--¬E9µ'S•BUkö∆óÀﬁ'g•ç˙X›≤ ·`iX Ä1DcQDÆ8È,çÑ)-(LÀó$ÈlX¥\2ê‘Xñ
ÆoVk ‘∂N±ì πÊ‘ˆ1ØFiÑÈŒñ!@©b#öŒZïàIHiQQii‘Á≥ù=Lo€Á•V≤)-ª2dÁ9¥h¥¶k)BìOc;'úzâAPùr¶ä®âX)áñÜÑ¥Ò∫sÚ˜õEÂËö¥µé©z≥]Z¶`D¨é°ïR4V∞’ííËïß6ÚƒïãDD√+Q'güº˘z…=˛{ÍŒû2%í•°#/DikcdjAŒ}Nk=	{q´MjT$*U¢≤÷1hdïÈ‚í∆îïí¢ïà“ßCM	HãA-õx¬´Ö≥ãN[¡S@—ï•J[0`xË^åûZ≠bx{«•“÷!«T•RY≈°*6B…‘≈‘—eËÕ¿óÀﬁ'g£ç˙x›‡J‘a«e†E	D†iíuÁŸ¡bŸ{t<ZW0Å5 FV!®âizs\ ≤+&jÆo^tÊ†ãc<}ÁóSŸ∆Ω	†!—ŒîÅä:†D,‰®X¢(*I
Bi=I$,ısØsî%¬”WfWIú∫h∂k©ã’R≤§ öäûévÁúZí¨ãJJï*¢9¨ñé6mJ¬öWÒ∫sÛ7ö≈ÂÎö§µéŸz≥Y^H¿àYJMMïßWçJè.âP:3z%ô54¢ÄñqÎ>^≤kﬂÁæÃÈ·ívJßBG[¿S-#,¨ïBÇïú∂!ﬂùzΩ3ZßbTÈ“§%ì^ZƒâXï+%E-Ñt5¢`AJZ/\Sñπµ$k0 c!•+1,a† °’õX¥’ŒjÒzgœ÷(_6≤Í@YÄ™ Ü5dçP§N•d,JAu4Umö/óºNœGÙÒª@ï©°Ü 
 √√%ÜßI◊úVJŒj¢“/-Uë»òaìQR“ﬂ5È@ú˙M5|ﬁåÈ≈¨Ñr)‰o<∫ûŒ5ËM(≈sß a«/ŒjÊ±@™5M$âBîí&§Rzπ◊∑ç∆U IËàxbzæuYrR®ïï!‘DÍŒÍrŸ…©+b0îÀ˙N Je©—)Ñß?;y¥ΩıÀYiRıf—i§aRtºH¡A _6Ò!)i™º®âSÆM„Õ÷æ˛7€ùRDçì£F++[X2»ùê‘Dùê≤Gdææ5y¨!:DZù1I\ê’0IRíäB	¨ïâKLÜz%xA*hµ”ùtES≤:FÖ" 2ÿ†ÒyLº˙ê‘T1•b““:≥Æ®Ê”»ﬁx7ï:J‰U!h–HPxH°Yfê‘Öà
K Ú÷Sy{Ã”—Œ˝N{¥®0√J‚Y1√ô\y•0ïÃúó<ı…£≈ñ—X°B5Lî0‰kéƒ´E°≠P$÷6-À≈Ê´)bÜ9ÏÚwé{=úÎª:Aó¶mW,Çπ¨Á¨4)UDçí°Jë≤u#g©ç{\ˆÇà¥áD:î\ﬁ¨Í∆JY•hYR…ÍHÏŒ™qY«©+1
êJe™M)+KSß6—
PGN~vÛYzeÌñÚòÈó´6ãX†2Déùa#L∆)ö–Ü©“¢ò¢º™âRÆ=„Œ÷æˆ7Ÿù<8©%Zû-V∂∞eë;9ı#s¥æéuË„Dï(¥â:BëXiR¢0„ë§äCPP ≈≥o+¿©W:æj§µ&í®ÿä∂ Ä¨¥áäïÂ'.ß-ô)¥ñŸ◊ls◊ô”<{¬´ùëXö∆%KJÜ¨, L5Hr“È9ı'S©âdÏim+C^Û$Ùsø[û˙3R±ÜïâŸ:0cS-KICP¶êπÂ∂KE!¢Ö≈™£RÆK©Üµ@îóû»\±y™J	Uùœó¨∆œg:ÓŒ¶*Ù≈rq¨® Hµ%Xh√™§¨ï%*N…‘,çûû5ÏÛ⁄ )•[∫" ®Ö≥zÊÆ2Y&£)¨ÏMI˘’8ı%d–”âS1âTë’Â©’õxÁ†"y1Áo5ó™^Èm+GLΩ9¨µÅD¡ítµhÊ®aåbπ≠5%(©áh≤5«º˘˙√'πœß^uHqSüRV-_6Úöit®CSóYÁ≥'D◊\Ω9ΩY™DZƒÏZ≈¢≤Ç`) 	Y*¿Hú˙â£À™ZJ–W=rï; À+%`•©$k≤ºR©Y^UŒ{%e%†Ú⁄ZÀXùyö«6„Yñë◊+ƒ´úêî£…zòÉjò dé¢‘âRY0ñïÂs…ﬁ"ûñwÎsﬂVh•2ë,Z√‰ah€”28îÇTR6-í¨¥äCC BHç ¥ïŒÇû0(Kÿº……¨±Ikö∫@`Ä>n±
ˆ3Æ¸È[≈≤jQÂeQ@Öë•FïÜTIŸ*ZDïâP≤VzúıÏÛ‹Íf¢¥ÉbóäJñ)izÂ¥1bT±"bÈ3ø5Œ;95#d”Q!"p)	£+Àc´5‚4¬ßã”vÛyzeÏñ≤“:•ËÕ¢ºj!äm)ƒi`(£Õ§LZZ (4–%dkãyÛıÜOsüN¨Í∞‚YœdlZÈÕÈäK®Ja]NM…'DvÕ[5∆P*, [å\0®Dïì¶#\öâWé‹^πNS©‘¨Ü§âI1,‘$ïìR¨]£
)aÂ÷dçZKIk)œ7y‰÷jtJ£K’©Tƒ¨(¿CLÑ&ZS$u§jRvj<Æx˚ƒS“Œ˝n{ÎÕ‘¢ÜPNÕX¶Fz#¢G%H%A#a≤u•x®–B é)
Äî*H)·†åΩ˘º∫úñd§’"zsÿ√∆œ3XÜû¶uﬂç0∞—ÇVZÀÑ§
BŒzTyX*â+í¶ë±*Jœ[ûΩÆ{ù)áWîŸäCäì™KŸ/Dlú˙ãI*Ç¶z∏Â≥óR	=E´Dò§á(∂éå–N¨4û'L˘[≈ÂÍóß6ãXÈó´6ÍG¬¢”ƒtë0
a†Rè-·ÂD]$P¥ïlíB∏ıü?x+ÓsﬂV5a¨ô9Ï”õ’ïUNŒ=Nz¢ufÙM8–É÷Ñ1HÀ™ëç–Ù‚§LÜŸë≥èqc∑7ª7ß4≤:sY++26jtjHêË“€++K:ê≈WBR§Ótï[À\Í N+<Ìf;…≥´:ËÕZ^jˆ ï"ÿaÀKÖ®• ƒ5%IcJ‰ÈJJ√'ëº≈=LÔŸÁæúŸ€4√ã,¨<ZWçE\xtùL$ÖÉQM-bëÇ§)Ç≥9Ïïj… XÚ“™“ıfÛY«¶J cüR5H®IŸÂoØC;Ô≈°ñë†ò¨∑îâS%d+Ü2U+…ê≤u'gØç{|˜0´E*ÿJçπËôΩπ9sóD %]˘¨rŸ#du$ VÃä)!áZ≈≥pÖ<NôÚ˜éâz3z%¢¥Z^Ãﬁ•°•–Ë‰™hûêD0¶) A÷À4ZâÇò+IR»\ π5<˝„KÓsﬂV5a¨CöŒj	’/\¥ï	k2%g=2÷)õEË+
91b√µñÄê ≥T™F2„ûŒMGóª7Æ)*ƒµ9ÎõRh·àR”ç`¢òbíÑç∞—âW>≤$¥∑[Ê⁄ié[<ç„õR£€|€‰¥ßv4’…s*Zà)SQÂºa)£‘ùN∆ñ°
–lÒ˜ò'´ù˚\˜—õ+fÄ†%ù+/R∏ …î¡≤U T¨Öö¬,¥ÜÜpF§F…öäHVWÄ∏Îñôº⁄œ6ÑÆlÏÊ‘ôh¥¨s‹˘;ƒlÙ&˚s£oVIl#d∆(<N¢FßdÏô+'Q≤V{◊∑œhVh≈∆L%ê†vÀ›ïbß.à$akúÏÕ•BŒ{#du"V\)Bx∂n°ì«Èè?yºΩ9Ω—LV^ºﬁµ∞–!åF•O	§P4ä¨∑ä*"ë¨#©ñ)œ¨ π587ìÔ=ı„Vì®$+Y—õyß$ú˙ëAF[AåUÆà®è2≠<VV4Çêù);'bçêÄlÈñ˘•\¬$¨Ê©…Ç´M
òx¨†êB(““VE©Ÿ!l§Uz`ÁVYŸÂÍrknj¨¥àÿeÏŒù9¨çLçöå4∂Ñ@%Tƒ™vN«WÜU5„o≥”∆˝n{ËÕ[Y;Z%HÕN…^P–Í,ÖFÄñN¬`å•%¶I∞I&±•
£ŸØ/.≥),¨Á≤UX¥†ÁπÚ∑àùÌvM6Ekñ∞h „
"bU44–ñÛì±,ùì…Tlïûø={òÿ:r¢$ÈáS†ìÆô{ÚºTé™¢@sUsß®Ÿ!d5“´ RFºtfπ0O'¶<˝Á¢^ºﬁâYL^^Ãﬁï∞—†ÄçFûH¢Ä“e+x¨∏JïÑDRäÚ¡9µò◊&ßÚ—ÓÛﬂv5alïE#E--%ƒ59¨C¶Z√J
WÉR4R
j`
-BUB)+bÚﬁ
¨bãíi:ùF»Y™ä–≈bä$BTÅ)-•Tñ§YY]k-‚´œ^}Ã,†≈¶SˆV^ÏÎ'5ë©≠P∞ŸΩà	’F#R±,exe áº}‚zﬂ≠œ}¢–éñöhù-Àïñ≤Å≈UlÁ§†N≈∞ÑH—äÀ@éaI§hÖ:2ÃB—Ÿ.^kôhÒIR…Y
xu.|≠‚Gs]y’  Òyo4Æ)*Tƒ™hi¡bNƒ≤V!;%R≤6z∏◊∑ç·Û™
ãL0’Œâ]2˜ÂHbZ≥I¡
sSM,K#g5kZQ÷ÇäA1ñπΩqb"<nòÛwûô{3z•exËó´6ÀcAÜç%hñìE∞“hc+-•¥•ùÑïà2¥≤9ıâWß≤O{û˚Ò™ãdÍ	*ÚÂ	IYyÆ¨÷Ö¢∂äBL<	rV[V1!L*-F¿aÄN§ì*tf—TP≈F©§™6FíƒËó¢)44±©ÿÄ)T≥ù°ehyl©ßô¨Ú3‘ΩY™4·9µ+/v*ë‘Å:A,ê•iÉÕAÑ±Ã@û¢ÑusC≈ÈàYË„~Ø=tgBîr∞“®u0ÚÑ))Æ{í´Q≤V¨-≥h¨§Qá(û…Ö1HJK-ùtJ	\œMÉS≤(  §5ü/XÖuÕuÁVäJÒimRV$NëïJÃ:ÉD≈πùN…d™6FœGˆ9ÓïlÍÉ¬°±‘´∆≥îùùrˆÊ¥jÅ!Fß8Ÿ–#bŸ;çëÄ≈ ±"Ñ%Û{%bfœ¶<Ìg™^‹ﬁπ]iRÙf≤ë¢êIÙ)£õDBç ∆V--•(ÑÏQ,)ñd,ñÛ«gõ¨πÙ˜€çP…*ÁH“Ÿî	b£À‘’2¬÷W2H§µ4,µ:%¢N¶*©“¢î	2T†G4“–ï«Ü•HŸÕR±ƒ^∏º:—'o8QÖçDçI)i[5HiÀºÒ\äÙsÆ¨^z$Ïa¢v4Ωí°-Hß"ãH8B[5πÙ¶FVV0áç”≥—∆˝Lkß:@R@÷ëIB`é¨J‰*‘Vc¶êï®	°púˆDhñÅP≥ß:¥¨Mòh£%ìeBœì¨F∫¶∫Û´ÂUx§µÜJ©Y
I*6 Ê4 ,Jïìƒ®Ÿ;±Ø[ûÈWŒ™<0÷0 Ú≠ú®ñtÀŸù4Á"ò`i¨®ú∂GMaú¥îá'R——/T“äÑïû?LqÎ=RıfıKYnuÊÙKñCE£,HX∂<º⁄M(\xPJ)F--a¢u+íÈeQ≤Zú:«õ¨πÙ<˜€çö$ìúïÃËTëäÕTy¶`&Åz%¶J§º\hÖF©#ïB¡X¥1TGi îñälTïsŸ:¨4µäJ„≈ìW=!X¨(ï+#Dæo^u”(égŒ‹û≤àÀ›ùuKŒu˘ ùâ◊9;-,52¥®Ü∫≤À3‘Ê‘¿(§#ÀÑØXñß~5Íc}¢›0≤º§…ä+emZDùò¨†Z0Q∆î:bÚ≠êN©™f–ùúˆL4D¨PqóS…÷bùíˆÁWïÂh¨=•-,IÅdi1ÄJïLTMHYœg~5Îco-e∞„0–UR6-óÕÍö0ƒkú8e¢)…d¥÷)9®÷Px’0ö//L“F%gì”öœTΩ9Ω2⁄^ìØ7¶R±4eƒÏùÜ^],Txa%M$<Z[E!*6(∂Âig\ˆsjqk~≤Áøœ}ÿﬁ¢M9ÏçÃ©WŒ¨	E8Ú®∂"yzÊö†bÅàR’§†§+öÕTBTJ
%HT¢Ùàì§§D/+VKF†
q‡¬ì”ûCN∑ÕÏ∆˙cãx˜òjt’õ’,∆'a&†Å:Ö*V^}H≥[ßâ°^ÃùdcõSìP 	–§ïD≥ ÷e©Ëc^û7|—kCÄòJ
ïïÂc&(¨Iï¥–IŸáï0ÇQÄLãF‹Z…ï•bVJ≈Äî≈9u<Ωf)€/nui^Vä¡µ,bìM&ãKdÈ ÄdùF¶*&§,ÖûÜ5Ïco-•∞LcÄdù+õ”4a…W)=GX¨)œdtùàâ\¥0·Ñ§b˘ΩR1;<Æò„÷z•ÎÕËñíÿÓÕÎïï¬Y:yÆ{ëD–Jäs€1„¢[√∆≤T¢YäÀIRŒ:Â‘·ﬁ<˝e„‹Á”ª4ÚNπÆa©À÷’a„ALtÊ˜J“°P“.Æ0âÕ\¥Q«)	\Ù
Ñ$ØcàN∆	8“‘0ÂÇLËVDRI*–§ΩYΩ2ÛÍx=1≈ºÙG^uÖ--Â	Xûä4 ïa!+öße•Â≤Vt-bié¨÷Tä”G.ß¢R£ÖL%"y]1$Ù3øSû˙sBëÄH%íÚ’JáS	s≠$ÖÑ¥™ ∆ÖD¶úÆH’hÍëIJ%í©î‘L!ÖπÚµôŸ›ùuÕ<R[¡Ç±‘r“æhçbì©Y:SS"T*h¢jF»YË„^Œ7I{%®¢QdpRïóß:(I◊ë±á1|⁄≥óHÿ+ö§9‘9ïD°c£5Ê§"0,ÚzcÉYÈó≥7¢ZÀ“vÊÙ  ¢D· %çVöÁπï`¡Lí®—yoÉdÈ`[À;8ÎóSáxÛıìﬂ>ù∏—ßIW-Ã.R∫f∫%
®G  2ºZ:≥ÆôTöJ§ì†^.†'=Jô≈!kû£c	Id≈	Aâ¡îóé®a(ïS
%ê"Ü©-rÎöÈóãS√Îé‰ùÿ◊Fk %•™Z!S(t£¬WNŒâylq J*Úòh±£óSãrf√Wâ‘” Èâß£ù˙ú˜”öåf*,óïó!(anf©SIX•Â bÄqRuÇjM@¬Å)+¿±lïH@ƒÃüYTÔöÎöx¨∂Å±‘%e∂k@≥®Y:0¢§ÍU4ÍBŒ{=<kŸ∆ƒΩR‹QHä\TπÖ[f±âW-í±äËŒÆsŸÁÎ0∞“©:°Âïúƒ4r“ÙÂId¿Ø+¶8uûôzÛo-eÎ:≥z%eò©V]G:•ÖJ±°Abà(ÚﬁZ√öƒ• bãhïqŸÀ¨Òk>~Û§ˆ9ÙÌŒâ™)œbY–ΩY“ •H1YiÕÎVïLëÆ[x©ïh"†®)ù(ïQ…ì±B èD0Ò’÷)J,I'H-5|ÍÒ«º¯˚œL‚«~5—ù<ä√≠b©«àŸÀVqjDË§À’(IßD“£äKÕg‰,P	X¢ÇvyöƒlÙ3øWÈÕ“îEò¨ãUï•»≈5%$-J» ´¬ò ÒHPîC0¬≠êJ»QIÜíµë hO+yS–ÕÍŒÆZWî…©)FäÁNTë±Ä ©:ù ∂*sÍsŸË„^æ6À”+@Nzô–§∏¬√≈M‘Njï1@«\Ω%ûn≥Àf•'S(uGD≥≥åÊ–ññ˘<™ak Èé-g™^º€KIzéº€ UEDñpÑıÍñTÉ ô+£ñÎHŸ:¡)ïUà◊-œ&ß≥¡º‰ˆ9ÙÏ∆ñí…XôzTDJÖÄ#ññ±|ﬁÖ*©éra£

Ä°ìò—D≠L-HT∆ –„ ÒñëD—≠†jb§≈aÀÁué-O'¶8:d-Ÿ◊Vtd√Ñ+XUçÑ§A8v¨Ê‘ë–: öZ""ùY‘¨c¢ZÀ‡È9ÆTZSX“º§K<Ìb6zﬂ´çÙfÈB*êy'Uñí‰!0Ù*pµ"çVÄ+CÑ–( √@¶
∞‚í0Ï®ä®TÏK#XcÈÊo Ùs{s™ññí™%"a•|ÈÅA&J¡L *%%);9ı9ÏÔ∆Ω\l%%Íö¥ï™—Aå40Á§j1◊/AÕgô¨ÒXïÑ¨TÍéâVœ8‰‘e§∂ ≤‰ºéò‚÷zÂÎÕ¥¥ñ«noT∏¬Æâ¬	a´MA5Pa§i‚ãX§§RHî)‚ê·YW5œ&ß≥ÁÔ8ˆyÔ£:çàç]2ı)Ñ „DÏç,8Îij<ØÅR%båÄ 5kaÇ%"a©)±0aä≠rc#√)0∂%#¡ïÂº◊6ßèºy˝0öéRWé¸ÎØÇû Gö°TxÊ≥ìFä'®ÁD™bH≈V#E⁄ÆS≥ìSãrLÂ[öVå.û}ƒ´ø:ı1æåÎ@BÆh©èïåJcR¬Tlí5R0B-‚§·(1Ü¶U0§∆"ä§d:ïí¨9ék<ΩgûonuRÎHí¡'e
Êú—jÖïÇò¬âBE§†%ëN{9ÏÙ3ØWQ„™j∞â™—ip(¡¨,5<"¬≈¶0—”-é{<˝gä…P1rÒiggûsj2“[eyJ DØ+¶8ıû©zÛz%§ÆvÊˆ ¿LXî”QLP®Iú‘Âe¨å∏R)0h–`å©\◊<öúZœüºÉ’ÁªK«rıK© ï-"J›+-Ç´-FŸX£√BÄCM$äîZîöh°â““Y1Um+@àR*`å- “÷WYWóºy˙Ã∑ùhÙ3Æ¸\%aGö©TxÁ≥üMåGIYQïI…xÍïlí÷*’2TÊ‘‡‘Á÷r≠âFZ@O>‚U›ùzxﬂNu£#-£BÜ£UãK@àë¢jú
ïëCM8Dﬁ:DàRå<–U Ä)ŒÖj2-J£dÎƒlÚuízyΩsT/-	ÀŒì≤Ö≥iö∂É"∞S Bu§4¥¢ŸÊ≥ûœG:ıq¥)sM
ç]|–%cRàThUïãXQ„¢º∫úöœ>ß8Å¨9h¢°…dlrìW —Ñ ïÊt«&≥”/^o\≠+ôΩ“‘ ]Üì%K*8§i«äJ¡Ö'SE¨`¡UÆkûMgãSœ‘[=j≤É¢^˘h≤úRY‘lZ“€&[C⁄Ä-ï$Ê±JÀYd-Ä*±,C¿åalBVNÄ∆á^à¥â;*c
%el⁄KxZÚ˜8wàjamö(Ò›ùwÊÈgc≠rçTycb•Â6¢ñÕ'>§,ù0——/D	a©Dº’e0â
‡ﬁa`'S±ñãâ'ƒ¥Ì∆Ω<ÔØ JKx’†ê“π§qÑ&•…ŸŒ1B¿åØåFêbêCjäd–%F©%îŸ26Fß@–ƒµ<≠Â‰Ù3Æô¶,∏ú-bŸ_: ¢í©&¢LA+HÙ'dlÊ‘Á≥—∆Ω\mKGd—ÜGZç•5-êe©4§+XÈÕ¨ÛjA"[	HigR±+-Ûm
^_LqÎ=RˆfˆJe«no|∂0™∞a]¨%M	U®±*†Ú±•»µ[U†¨´ñŒ]gèYÛı%sﬂùuK”5’õH[XæbTilJHyz‚í≤≠(“<hÁ∞ïñBYÄ†YâSî)0µçí≥im-§p,»ŸhqXò≈bíºµ…u8µ9Q4é†≤k+'nu€ä§ÏÈöÆllqÂçòÏï„èQ§*AHÇî¨¥ N -eº∫'\ZêπJêö1IqÛ∑â◊n5Í„}ÿ“í≤Úﬁ
Ë6B´* "äEí$1r–¢Ñ*–iIòr∞™l0S±ElëH“ 0¬Y‰Ô.ûÜu—4†G[FÜ∑À£:[°*6%c'BJQ&F…Yœ©œg•çz¯ﬁé©{fî2dU∞À1,‘Bi^«Â6õ6¢◊6≥À¨Û$îí‘ ¬àâ£≈sz%§Ljôè3¶8µûôzÛzÂy\ÎÕÓñ· ≤òCõI à≈VêV≠‰$]L^2¬πlÁ÷y5ü?yÁ≥“ŒΩLkØ7ß65"√DÙû§ƒGÕº∂ZJÄ¶ëÖã#b§
–Gñî¢Åïã+@%§*V®!ÇI∫a#P≈
E≥™ê≥œ“v^ŒjñÚÑivÕvbÃívKi©!≥±é…Lrid2ÄÑ&dR,jHF^πrN…¨,é≤ãù4:ÍÇyù1#ªˆ1ØGë
Ëã ÂémJÀ8Z"äãB¶Ç…¶:2ÍPôHIì(T0	òabu:÷W6ÜI◊=ê“cïû^«£ùRi(√î+ïïñëlí¶4-F»–Bu§jƒ™I+!©=\k⁄∆Á2˜Mh	1K!**ë¢À°)°ì@	XJñ≥gï&∏é¢ç+ÑDM)õyXòƒ∆<ﬁò‚÷z•ÍÕËïÂsß7≤^ë¬	tHÜÄ$ÑJñSz∞≤àQLäFñ¬4≠a\∑<⁄œ&ßÚ›∆˝\n˘LÁ†TR6OD/õE BƒÍheeöF≈í¨¥ä≈e4†bëZ1;%\⁄4T–∞
è@ç FçLc-Û{%çûNÛ≈©Ÿ/\≤NMHo2êC™k≥i+:Êª3bcJ∂™VàhÚ2Ë∆†#)S¨0	^ŸJJ≈X‘5ï&òa•JÁ≥ ÈÑ;Òø[Ù1§9Î™++4rÍtK∆Ö±)IŸ; B®tÂr`Uå!2ÖQÑÑâ‘Ù)Yi£g.àT âŸ‰Ôz’C[+´-"˘- a*JÄ∆¥öîù"%ú⁄úˆ{◊∑ç∆-/d’#$âQkF4t)Ñ¶ÑN]Iq:MfW<öÜ\sÍ Ú–bHö4W6Ú±!©è7¶8ıûπz≥z%2ì£7∂^ëäQ‰ta…,QDµ`K8òÇÿ	fÜV#\zúöœ i›õÌc}˘“ßí≥ jUHËäÀïT»  ï¢dlûàíW/îî¢aL£$µ9u¨¥&x°IMJ†Ç©ØNö⁄^Ã—^vÛÊo"=Î¢#g&ß6§lí+izÒ•D≥™^ÏÍIö–ñ¢YjyŸì¨:Hùî*≥"4ΩP∂JÇÕ%§‰[
VWYW>ßìº!Ë„~¶5◊çU”V:9ÏËñP)££Kd¨Á#e˘TAGPj¬´E•¨••`*µÜBNŒ-©+<ç‡ûétÛS£Tç ™Îl¨aA%©:MH-MN[9¨ıÒØoîZ[ÀX©#ú°å:õí*¶qößI.óYÊπ‚‘iXÁ‘AÂ∞ƒZ4[7¢V&Q£ÃÈé=g≤^ÃﬁôL§ËÕÎó†%ç,£úùP•H…`™¡-TM,Âëù)SA))9Îãy„÷Rªs}lÎø:XÁ‘ÊD∞R'B^Öº4†∞Å)+¬≤:Il<"±“\Dô• D‘Á©U"àÇ¥:º≥≤4î—Xh√”ö)ùuJ«ô¨ÒÍF©ñ5R6rÔ<öúˆ
$ï„ß4ãgVovu$-4-Ä¨1*§4í®R™ƒjH≈	îã*$Ë,“ZMÜ--Tu<ù·OGÙ±ÆúiÅUÅ+ù#ë≤≤à†'P•≤vAcc ¿ ∆U!R	'Q±ÀKÖï§%R*V.JŒ=¨aHŸ„oz9”MNò¨bπ:Ÿz2aàöé¢PÄ2jQk$ı8ÏÁ≥÷∆Ωºm#¢ZJÒRD)Ñ¥¢ƒ°≠P	œIZU5â©«sÁÈãD©)‰ºµ9ÎñÃ[:¥:≠çì”öœdΩŸΩ2“WãMt≈óC,‚î•@°Ö)5ÃÁNzah"ö(§Âπ·‹ïu«ßçz9’#áSûƒD
ïÄ¶uus#A0§√ö\M%§Ï#B,ÍívK—∂(“îùê‘ïtf’gs:⁄\±‘ùÑ¥¥Õ™≈Wß:ßù¨∞Ú±ﬂùVH\ÚÓrYÀ¢öêhÈî¿:eÏÕùç-UEG	–‰+û¿tKí$®à$§U•îçì≤F∞≠r©œP≥ÀﬁËg~é5’ãU÷2ôiÇN∆
ò&Ö!§uê)$≈)¬ AR4¶∞≤%ê°Vç4,Z’1
ãEEÆJ’HQ\¯€√ÀËÁN®9He§1yo+"d¨ï(¿U∞I©≠dììRzÿ◊∑çàÈñÛI!§¢¢ïä¬V≤í··ï‚Ü≤(ÛS»Íq\ÒiéòCUbÚ⁄N}<›E)ùZEïÜ&y=1«¨ˆK›õ’-Â§Zj—U√£K¢D∆%8¿ –‚”C á2s÷ï»Í[9µ.Ω¯ΩR–§F£d—D“u$bπ’UëGåc
c
):0X¬âdÄZ:e¥-≤ARA:ÆUÆ[ôSE≥kV°KeeÈç,”ãÀ‘∏Û5<˝FNπ£ ÓŒ™ú˜<[úñsh¶°yZyz≥EÜZÆÑ≥ôHruœbïî"§¬)HÈö$âí‘ùämïŒjÊ≥Àﬁ1ÈÁ~ñ5—äÍöîñí÷+
J L0–á6í÷Aâ¢Q5Ã,:±•JS ITÍÒ¶ïƒ¶©äTºV	:çê9ÏÒ∫b≤˙9”ò†U£ñ“–TC'dÈF2•â"“ãIdìüRzÿ◊µçàÈó¶jRT‘∂V'FÀÀäC-‚¢Y¥“≤zúó<¢
KŸ%ûV‚ŒØXÿ@y]1«¨ıÀ›õ◊/D∂ñ≤÷2Õ:JJ±0LïRò∆)™Öeîs$®§àò":ïó≥7Æh§“ …:ÖLÖú‘©UÈŒÆ√ IãJàa•™…!©%ÚÈñUûŒ}#ec≤V9Ïç¥∑îë©ì≤±”4	!´Êıfö·‘Û5ñÆåﬁÃ–∫iìíÁáSóR4É±HbŸΩ1*§∑îD¨Ä,TÏQÂä
¿§≤h••ÏŒ´	Q%d,ZesöπÏÛ7åzôﬂßç_*YE¨∑ä¬G&ßJ‡√ÜPKSöÊuÄAa0GWå±©°âbñîÕ*Jƒ¢NÅS¢- ë='4)OxË_C:¨1C(Ç:ºRRS$â¶2·,YíÅ4ùú˙úˆz∏◊≥çòÈó¢jaì
Æú∫hJ5XbêÀh∞ñAñjÇŸNKûxq À”8ÏÛ∑Æu’º÷†ßï”Zœ\ΩπΩ“ÙKim-!VIr≤¥)Ü"J©J)ÜáúyeE•£b"TÍHÚ˙9æå—N[&V,%J†sŸ
BÙfê£è ÄJ±†T¨S\-âID¶Vó¶(sÍrT,1–µçäR/)àW>Ñ¨óä Àâ#y”ú:ûn≥éâz%Èî
ù”Y8nxu9µ'XuòJètf÷%•eæhàÿ+ C [0eÖí¢5M  [”/~5HJRVB»—†W'!R≥Àﬁ1Èg~û5’ãñVV[Kh¨!À©–∏h$Â‘ï R5ò $áÇ¨çíL-â†/ö”SIX¥D†9—ÉHCïÇsÍxõ«DæéuS]¨Tx2‡"òB∫PUPXí%%)4ïê‘çûû5Ìcf/-Ê§d!ñ©œ†ÜÖ°Tá)≠&í©µHk#©…g%Ä&¨Ω%§‚‘Û¥#ÊﬁW!F(§Úzs·÷z•ÌÕÌó¶[KyZ&™ù%h&≠®QHJ-î¿ß6d¨ZHùB…Î3
ﬁ=,Î¨TÁ©Ñ I‘™’ôt)í•eâŒ¢Zàà—*çôI+®çãÊìW=FÃR‘ï)¨2°]Nú€C´≠
ºZœ£≈Ê∫"ëYgBŒ¸—Zú«6àa’BZW-M)5yLJƒ†(©Ö†0I±kF¡s]ŸØHJƒ9µÃ6m":Jºù„ñuÈg]x¶XWFVZ≈Hú÷t)Ç Æ≤zäë•!ÇMqXxJ4“-®"OD∞≠*TD∞“6^:≥Iœ¢ìä«ßâºtÀÈÁTï)‡àÖ"í±"A1VUë'IbRHjBœWˆ±¥áñ≥JÜöZë±∆&
§Z
–Ê®Ÿ
Yi…ÍsYÀbé Nân‰≥áF6íπ:§¥É^GN|:œTΩπΩíÙKyo+ƒ◊%ÜóA54
çÁ"éQ¶çT6D,ùùsŸîWãKYzVê÷)
%DJxÎWÑ0ÊñD´ñ∞,A∆âW=ö◊&ãJ8˘V-,jëßä
j,Æ<ôfNútæmÂjSE≥°©„tœüºﬂ/CËñ∞añ4,Ù3Dqjy€«>ì¨RR¥2¥X C5u0â©DZ"KRvÅa,iz%ÏÕ¨N¢5i^%§k»ﬁ1ÈÁ^ñu—ãIc]9µWë…ê≤Íc–AR‘öNî	!Ih1*4QÂ4ÑÏñ§ ≈%2VjS «DÆBÅ8™Ù∆8µüxÍÕıs™,ËÑò•"±IXëï¡TÑUIë≤tñ *iœ©=Lkÿ∆Âñ≥E5§∑`ÿ†¶ãCVáBŒz¨∑â‹Œ•© %òAŒ©jM9lÂ¶jí≤NØùtD5<nú¯µû…{3{%º∂ñ≤ºd°•–F1´ûë#JöWVÉTäDóíƒ±js§Ïy´ïF¨If'Yo/P†Gá19P¬Ä√òuxçú∫Ä®Ea‚êWõSèQc†¥ù`”Ê∞¿àÒX†ÍWIYk/ô”?=◊ú¨ı˘Ô“≈¨”Fçâ^ÜtáYÛı9˜î2÷ZF*l“VÅìgUîâc+"DÄaâXöâ@QKYzÛ™D¨êlQil2≤…9¥ÚwÇzy◊•çtb÷YWD∂aHŸ“∫√Cπı"ãY
A†mccK+RH‘u6√©Rìä4ZZ≠,§‚÷|]„´7÷Œ™∞Ã"ë‚–“Éc†M2É9Ív-à%"sÍsŸÍc^∆78§ΩZAD¨Ω &òz‘"ê	- í®Y*ºΩ0ó3©ÍDK$«L¥"úF®¥ñô¨NØ/\rY·tÁ≈ºˆK€õ’/Dµï•1EÈJ	)äuÀSIPGï‘¡¶áàØ5ãdu9	\±”5y@Ä≤ëIp†§±( ¢µï‡£ñÜU√Bì0√å¶9ny¥R≈¡å%rÈÀe"Ö#-<VZS+(±Vëi´ßßâº˘=1xˆπÔ“≈v¥aàY:Ùs§NgÉr QZÊ÷0%%*cÿ3™ÀÖFWL
HY-eh™àtKYz≥ßàÿÅ±
T*¬'ûVOO:ÙπÎØ6≤ Ø-):WBòxakõSùä)ôX-!VV54îïÖ©Ÿ5mBJß@à’K<Æ)H–≈•5√¨¯ª«foØùQyR¥´Xx¨RP`Ñ∏∂s"+B4ñ-ìë9ı9¨ı1ØgÚıMiò¨Ω"«2j≠jX¨Lö⁄œP±jπΩjMD‘TB4i„¶^àÖx÷-éØ-sh)EÍé[<.ò‡ﬁ:ÂÓÕÍñÚ“Wï·◊§¨#LùNë!Hå<≠.°ú±±5ûzÁπRÎ—ù<•ùÄ§µçR—,ôHZù √óéÇí†ê√(C¢Œπ.`qá	*BuŒÇ B©SáóQÒh#À0ó¢^}O¶yµé:¥{\ıÈcL°B9'gvt´√¨o<˙âf^å≠*îÄ†{uL≠+
ä §éMIk)EL®¶u›ö—œSG'ZN¬¥&qjy{∆=,Î”ÁÆºﬁâgefÄb¢‘Èï•	áÇJπÏÁ‘PMÆpA—É!(	Q±•¨T¥ß=2X∆ñÄNâZ+áYÒ˙g∑7ÿ∆ú„9¥@ïÉ-"“π0,M9µkBFƒ•§§DNk9¨ÙÛØgY{e–(≠¢‰‰àjÄ†<Dö‹—œ\÷%ug]Rk%©-EI	@¨tÀxÊØ#RV*“^º⁄ë
‘Kü¶8.zÂÓó¶ZKYm-"ãrê—Ä!0V•Nzê≈!‚vÃiBB»jF‰-GöiYù†ºV'djT*ë:Öò#ENâj√+aDÑ)Sç5sk++ö√m äex¬s¢/2¨´:Úzgùqk8ˆ9Î‘∆´(TJ≤VvgAx5ûÊàÖnW4îå ¬é≥/-!LÖ#Râ®◊≥-d≈Û}Íá1$•ú˙6kDı2÷%\∫ûNÒ´‘ÁØOÍÕÆl¨u —A	ÍuCÀ0œg6†LK']1I@'°Ç∞L%JÕ/D1*QN]
9á)uf‘ ÑÆg ÈûÃﬂW©üI<≠ä ¬X±;9µz`f≠ë≤bTÈlTÊ≥öœG7⁄∆Ã∑óØ:¬£[h©4ò√P-LQÕ	S®ûî∑ìYIjI'\¶+/\V^;<≠Hÿí˜Â’/*ëYÚz„ÇÁ≤^Ïﬁâm-ñ“÷
πh®–ÑIöí±ŒâN<4®%4FŒK#¨©E¢º§X“PùQo%bT©®K∞Pñ:"™“ËG]Ç"bU%≈,!äeg"Fòr`(å¢\Vë-,V/L4¨sŸÁo1∞+◊ü¨Ãı±ØSº≠,–í±4ÎŒÑúZœ‰ÏäØï°‡ÆP
Z)*Ä%G ¢¬‘·‘Ü≤¥„®Fãg^Ü5IyÏö5sÍRZ¬Péßâ”ûÆ5Ècwóß6)E*ÒEôNà1ÇÂ÷sYÀf¢!2V^-@µ*	Ö Fì≠/Dπ#XCõSPá,#ª6§≈Y'ÛÊÔ=ôæû4ƒjt£J√Eb≤ë	:IŸ…®áL£6vNƒ'R•∞÷s‹˙ææ6ÚˆfıMê÷ﬁ+`0A(ùLa@&æ¥∂íVKRZëI‘ V^ò§º÷yúˆ§æÜ]rÚT•‹˘q√s◊/vmÂ¥∑^âm§§8–§DNÅZ†` ï!lÇrÎ!HV° BYjùì’5çâ@	äóäé£5Gã ¢”"¢‘âT¿ µïàá†§^Nê¨Th¢‚ê÷Òú7)¨’L´©ÂÎ(zò◊•ùtÊ¥≤@KRu€ù	9µû-…YµLZWÜÜñÜ&j°Â@T"Ä—émNN}ejÉ™#EsØG¨∞≤i´üPÀQLZ	-OxïûÆ5ËÁuÕÍñiIYkYúöñç8JJ,„≥ö√DQ	ŸH¨Q*tå ¶+djíÙJâ
QéME•Ü(`«°õRB¨SÉyÛ∑ûºﬂCƒ4)+áï@)Rƒ,Â‘«Dß6vJ…âR§±N{9ıüC7’∆ﬂ7Æ^ÃË§ÉoDZà\)*PìK}y^HŸ-f+J%¨<∞≥À‘ÂB∑_C.©`ITÖû?N~~ÛŸõ›õyjµé©Æòu¡ä√"ï:TÖ(„¬¬◊-Hçãc †ß íe°äïÜP*ÄN•Ib"9–µåL∂À°@)ëU√≈≤Núa	Ñ`ÜR<<5cV(¨úy˚ì:ôJ¬Á…ﬁQ=Loø:Ëö¶bP±4Ì∆öNmgárW:Çò™Ï⁄ïÜ	÷+Paáà–mN=N}fTG\èŒªÒ™K+≈Nm“54[&SÁ˙bvzXﬂvu\ﬁ©P¥QkYßïêJ≈5qYG Å!aäJ†—E´ & „‘,2⁄\í¨T‚‘ïN0„π¥B'ÒÊÔ=Y◊•ù!œ@†ÚºVZ0)áÄsŸZZÊ°-e≤U:ôÕsNÏﬂWûŸ{3Æ‹“í¶:e§-ä LN¶âeg™≠$ÏÜ≥œR±àQWÜñVpjs&^ïÓÀ™T&®sŸ·tÁÁo=yΩŸΩŸk3WÜU¥4@êÂijIX`¨·,Â‘äeu âÿ(
±ãpd¡§&Ní…ìDF∂—E—Im-£¢Rj	+ -<<e¿'g6¶∞êÂyJ-,Z®àVëE•úvyZÃk¶:f˙∫œèº¢zÿﬂvuy™f+ñƒ‘Ì∆©öœ‚\µ*ò*“ıd·	0†e–Ê¨N¬TlÊ‘Ê÷yÈGZ•≥mùwf¥∞πJ…Õ¢”¡)Õ"Í|ˇ LJœGÓŒ©õ”(*RZ≈D9¥§ã+`∆Æk'®@(N{(ØZ&´HÑ©G°bÀIJ
báë©¶IHÍÕ°Ö$qt«ù¨ıg^¶tJRÖ%§RRaÜ1"í≥óß5H‹ŒßdÍU#öÁõSø7”Á∂^ÏÎª5RT≈Â¥-ä`L%Haç±÷'§<FÊsY;,º¥ÜÜï,„‘Á–Ω˘Ω0Y≥Á˙sÛ7ûºﬁ‹ﬁÖÍñ“÷Z@r™—1G)Js¢ò*±
çœ>¶Z∆TJD*tFBbÖ" †(ÇY!l““:%Ëñ±EsIY:q„@1™ñ@ Ä2⁄R*-bÂ!·-VÑ5<Æòâyz≥ze`w>?L)Ïsﬂ£ù^h»a+ìyïù∏’•‚‹‡ﬁV∆Ö¶+/v.©ÿ™
EóPXÅTös‹ÛÓB»“^^å´/v4—Õ©:sË £Õ¨§ûßÅ”	^ñ5€ùRkß%GZEêj∫MXqA.Ij%çYÿñB∞“–"ò†¿H‘∆§∆YyRzÃkó:s´H Nº˝ÁŒ÷z≥}LË«6ä8Ú⁄ôh:8	W=í∞ùˆÊ°Öê‘Bu9µ9¨ÙqØS:I{eÓŒÄâ¢—uRzÑhipÑ√N©DÜù““!sœ§,K*∞ö≥≥óR"ñ^ÏﬁòP,Œ[<ú¸›ÁØ7∑7°zey^WÄ)BäƒÃt)ëÀd(
Ã¬Tl≈ H%%aäâ‘∂0—©E‡$dºΩY¥ï ´Çö–ÇÉE%fÉ.0`™ Ea äItØdl·÷a•¨ﬁô´e©N+ü'¶ÏsﬂßùtM	4-qo0≥ª¨ºõû~Û;)ËºΩ¯´P±†+è\dÇeRiÕs…Y:ò«D∑ ≤˜„UâjF¢ú˙(QÀÊ⁄U#©‡Ù¿=,Î≥:¨◊VHîWáWÖ9Í®ä„à,πRvRXŸœbP4ÆP¿	åí©éS"ÀÃ¢ …YÕf(§§uÁWDJÛ˜ü7YÈÕÙsßâË°^ò¨,°hq®Ÿ+	yzsA ê‘ô:çú˙ê≥—∆ΩLÍk’/f5AP≈¢ã3üQÍ–“®±á™)œß°+«=ú˙Ã©Q÷ ±÷≤¥%úöí&Q{so°œgÅ”üõºˆfˆf’m+E&´ ≈B¨aéÇÑƒE§âT,Ê(e∆©ë4çÄ"àTyjJöBñ∆ip√ ƒQ
óäÀ•u∞HâeSI™–±
ôï‡FUd®Gáàjq\ähËöæm`‘ékü#¶Pˆ9Î’Œ∫&¥CÉyÂ≥ªººªœüº»qÜRS7≥4Tl1î£E„.MS9ÏÀî$.yı#Ib—)/F]˙X’eÖí‘ë…©r±◊õ—*'ßÅ”%=kÆjπ◊LL°H¢÷&Fô&Æ0ÜåOPYXiag=âZ2‡ÜÃÑ E§¶äE@@ÀH6rÍsRîåPÏŒ∫alô‡÷|Õ‚Û}¯µ'Jbã◊ï£JR‘ívUzsfE#dÏJô=N{!g°ùzY‘ÂÍó∑6˘(≈T®%*–eAF,8!É\ıÍ√«-ú⁄Ã©´"6Um+ƒ¨Â‘P^ú◊àÖI>sß?#yÍÕÎÕ≤÷[EÊûä.	R·"dçA#PD[D’l PRE“6(ÀÀââHì±e¨¥T/-%(Îypi∞†QE••2 √J¶4≈hähx†ú∂%éjio-Ûo)≤5œë”({ıÎgWöh…#œﬁyÏÙ1Æôywü7yàFX¶oVj‘ÏhÀê≈W@]`ë0ÚÂ)û}IRŸ1j≤Ùe’/£çVXY*K95#X¥vfıf¢pn|ˇ LîÙÒÆô™g]— 1h™“&B≤pàh$u CÀ;9Ïù*L-å`ãDhùF©8Ç≠cW6ß2-£ø:±;%RÆü+xºﬂvk¬–	Yz≤º®∂Å!c≠•“vMêû§,Á≥–ŒΩLÍRÙKŸõ|àFYãR≤É¿R≈ä5:Ùr°…g6§ÆT¢°FZÊ“ÊﬁAIo-!DjM>_Ø?yÍó£6≤ﬁ[À”-†,“ÂT°cI*SóSï#B,”ƒ…RŸÜ%íÄ¨R
Q	ÿL§§¥12≤ﬁ)+ñÄ¶IìAH0E§∞*‘êè+ÑBT£Àh’%•söπuú50âñ“ÙfıJ	ú∫œè”=åk’∆≠+ Ñ¨‚÷e^û5X„‘Ûwò\≤∫“§Ω´IcBòu§5(–ÛXsÎ3©‘ÏK*ΩY¥ó–Œ≠î¨ïÄÊ±4Pù9vÀI|˝OôÎåzúı÷µó∂^Q‚“‘ifú¥lh0WQHYJ≈U§Ï#Üî!∆0ÑÏe¥Prd´ˆCQ@®V;ÒhDñ¢Y≈sÂÓtKËcNNÅãfıKYZ¢ïÇHé°+öIXî§≈≤vsÍBŒ¸Î“∆î¥◊Nm°ÜB4Åhc§Æ1aƒ;"ß5ú∫ìπQ◊˙ôz3kíW>≤ïiz3ZñÑOñÎœƒﬁ:%æm•Ëó¶^âmQ(UH8È:ÖúVrò¨∂ïås‘l≈	Ä Ä0AJ!0YÜRh∆ÈÕº§≈"≤Ä–Dê µåïD%e¨¨ÑùNü6í∫!+5DÜúñN èQB∂óß7¶Q*úöœç”úÎÿ∆ΩLj≤“U#g≤ïÍcMZûvÛí¥Z√≠"Ÿ´S±‚bZF@#“ö$ÏÊ÷Rí•bX"À◊ö“ˆg]9*J≈T‘ùê§-ó|ΩRÚW ı¬ŸÍÛ◊Z“^©b^+-,ìä©c∆â¨ËUb6sÍZ*≥$ì≥hJ∆å
ô;(∑ÇPSò°UÁ≤4E%•cØ±":í≥èYÛ˜:3}jÑË¶o\µî√F'ZïÇLñ†)ö¬X¥Ñƒ±lÊ‘Ê≥ª:ÙÒ°öËñ±AÃ)*J–FÄ)ÆRﬁXÂNMe,#™úˆeÎñ˘Fπ5ûzÈó´6∞iB2ÛßÀı«ãºtKl€K”/\∑ñê!\1óXlùúvq¢-%¥¨¥@B¢Ç™P√C™äb6LdãH L_7¢+X§VhX¢&%(*HJ%D@≠bãåaÜ'J<s◊.≥¨y^òƒäE•ËÕËQ ‚‹ÒwŒuÎ„^Æ5Yicg≥:ÙÒ¶óãY·ﬁyÆrŸo4¥ï)·V)Rô—ÂBê—e¢…8ıô“‘Ïù˘u ÚÙeyXPP≥èR%#∫^‹‘≥Â:‚uÍc]ô≠/D≤:¢Íc,ìé®ådïj≤.ëNÇ≤¬Œ{Ç`
A§) ¡Ài9¥ùt¥uf÷Y÷cg.≥¡©—/£çPJ	ñπΩ2÷VÉ Z[D‘ï;R\îô;ŒmN[;sØSûµS:Íñ≤’A*bPåZh¢∞\qèR*sß&≥; §lUÏÕËà:œùrıÊ⁄¶9ñ	Ûq„o2ﬂ6íÙK’/DØJ´%í‘ÁNK&Ø-%%T§Ñ©†*\ Ú∞NjK%båP&4(¥≈
eXhj°Yi5¨ÅêàãKS§í≈Ií§VL W–+óSâŒ©k*–àR-/FoL†SÉsƒﬂ4Ø_ÙÒ´ÀHÀ;8µò◊•ç4ºzœÛñZ≠aÉ-%ïM+fï)ù\„	R)VXß≥*Z[%JuerŸ≠++ó9¨‰‘Ö<uÀŸöÈÚù±
ı±Æ‹R∑ñGTUZ
≈9Ü≥
 î£»ö¢(ºÈÕ©ÜåaE0√òù EE∞– ÚCD¶Ö%•‚˘Ø,àÎ1≤pnueÈcMR§L∑ÕËñ“¥, RŸ !©‘¨h¨™%Ç∞Ñ¨ùúöú÷wÁ^ü=j¶uŸ-e™8§j$ÎF
r≤êT√û¥94Á÷c`
íTºÍÒ·÷xk•z≥o)±f|œ^~6ÒŸ-≥i-Ûzï•ud!S-≤W1≥é…€|÷ï
ùì'bÖX±† „&- W0ñRä¿¨9*Pç)ö„√—)ñDl`ì©Ÿ$Â 'eeËï·⁄¿P¨	E«ûnÛìª:Ïï÷DnVîx¥Ω9◊TZÛ∑üxJı±ØGæmUÑÆfVzò–é-gár7-ma•ríº±≤e`àVZÆLÅ@ñLx≥Díqk1•©Y;^ò§∂4%h°◊õ“≤N+#£ùˆÁUOìÈœóOkûΩ’+58Ë^Q 5àNí2D≈’àY§0∆©LTx†äö†*Ui)émD0™E•—:ùÄé≥ÁnuÊ˙X–®\Å•ËñŸ¥S ’¨DZUJùÜ-*Y‘∆#d¨‰‘Â≥–ÕıqπîŒª¶´îÁ®í¢4≠¢†&9ÍCàKYï»V#†:¶ØîlÊπ„¢Ω2ﬁVLQfI>cØ?yÎñπµñÚ⁄ZKed([ûmI¶\¥ñëÜ:#KbÖ[+K%©¢vNê[ïÆ`Xjk∞¬÷Gä[L⁄0Ú≠àÇR-sÍJÃVVARD[GL’TB–évE:±…¨˘zì≥´7–≈ÈR≤!©;§^^¨Î™-y€œÖºNΩlk—∆∫%¨¨%qk2≥—∆åqk<ìπ÷ò§¥ä,Ñ*KY]ƒQ(≤4Uß8ıòTlçãUó¶V%*4tÀ›)8ÏÜî:s{3≠g tÁÕ^Œ5ÈgX|‹8Í–Í©:bD¨Z√√ƒ,ZyXïëπ ∂añÜLJñå1´r“¥Dùé4Ø˙ë¢-.IãXÜ≥Êo=9Ω˘—©Y•§_6ÛT@´X®¥ë:KYV»†¶ë'g&ß%ù¯æû6ï|Î∫h@GDë;ê<’Ü •K∆ùcŸÕ†k2∞ÜÁ”9’â$ny®ØDµï”≤9”Ê∫sÒ˜ûïæm%¥ØöËãå)R≤Y\I^*≥≤e°™‡Hæme≈H€!`5B»ÿ†P<&äóñÇ¡)òhàsŸœ®KEâT–åµÕπ—4Ö∞ä!2ñ-pŸ¡¨ÀRôΩôΩπ◊D°e©%bïãMufı “)ÁÓx]9 Ωlk—∆∫%¨0µ«©;Ò™G≥¡πE^Z√´BÄ`¥∂ïítÅ\sÿ≤“U≥éÁüR
V:fûådrÛ]ππ9µ%a^¨ﬁÏÍV|ØN|÷{xﬂßù˘™0T√ÆI—  lb≤îÊ§±óDÏÖ à†u°ë*v(Éò√Õ$	£ïsÈ*¡ ±ip®¥ß>≥Êo=2˜gJJ«ó¢+õ—4L)ã	HäJ§ò¨£R¥E©Ÿ4Â≥óSø“∆Áo^o\“FëÕ´4íNƒ[´àÜåj¿=º€
sk0≤°á9¥S´:Ë$ëπÁ™-e§¥B*ÛOúÈœ∆ﬁzV˘µñ≤“-5”ûπ’,5b´D§ØJú‘ …Rã\∫3z•¨2ã!o=úˆL59ÏòÀq48aG).5<(É!®◊5àT¨jí§tK—-•Jô’XÃ8ı87òî+/^o^meEñ§¨ùäV-5—õŸ)êûNrØWÙÒÆâk-qÍBŒ‹j±À¨nsÍ ——-a’‡
G:%¥π%H4Æsÿ®ÍÚŒŒ;òÍB•Ke#¶j∞¡á)/Vj§u%a^¨ﬁ¸Í6|ØN|ˆ{òﬂßù)’öBMV,¨ì1tRÖe÷q‘Ï¢ºJŒ[ôp ‡I“ÿ†[Ä0KâìL8Òœ§Î≈e`"‘ŒmgÃﬁz•ÏŒîïè/\[7¢jëÄ(bÇ÷∞®&Q©ùajvM9ÏÁ‘Ô≈ÙÒπ[’õ—4!§qu`äâbîñ™Eq°CL€Õ°3üYçå<4•ËñIûz≤º”EPì^aSÁzÛÒ7ûôz≥i-eiz%ÍäÇrW%≤:V=ò0Îí6c+GBıÂ’õ”-fàöÃHŸ
ÇJçJ»‘É%X¥µÇÇ2Ä£ 4K!SÇ%b≤ÙfÙÀ—+©í≥#∆
∆ŒK97%®J√ÊıK’5LŸí‘ïì≥äÕ_7™∏u<.ú„g´ç˙ò◊L¥å
‰‘ÇvÁUé}gœ‹Á‘A¢Ú⁄^0ÇÄ'L∂ó≤#ÀhÖãNb'.≥œd¥ïäR^‹€ÀaídËóÕ¨≤D‘ùÜ^©zÛ©ŸÚ˝9ÛŸÓc~ñt¨⁄éº‚EîHÉBîÜUÆ;î™Jƒ¨Â≤#"§ËX¶,∂Üá©ïÄ"JåRYjJÄ@,RVL+ìYÚ˜ûô{Û†B«ó™:3z≥ßS5 Ÿàê±FT≤I:¢Y4çúˆz9æ¶w3¢jŸ–áJDıyQPÿ•%¢„ bêML1ÏÊíD5òÿÜÅ”/L±≥öÊ–∫h≈Pã,IŸÛ}y¯õœTΩYµñ≤º∑ó™ïN4Á:%Ïó/ã`•Ü	Å+yΩ“ıfﬁVYì÷bJ…‘RTD≤U1¢Yi—•√°QçHXÅBzÜ)öÍóß&ïihb ÜpÍqj%å∞”]”4˘®KR6NÃ^-5L€√∆ÆOß9YÍ„~ñ5◊+Fπu%g^5Hé≥ÁÓGP+-·’‡ä(^Z IŸ!‚ë
4‡$rÎ<ˆGIP-ófmÂÈ1:ê≈eÖâbÿ“ﬁ[gKgŒtÁœg∑ç˙ô÷:slU`$úä8†ßGÇ´ßÃÈÂ¨Á≤C0D%Z≈ÎXº=@yIâ§® ‰ÏZ@IJc∏µü'xËó“Œä¬√/DtÊıgXôÜ4
∆≥N…Ågd—ii±sŸÈÊ˙π‹Âº∑öQÑ∑ù&çbñãá0—xp—ı%xùú÷B¡N8^[K4Ê‘Ç]£)*…VñRÛj|œN^?LtMtK’õ—-•°IXùÃ4äRk¢SÖìaÎR^‹ﬁÈzÚ¥EyÙÁ‘[öF§Q§±	’\4<¶( 0ƒ“6N∞E%LîãÕV/5X°	$D¢ä„‘„eh–∞ñï•º∂ïÂBI=H¶Æà¥’3z%h’Áo>/Nhû¶7ﬂçuÕ<*HÁ‹K:s^Y\nJ∆2“,ØÜ  VZ√Upú¡*bI…§ÏÖí∞≠%ºZ: Z†å8‰,ò,e∂me5Û˚ƒ.}¨o’ÕŸù:Yg ¢+"ò©YXúW2≠*≤6Fûpì©Q4éTº ¬àN¶zàT$l*˘9å1éÁ«ﬁ:&ΩÈë:3ÆåÍ—ía)5êP†2i*EùàãJ-IŒ}HYÈc^∂5%ËŒ∫@JDk§¥ó-9◊)©Nÿ¨NŒ[!cVLZ[ âÀ©y™+…Z ≤Új|œN^?L^jÚıÊıÀ”+òëÕs3¶k≠drV- ö Ù¬Ñ|ﬁâz%ÌÀ≤Zƒ¨‡”ìJ%Õ$àRT…ãbT¬¬√GB“
ß=ô5ûKK’-•£QQÜŒ8Ï„RQ/ZÀI^\E#©45’ö¶oL¶ºÕÁ≈ÈÕS’∆˚ÒÆ©™D“g>‰ÏËÕ¨±π·‹ïîZ^)cCPZ@2Ñ√òÊ1@Nm»Xñ2”4ï:#JTÁÆ}EE(ΩY∂î◊œÔ◊>Œ7ÈÊÂÌŒ≤]c"ÆITypu9.ENXì≤6Jû∆•T)
«+Bî–¶UHŸñπ9Ç8áÛ‰Ô3]Ÿ–E.tÁVŒ© √Õ:-k "ì§YŸ4’Ñ©§¨Ê‘Á≥‘∆Ωljk”ùYfM0–¥∞√C)W±—PÑÎÜ&ú⁄ê≥P%©ÆàöpjE+5E!e÷≤ây¨˘û‹º]Ê≈ÛÆòÎöº0ÑâØFZ/úvî¬ŸÇÉ-≥zeÍãÀYlì≥éπı,tAM,4ÊE©TIÿ î5D9]ZY°vrÅ+@ö ïéô´¡ëá$)T[8¨„±Ëå- ≈a≤¥Ø+IÍ*
Èñ˘Zk™SØ/yÒ:s	Í„~Ü5’-%ö%sjsŸ”õias√π;¥∏+RŸV	A%[JaåLÖ©YœI©$X Ö„¢ZE%§-E9ÎõP ™À›õ’,ß>m=nzÙÛ^^ÃÈlπú8EVD†eò5!¨Å"k+!bïîG'X¥L48Ia1ï,çé6m8À4‡ﬁ|Ω„¶k∑:öN∫#ø:ÆuLä-exeLk#QAJN§âX4ùú⁄úˆzX◊´ç"ÙÊÙµhÂ@Ldk_*J‘§¡,ÑÎÑ&ê‘Á∞QS]âÀ© ïö™Ä2Î•§≥≥ÊªrÒwõŒ≠2÷]b ÎŒΩﬁâaß%úˆ)åö„gWó∑6√ÀP§u%Lî»V'=HÊ‘ê√AF@≈%â$#RW:J«Q<µó¶Z® F!≈N=gí∆.†¬T¬Qm)î ƒ—u'Wóß.ôÆ©ZºùÁƒÈÃ'≠ç˙8◊d∫UEÆ=N[:Ûo/=œ‰Ï©IT ÂÚa^	Ae[BG ¢BTÏÖKQñÉlJ«DΩ1”öRzú’d¶^‹Î≤^S√ÈœüO_ûΩL÷óØ:Kö¨9ÖZ¶1ç(§uï%YŸ+1pãD$Ë(√îá!ä
,4VN õ4å0UáyÚ˜éôÆ‹Íi-óvu’çVïLU@©ÅdÍ)®®§Îï%g6§,Ù1ØO|ﬁñîD†‡2Ñ%"“µLÄ"ÖJ:Hë≤6B¿V¶ãMt@N]Nt¨’U Ñîµ	Û}π¯ù1h¥^ZÊπä/\ΩŸ◊l†Ê≥ö»“Ä≈.[KŸïÉ-JR±áT!9Íu…g&¶:3iJaÜÄr ¬Y
K¿ ñhyj∑Õ©E'©≈sÀa[â2UäF:Â ó*N…’#¢^ôÆÃ´,ÏÚ∑ü¶Îc^é7Ÿê*qÈÕgNoFP‹‡‘ïï[dîÉùY”ìB∑1X–∂™ ÉòQπµò‘—ã√¨leæ]rÙÊ§rËöú÷F¬ÑeÍ∆ª%Ê≥ƒÈàŸÏsﬂ©õó£K*†@ò “`1Ö‘Áπ¢Õ&-òaá¢-ìSJ√#ë"Å0	òïH®±Ü	•K95ü/¶zs{f¶ê≤“˜c]Y’açK s-dïì¶2VJíÄvsŸ;¶Ω<kKlﬁô†5î ïl≈bÚ∏<P°xπVF»ÿ*f/5xTÂ‘D¥“¨Çå≥+˘æ‹º>ò¨ZZïîïó–∆Ω)™Ks$+ñ»–PTº<rŸ◊T,a∆‘ 1âàÄƒÍ5≈©œcùX’Ä-U(âÃv@K9Ä(V[KH∆¶ä´[8.x¨'D¥5Nà¥Ü	Ÿ(Ö4≥±IÿîÒYzfª≤º±≥ ﬁ|^ò'≠çz<˜◊ ‘â…ß=ù9∂ ;ú:ê≤ã|ßR(uÁDD+`ñçj$Ãä\öÃ*Â·÷6QoóRﬂ5Hi; úˆ`£ØN5◊/5û/LFœcû˝L’[cIeTäc¶Lc ∫ú∑:ÇÉXÑ¡DqÖ±°…¬≈Ü&(9å D§X√“•úzœóºÙKŸ4©+/=tMRyVƒ¿ÇN…
BVFß@	;!g=ù≥^û4eËÕËöBñP)*X•‚Ú∞ƒ»£1—	Ÿ;!`A+’NmI•&•,™àÍJ¬5€óá”+-"ëi{≥ØRkØ5W§tÁÆ]IÇYè-[ï°Ûg	†F™êVi1,¿ÆtÊ§≤ã|⁄ä1tbD…≥úù25`  +-·’bf™ ¡Ækû'WéÜäJÅå
q°•Ë4itGQ	ÿîÒIzs{ñÚÛ'õºx›2OcûΩk™PjT‰®È’ìÂŒ=IXÚ–ë"á^ta,%Uä¡2Õ& å≤≥õYÁ9Ï≈Ü´/L_6≤°=D©$âXJ9◊no-ûLsŸÏs◊•ù"ÙgR™¶ó ≈edaî¢Äùú∂k2∞÷Làî∆
íË¨ ò`è
!Cò‘0`òa•ùúZœìºÙKŸù-í≤Úˆ„}¥á)*TíÜ +$ÏàE§%d™uÄàú⁄úˆvg^¶u££:Ëöà÷Pb·ñvLºtJF1"`	Bßd@ïí≥û≈	);Æ$úzëFö2•2UAXëÛ]πx}p“RZŒΩk–öÍï°ŒÍ	À\Ù¢ #¶(r≤“Ss“YRÑÃ<±I÷≤bT“#UïÄ4ËÑ-úDÈ¨1©E%%º∑M,âÜÄÅ!d,òJ≠≥VÇ0≈"í∏eyq%bXîÒYoõ‘µóù8uè¶Mz¸ıﬂçuJHúµ:≤Æ\€úöí±ÂqÍŒû¬:Çê·T@ ìA÷Vsk19ÏZ†∆)-‚˘Ø,…Í)ìÙ∂TÈŒªsagÖ”∂z‹ıËÁJ∑öïZFî
íîr™…Ö#g%Ç∆Rò¥E	%1X@	Q¢0–·å5 ¬1Pigg≥‰Ô=RˆgIdlºΩ¯›ÛiRë* ï'd¬
êñJíÄõSöŒÏÎ’ŒÑW:ÈöÄlbáPeïì)ï∆§ƒ±S∂$sŸ!SBc[-bI√©êÌaí™ÉƒœõÌÀ¡Îœó£7—∆Ω<ÍÚ¥T≠∂D9¥ôÑÕ2wÀ‘πDìPtfòçJñ∆ •CLí©†%Z,Qu0aRBçdNm@0`Tƒ	U¥¥…©Ö2v $÷Z…42º§5Ç•§9Exim)9“vBƒ™îñíﬁRä„«Èù^∂5ﬂçuÊÄ“'.íN©k/5œ‰¨y\QåtÊ∞ï•q°•∆¨aÄ(a…W.≤ïœbXU®î ≤ıfº≤§≥&Ä≤‘÷9izq§≥ƒÈœíΩ\o—ÕUælK(0B¢G(1ÄFŒ]E1ÅbÑBT)Äã¥î §!†¢êÊQZ§¿TaÉ	\zû6˘ÙÕvÁS≤VtMwbﬂ:®Ò•ùàYrí#`§ÍvNßJ"N»YÕg•/≥œhØõv§2<9“bTÅñ±H4‚(√ñ;!{#djHc°j†íq‘QÂ¢±DuúP«ÃˆÂÛ˝y‚Û^û5Èc]Y¥ñ•∆I‘Îí±Pf“;eËâ¨LΩYTïàí©XbÀRq
ùö≤öJû*2ΩR#	b≤∂–@ì±@¥^âmñÄF%bìIX8“≤òjùsÿÙ®
JÒä´≈%º∏Á≤6E®<µŒ∫%é„∆ÈîØSÙ±ÆÃ“jörÈ$ÈñíÛ\ÒÓ%å§#ÈÕbb ¿Få∏ 	@äcÆ}eN{'¢¶WGÕÈóªØ:KSSCK=MT+x“WœÙÁ«g©çz9÷[Ê°A•!À4#CÑƒ58Ï,Q¿s–¢÷⁄ ÑÍf	çh“îä≤–†¬œâºtK›ù%ë‘æ5ﬂãi™óÅ,lR“≤ûê'f §ÍvLM&"%ê≥ûœVk‹ÁµîEB“V1sTâkÅX LPÔ…ÍA#dÍc™º´d”ö¢4Q]\pG@ñÌÀÁ˙Û§æÜuÈÁ]X”GDΩ*Ë©-"F±Him/T<IAX¥÷ÅdÏç±D≤≤Ù√‘¢:ë†0Hƒ®•
ï®ƒ(B»°™F]dâQJÀ”-•–• ¶§πÁ±Nà§¢©+A
«YÊ‘bQä´∆--JEeÀÕdlïòrì]Ω!N=Á«ﬁ%^ñ5Ë„]π¥1;9¥â—^kû-IÿU∆ Nå⁄¬ &@¿GW¢≤ùCIŸzíZ^©{Û¶Àû»Y¥x¨£QMTÀ∑:SÊ˙s‚‘ıqØO;—YQjr√¿D0„ÜßÄ Ã0qu:“:D¡ïiÅRä ‘µxxPiX°HZ‡ﬁ|-‚“˜Õ%í≥ß:Ùπi≠§Zë5®–¨œIŸ1(ï;$%%".§,Çzπ◊ªçÈt§⁄(Ä•ù-xiVÄÄ:G)ë‘äJ…‘∆ Í“ŒƒITCÆµ÷Â;r:c∑:Ùs{3ßïã≈•`XµB<Ø-‚∞W(Üä@•≤U*Ú⁄zB%11DâPFjÅ!lJH÷0`R"ZÅãùy¥ï RTHÎ2∞ù9”F/++À¨√PåUkñÖ"ãóû…Ÿ; Ú—zsoõ"qo>FÒ:ÙqØG:ÌÕ©âß6í/^MgÜ…j<¥SYµÄ`¬—ÑP0…U"J(¢§Í:J…≤Uì¶∑ó“Œ©ó5í≥Rï\âS¶À—Œò˘æú¯u=\k”ŒÃRUZèPxcqÇCSé≈ ∞ÑSò]B åØ
%"1IeLh“î 	™¶åTQ•#\zœÅ”ó∂ilK;3ØKñÖ´aVNÊt,ô3 JùííëR6A=<Î‹∆⁄Z Êï„"SîZ0` hì	âàtû¶JGR	Ä‚ç(%SIà
+h≤·cÆ)_/◊óãº˜ÊˆgN¥ä ·ÆåL#KL◊y\“†∞ƒ¨ùJµïãÀH“∂ë≥ö¬Xå∞±D†ò(L≤®"XÂç*j9≠-‚ ¬0¥Ü≥ûßsÜ-)ï‚™»Ao-œ=ÑCZ≈"í∞„ H‘ÏK2÷^â´Â9Œ-Á…ﬁœC:Ô∆˚•∏"Iœ§íÚ’xıûD±Â†‚yµÜÑP!Ü2UH%÷D‘çFƒ#d(ßT,µó–Œ≠ÂjT –â
'°çt9”üß©çzYŸäÊ≠∂ãäPöÅ-N[s"çDSñíÃÇ≠Jö1ieF–∆å
‘¿tòiIÖÀsÛ˝pÀ›ù-â]xæé.öïtErÀ≠»I‹ ∞§êäN•bIId“:úˆzX◊µçºΩ2º≠"Nö∫ °+¢ @)–zŸ:ú©œ`¢9É,Œzö!Ñ¶[≈T:bïÛ›1Âkkl“∂ãKå5Æñ	H¶m%"ñÇÀ!imfBtEÂiXûú∂J¬(+	®£ÊT°œ\»µB£TétÒ|€ ÚÄP  #Hè’‚ä®FπneL)áWäEeaÇ†A,÷$Ui-f∫2Öê8∑ü#x[;ÛÆ‹o∫[Ü&ú˙E++úöú∫âcKQÖvÊ÷4Ò5QLaS-Bπ ¢ÍB•bí≥û±”+/~5Rb\≠r’e¥JŒj’ﬂçtGœÙÁ≈©Èc^ûvÒ|‘∑¢(C4`
%59¨√äà=Pô«If B≠%MUVû–@NÄ‡	–0Ú‡
ûÁÁ:`W°ùïù8◊°äfÖZEihBJÊ4,Q!ƒ%S∞ñ£díú÷zò◊πçº¥ï•¨T	:5x5$Z)*ãR F	c”»‘‰N{âQéjKq/-`€"ÒC√Èè/yºRjÚ“(®ñ)ñÒyA%©YLFπ“ZFÊ&ñÖey\'J√JBƒÜ5sÿ•Â™*sh Ãë©Ñºvg}°0î]II+*Ω÷Qpê∞ï&úöí™ ¿µb≤ÙCR(,∆∞ïÂyzrë
·‘Ú:ÛDÙsÆ‹kÆjÉ¬Y
ä42Ûk<∫ãO-!≈2ˆÂyqÜ$ aT 1Ñ‘Â∞R$™T√EÛ{3i,¨Qu8Ïº’‚w<’éÏÍ≤¯1«¨˙9◊ßœw:%Yl8ÇZVL*¢ ¢js‹Î^%ƒ^K%a0LØ °Ÿ8e#&&0Î*ùóä –@ƒ.~k¶uùíΩhÈÕÔ∆Ù:ºh™™
ùÃjV)áçS%KLÇπísjBœW:˜˘Ï “÷--tïH1éM/öÚ• £=Äöú©œf¢T
H«--íPîñ–mëŸ<.òÚ7ö≈Ê≠WÜ%√ ÁD∑Õ1i^•g-sXÜåØP1é¶V©í≥E
$kûÃV ∂% 
"Níå^^©´‰  (àï:ÁπÖóãÀyk+√ö°RF(M95%VÅI÷)ìJ Ê	¨≈eyi/NR!\Zû7^sOK:Ô∆∫fúhFë4Á÷yuûWá+ŸóD§¿""òp
 	©Õf©§ÍuãAéåﬁ¨◊ï,ÍqŸeºM9®ùπ”K·t«6≥ËÁ^è=‹ËîÀA…àP¥πäà¢ì‘Áπ¥*-0D^k'cc-c F†S+îäÑ5º‰l¨tJaÜ•„÷~w¶BuJıHÙq{Ò±) Òui'R÷a\ˆ!BíÑJàîSW=ú÷sjsŸÎg^ˇ =¥µó¢RâS™AÄsÈ4Æk îc©Ÿê6§R:Ä¿&ÆJ!a©Ö•Q]g]yT˙c ﬁmö°\úÀäó¶(V[JÒá†á5si+6Tñ†öô+$ãNî\J§ò±¨òE®âa	$+¥Ω◊5’ÃbB$ÎöŒ}dùY∂VçiujcA±óHÍ<Æ4Uë‚≤“hÿa+-%¨Ω)
‚‘ÒzÛízy◊v5—5A°,ù*Eé≥…©:iX`ö;szÂ≈a(ì≠†òÜ'©Mµ≤ô7Ø:¨*≠ûMg-Ö 9ﬂõI~s¶9uüK:Ù±´g]ïÇLQJ0ã9jûß-…R*jc*ˆN«0µÇ  4ãÂu¬#ê´#cKH∂Uî	«ßŒÙÊâ‹’
ÀÈb˙’%—0-’‰ïORsY*qÂ¬Tëk$ÍsŸÀ©œg≠ù{‹ˆ“⁄[√C®’cC’:¶Uîà1BßVXû§RzòhëŒµïï®îÖ§4QYa]9PÒzcÕﬁoö©HcZZÀx™⁄)+fë®≥û£dÖ4∂ïÂùs\ŒÕUVâä-ÄsYçd¨ù¿!!e%Ëñ““i‡£©ô!dn@’—ùPcF1Ç>h•≥'.ê≤“ıJÒ#û•`°"”ÀyßEò¨µó¢^åπ…◊.ßã◊ú—ŒΩk¶i∆Ö≤4®–œ.§Ë ∆0—›õ”(&LQ≈0Ë¥±eäa5!bR"÷¶Q%3{s´B®'©À¨¬≠B«°õ•˘ﬁò‰÷}<Î”∆Øù\“É¿(¨å"ŒMìSûÁ.W≤vc ÀX&0X1|¨§öƒ$±“V4¥ä≈ “ô9¥˘Óú¬zQié/ßçVUÖin¥í=HYJ %(*h(YüSûŒ]Nk=\ÎﬂÁ∑ó¢[Fá'P≠Ö%S*J≈(ì%;rë-I	f∞¨¢6:ÇcY"ƒ‘ﬁ:È ±„t«ô”5/-¢í∞„≠‚≤⁄[≠r`¡î≥ö•BÃ$^-)XYëU∂® X∂(√	‘ùÑ#¬TÏö"Ÿz≥£)*HŸÕS∞¡¨VW  açuÑçLË13úï`XÄ(^2ê••u∂oL@ëÀπ‚ÙÁœ^ñuË„]Å‡Y*TiuGYÂ©°Z@†1€ãiTALå £Ai∆R
TMh¢È-õ◊ùZ\k#g&§©ç π€ù7ém=lk÷∆´ñj@™0í¢0IÎ<˙òiQÄÜ®í∞
añ–@)Ç
9V[í©(Ñ©)+Cì2PÖü?◊g£5UhÓÕıyÍ≤òƒ¿∑áâXös§Î
≥2Fí∆F©ú˙ú©ÀπÀg•õÌÛ›f∫•Æn(òÖNîhJA¢Ÿ¥îöaÃ:˜ÂZíÕ`UÖ¶\à*L≤–0†ﬁ+:≤ËóƒÈè+¶j^[Õ±E°im-b´L®4,∞Æ;"ãN1ÜÕ¥4≥“MXúmR);¿Ü …X¥√¡çI`ZÀyd∏¥8%sÀS≤í÷ße%†¿ JCDËπaÑPdô!(í√ÇØñWñ≤ﬁ"DÂ‹Ò:sçzô◊°çtJÖ!,ç"<∫•¨Ú“#ÀAiCπµïEE513 ´ƒÖ0D‘Ööë#¢çWíπΩy’•&≤IÕ®¥C´:	·Ùƒ+⁄∆ΩåjíºA@4∆0£CYÊ‘≈U§§Ñ®“ä"´H& 5>O+¡‘ë àa)GZ&d±+>{ÆŒ˘´ kß’ÁÆâiàïX9¢ƒ’Ç D$-ú‘∂YêÁ‘ÊN=N[;ÂıπÓíˆM€"U1œS•ç¥HT` ≤ıÂ4DKÅZ	Ä¢≈$9RÄX◊ùôtÀ·Ù«ì”Z≠≤Ëó†®Îl€ÇVã≈e1-^k9D∞√é¥ãKXöF‘±P“äP°:Á†Ö$F•©3R4=)+À°ï%#ß>§¨§Ω0Òœdu\x"Ñ°\îùc¡&¿$)®†≠¨<X¨µñ≤¬ƒ9ı<NòÖû∂5ﬂù€#e'5àÜSS÷y¨A’‚t®“ˆÊ⁄Pä Q&8Iò¥*†F©ŸœaÆtïööZ-§¶o^uir:ë±(TIåtgIgáº%{xﬂ±çV ®àx¡(ÁÆ}gìy2ÙEL
ÖLïaRt±es4†6cß5•âbòSTƒ	H%!LTéßŒÙ¿≥“Œ¨†ÈÕı9Î¢[dµ
XcKÉd©@!1,Ê≠eëÍIÕ§-NMgª7’Á∫K€7L®Q&sRiáÇh¨]^§¿1EÆR6ÅÕ`ZFÄ÷e*£ì%/=rŸŸóDæLx˝1U™€.©nPÀ\ﬁÇYµ:Â§≤!g>§ËE"í—\∂h@ì•∞'£ñ —8´üYóH·*tMTî≥M+-E©ôòT“ÂÂ¥†‰≤z0†©≤PQ £ò‡¡îöÖë'UUáãè-%¥≤≤§5<òÖûÆ5ﬂç÷∆^sû…°î“k<ˆ  —:öR^‹€J4§ÖQKAR™vsÿµK5]m%szÛk.Gä[;%`®◊9éåÈ,∑ÖØwˆ1ßáâ¨ë ØcP†±À\öœ6ÚÚÙ≈D'Q©ì¨*N´¨L ùy∑îòZQBÅ#8L1OùÎåûûuyq€õÍÛ’Úçs‘·áï©–÷Ñ%@ùú¥ñ:=E9ÙÅ«©…¨˜f˙‹ˆÚˆMÙ‰¡D!R—Ü+≠íÇh#ÇZƒÉI®®Ë)+ Q*A«1‰ÆzÏÕË<.òÒ˜ä≠•±x§µ]/l	Z[ïXZÃ¨“ºt+¡ï‘X–c&—ôuïíê$Â”áSû√Na° «B÷]*:Çuò$ÏÈó∂j∞ViÀdta„ !,50™¿!£náêï¥HÍNäåâ–VZKyV«9Ï:cõYıqøG¥∏™(4∫ß¨¬îh¬‘éÏ€  öòƒïLäe`√a'g5ç@ih∂íπΩY”ãéäÃãg=s–:s•≥√ﬁœkıq∑áï9aÄ¿•Å«¨«QŒâJ@ùJßJeáZã$i NÃﬁ©X∆13í–<éa*rÓx∆≥‘Œ∫e«nuÏÛ¢SÆA-º8»F	"&©ŸK1¨ïsYìY‰‘ÔÕıq≥õËÕuÊÄ°#P§≤≤®ÒxiEdÏ"¶ñÑÍâc#+ä@TI◊=Tqá9ÍBﬁ<òÚ7äØD∂§¥óCK◊ñí“Ãº÷rX≤Qzs™C¢¢ï-ìEî‘lùêbUÕ©Õ©$bÉ(Ωu2†∞F
©œs…©/πﬂVk®íuœsœ°(0∞£MFrP@ l®â‘Ïïä≠ ©iz3o,Ï«.≥·t«>ßßç˙x’e–È+ëM(#© D9ËùŸ¥ÕQ¨#©&)Ä(√√ÃJŒzƒÏM1il>]9’ãQÆk#d59Ë«Ft©·Ô*û∆7Ígmó≤2¥ ÑE‰éMfzÑº• JííÄI§ä-ÖH“äN©πΩ±ÜôÑåd"T∆äú€œÉº≠û¶uyA€ù{<ËïÑ9)N¨⁄úƒH	Kb“ÿÇY:Öê9uûMN‹ﬂSlﬂNkß5FJ
sÈn™≠É*“Õ*<Ω+ÃE#®ñ0¬å<∫∂F∫aâV,!%°H:c«ﬁ,∂ã+E%uhyo-äfí± ù€5Â‘µ4ôaƒ%YK9¨≈Âxçú⁄Fß`x(ÀizFÑÑ•(÷àÎ<∫ú◊%zÂÍ∆∫exÏÁ≥öç8¬¬é0°ñ\8É åÆ9$óBì‘ï)bcEÂÍÕ≤Û¢∫œã”‘ÙÒØOûÍqÕ§nMØçêπ´BW=∑'ïF ¬à ä9H&ƒ®Ÿ™D¥ò—xx§ugUçT«=ú˙úˆFö^åÅ‚Ô(û∂7ÍguäB+F∞[∆01¢5À¨«sEÂ):Dçe@XÑÜ,µåN≈çPÓÕËÕcR" ! AS(X‰≥¡ÈÖØK:ËÖ:ÛØcùeeY#XÈÕuù —Ö$NÅ4ùNß`∞W=ë9nxı;%ı1∫ÀÈg]®28ß=sY“e%!ÛTç »„Wã/!$û¢ÿ√  bÄ±N©IÕ†:ÑZ√ü;”.ÎX≤ºVWZ≈3J∏¬Ç¿¥µW íœRÜ/HJ πÊ±àº´g6úı4Z¡0“‹§a)F-5+û[%f*tgWó´5¿N»YÀBòx–LL#Pó » -E∫àQ5#Ht
hËóØ6ãŒí8˜ü¶9ÏÙ≥ØOûÏ<∏Ê®‹ÎL1+!r£´¿Æjc≥*Ja’Ä(†	A‡5F∆©“!ã√E#ª:¥-aâúˆOSö»”À’ê<MÂS÷∆˝<Ó—höàa◊¢"Ä"«=qÎ<ªèóX≥ö∞°0Å.¥ÑÃ)sø7ß6ÜR
T4Öã6x]0ïÈÁ]1é¨Î’ÁYYDíß:sYyÓVåa	–$ê©“X,ZÊ≤'5œßlææ7i{sÆú‘ú’≈g@ ≈¢ô≥#Xt®„-!éuí&†±∆B&Õ®àS0i•#Ê˙szbãil<ØñÍãÄÑ#ññ–Ú“RúıÕ`ßZ‰Z,¨Öè/FT#©œ¢X¢àdyZ(<∏!'ßRs\∆«,¥ñπ^k£#J%íÆk%Ä-aO#8Üñ¶&îV;9¥HBtfÙÊ∫≈9´ìyÒ˜ék=k“∆Í<¨B°s´+D¨ç Ö\'-PÓ ≤® 2∞L £hRhF‘Ö5!-$h¥4Z^‹€à ƒŒ{SöŒz¥ΩYc√ﬁVΩ|o–∆û+tkJ Âú«≥«∏Ò@Çßg8¥J√ä1uhâ4‘	Q;≥ze§P¬B@¿MS.]<˝Ox[}|Î¢1ŸõË„O+*IœNvÊ∫Ú\≠<0îÇëH‘®X,ïrYŒBÁóS∫_c¥Ωô◊Fl…£C◊=q‹Ù)RV5)0√óUIÍk(`äD∏Pó*uK™B|ﬂN~LYo-JJ–Úﬁ(®´b#EØL≠õiXDÁ“huêË©:A√$ı!®àÊY+-"Ä2¥Äêî*6E(^[C-%¥µ»RÇ»‘lAá(ïâöû√PSK@à8£g51–8Nåﬁú÷^tÊÆ]Á»ﬁ!g£çz€∂à‘.Vä¥J»ÿ¶«=TÙr¥≤&a’ÑL–¢!SñçL]1Hx¥ΩY∑ôåF¡©…g=V^ºúwï=|o–ŒÑ4:¥5Ä*Kîô2≥…∏bÉÇ°dLV*]N≈1*SØ7¢Z≈J
@ & :-H©t·‘7ë^æuh«vo•ç]c'-9Ëf∫Û\•<0¥°9ë*4ñk%\Vsú˜<⁄ù“˙¯›•ÔÕ∂uhı:ÂπÎR≤4›L0bñ+)IZ—;î—«Ç
ê≤ã  `î["*Næ{¶<çÊ•÷Ÿµá)-e&'Y+-’«ñŸkdì”AEY`±S â®à••É5I^L)E¬äGSûÊ5XÈZÊ∞ÀHæk¬Çí»‘,Uth*©:ƒ´Sç Pè
∏@8!•2r®Îyzs¢sŸõyÒ˜à\˙xﬂ°ù®Ú÷'Q±k#ƒ™6 µá"TÙsk,QL9âòs x÷ñqÍakVÜÜVñ±—õc
A8∑ûZæofmì¿Èê{˜ﬂ*á6≤–ÜRÇìïú∫ú˙òxaHÍIM0ÊÉ¶Ö@ë4Ë^å¨R(¨Bâ°D≈∆F8µ<Â+‘ÕÈöc≥7ª:ZY‘¨uÊ‚6
a£P1Ã'QIÍ@Â‘âÕ©…¨ˆÊ˙¯›eÔÕËŒêD¡°e‡R*Fä√¨…jHh∫ºQ›πûî(8Hã+X§Œ©LäQIS<∏ÚµõóñÚﬂ6–‚“¡5	oWÜSgfs⁄ñB≈—‰¨e»	±k!0Â%i^VÜUE!g.§¨°yoîΩL◊Ößd™6MhçBJâ4·âì*h( Ú∏Ê12du∫2ëT™⁄[ÁDK&ro>6ÒüKÔŒ‘¨∂â‘,J	HZÖí∞‚évÊº°0a@9å4hùú⁄ä
a·’Â¨[5ÃÑò,·ﬁy´£7Ø6©‡tŒ=é{ÔîõiH)L0!ÇD#g6§ı–Çâ®ä1Hh!¬(ÄD∫€*W!X1Ö0¿∂d«ßÖºÆûéo^tÁLΩ8¶Z@ ØNhàÿiÜç@bF±*	NsóRG6ß≥ŸõÎ„uóª7ß:bhÄ5sÎ4àZ!•h∞ ëIZGZNŸ…*û•¢-)êÉ+Qîƒè¶<›Ê—imñ≤–4êÅZ]Bê	ààsŸ:…-ïä ¢…§¨QÇí—i)
•"úVCY%Â©HiAó™/+f™
ùúı+ F):jÄjÅâí**Âbí∞¿$N…Rù:¢RZKik¶rk>'Ls‹˙8ﬂ~vÁD¨sí•πQ„T¨òîÜ0Á^msI¨@ÑC)ï,jK9µZ—XuiiÕpaà¢◊ÛœgNu”-¡Èù∂7ﬂö≈e¨¨(Ü0 )åFŒmIÍ0—å.ÄRFäñì+ (ñR)õQÃ§ê
HÎåPP∞&Æ=OyÍfÙÁDæoD¢VêiYzsV%fßÇN¢ê≥ñπu9u8ıû‹Î”∆⁄^ÏﬁÏÈ≈EπŒmdƒjí‹h¢ËEÖÄ¨YZ=[RNzÜ£
 ¶+-™àK√KÄ™ÇR:x;«õº⁄,Æ<Qk- *Ä™€7¢,≠» qRsÿÉ
:R’'b$¨Z—å9y™ÀH+§e‘Hß%ê÷E<∂áVÜ0´’2ú–ãP≥ûßa0¡ââOQ8aI&Ñeh¨¨0	±+-bw54¥ó¢Z¿§9µü¶9Æ}oª;°”*ú‚R‹Ä¬‘ÏQi bßVm≥XHc ∆≈`°£g>£IMä+ Òl÷ Fàï√º¬ÀÕ^Wì√Îìß=ˆf±yz%aE ·åa@,Ü§5 –·6ÄHà√Äûë) Ï§S6Éòô!äC´éE®¢ÿ+èS»ﬁqÍÊÙÁX¨tJô2÷5î^ú],Ï4·$)Q™UŒê≥û°©4Ê‘‰÷{sØOY{Û{Û™Å*‰95öâF++Aµ!ÂùÑËä´«†ö—'5sXï#≈ÇèWÕl’Eçê∫c…ﬁ.ΩπYLYk)ÜqHºµó≈jïsÍEIj0($í!ç`Z[ÀUx` aàÍqÈIC+√†Ê+ùtKåM9ÏÁ±,e∆ ÇUIXB4¶&6à–≈bä–ï+¬¥ï‘dŸVk¶Zäì^}O|˘¨Ù≥æ¸ËßL™∞≈≥%§Ï-Yµ\ì$0@
0¿Ö†jäsh‚X§óïÉ-·•@â\;œ>•≥™≈Oy«©çı‚íÁFt¿áá ∆& ,ïú€ä4P —âå0§™68ÒÇ∏“êÍ–„"8„JÂB4,√¨˘Œ=<ÎÆS-"–%yi®ΩX4≥∞UBHB§çP≥û»Ÿ"ZëNmNmN‹ﬂSΩ“˜gU
)‰≥ö ¬[4# D:3EÂ¢ëÿLëÆ;!SKì™∫NâxiL*®Á8’è¶<ù‚Îy^-+EÂº§h[@—Y\¡ƒ“B≈Di\¿±HY2ìYáãÁT^Zè%g‰— J¿£ ≈Ck¢R)$Á‘Á±P©	ÿÊ ï¢chçRZ'K®,ym†‘&äÕtÂQIØ6ßçæpØO:Ùs¨óî'bòƒµ%@aAD¶]9µUI∆¨FÜ4
4ƒSóB!å1yJm.1ÇdJ‚ﬁyı+ùR)gç¨ïÙÒÆ‹hï:s¨ÄZA √ ,ùú{ì™E 	¢àäã*◊>£≈"ÉJ¿∆Ç¶ƒ»éXiICTïky∫œìºì“ÕÎöh+\û(≠*’eÏ¬≤Œ…Sò‚Çπ¨Öí≤dµ9”õSüSªıqΩíˆgW2N£g:NîUä´êK’õ©j±hºuiâYÀ©ŒÄË$Du…À¢Â3H“±œVáO¶<éôÈZ –Úºu/D©ô\|ôX!1NdJdQ∆RÄÁ©j
a£º<∫
—o úê‘ËéôL%
)X!\hyÆà"9ı#bÿU°@%fZòl•M@∆ÜSµé1Ãö¥b≠tÊ“yµ<núÂ^û5ËgNP—1)!§®ÑP°”ìÕ*!:`äc –√9ZÇrh¬åaKJQ¢““\ä`òJ„ﬁyı-ù8»÷kû7€)-/Vj0Í(C∞“jÖúœ>ïäÀ:ù@ÑSCW.£À—≠ëå4∏Q	–T—Ö\Ç¶d]O7SÀﬁIÈfıÆîC≠r¨≠	m#ø7¶$s–a0∂BπÏùâdk9µ9¨ÔŒΩloGLΩπ◊B%úı+ïD¬ÇWÅcK◊*c-rÍé–€8çì‘ß8m	ÀR:•yrTÈïéb—T:c«Èõ-•xq„™[¨° 2÷[E ò Æk#f£∞ í®Q4+X®HÀ—-H≥Ám,uÊ€5,ê5:∏¿4¥ó¶\N!P≤ZìBµÖ1¨Ê∞ö1=L4NñÄ`Ä– ¥QÂa…Ÿi*◊Fkƒ¨eÁ≥ƒÈŒ:ûñ5ﬂù—P%"!í:JàE≈NåöPãIM(∞—çc©'.å @b≤∫<RZÀí`WÛœ©lÈ…ßó¨Z_SÓïäÀ—õ2tJKAå)áBŒgñú¥%%IXaCπı)-‡ÇZA•I—äÀÑ•b≈aƒT≤v(ƒÏÚ˜<ÕeœS7•VTÇZ-+ 
πΩ9≤®†H
 ïì≤Jƒ®∂sjsY€5ÍÛ€GlΩ˘’öŒ}M*[«d—®ÂI\ùïó™Y∞≠≤Íé√*πZJúï'o=ì&FúÓ«J∑*ù•eÁ/>{¶<Nò™⁄VÜ-’TP—Õº^V "Y*í°◊`≤d¨
G2<¥ï·≠Q‚ÒX‰‘Û7ï´«fu—+#`±U√…|Í´¢u*ïë≤iE§L÷cû≈:•iabUa+ö≈H¡-bÚﬁUN}H£î≈&∫ehïî#©‚Ô⁄ûé5›ç5<<eZùäb6NâÑ±HæL™Ze∆0–0Åß#d+
Ñ¥•yoíqÔ<⁄îŒ©	sÊk6ó”∆˙Âc¶[Ê• Gîò(@j–µûM9Ïrêµ*"å4ÄFö*`-#bC+òQ—C¢:!K`
sÈ‰Î<î=Lﬁô@3I—)j§ΩYΩ9≤§L0L8)+ù9¨KBπÏÂ≥óS—ŒΩ~{XÓó—Õ…≈a∑Ækökœ◊8jU5•b:ÅzÛXçÄæo\wd&≤§ÍCÄïì$BâËc£úW(ùë–∞/>w¶<>∏¢”"¥é®¨¨Æ´Ây]V≈;&-,Ñh+¨Jß`åÆbí“5j—”õsÉS≈ÈéjÙ≥zÒz¶¨$l iÖ	|ﬁâ\Hòï%bU%rb#R
t√KÕdÍ¢◊%Ñ&≠ãKB'6°LV]’‚ê!©„t«-ù¯◊~tjÄÄZA»Ÿ*∆•bŸ ML†≈)ZÖíîä-%°ëL 
ro<˙èùRœ3Y¥zxﬂ\Æ<Ω"¿£\ò¬“¢‘í:N¡JM0ëA£XH% ex’9 Í‚ä)1«Ç\Ëö
”óO3Y·÷]}ﬁôX9πze¿@:Ùfﬂ4÷êàGK sŸ-D%Q≥ñÁñœ[:ˆ˘ÓkŸùw¬'k{fï|€ŒÕe§¶œc/l¶'b≠#≤=*‘çëH.√ïq‘ãÁN'DtK*§1Û›1‚u≈"í—mï∆VäØ-¢íÇt®µ+¥k%bP ¡ïÕ 5hËÕÁ‘Ò∑ü'y©Ìs◊^uh†	—,@çO-•¥<∫ùF»h®—EK&∞GD†Á§™BYÀFô∏+hh*„G=sYD ≈•¥ñVy1Àg~uﬂçkP Ä»Ñ,ZÉXÖb˘•R≤Ä*„"ò†B8Ñ,ù4 F
ºP2∏c@Ê÷a©ii<Ωfß•çuÕ4l “ëåò¬–%dÈ+Bí‘Za%q‡ÜòX`¿0‡T5ÑiTPú1ÜäÜ¬#ñº˝„ÇòÌó¢Wñ∞ÚﬁPM2ÙÊıd∆1ï¿ì$sjFƒ©úˆsk<µÏ‚˚¸ˆ≥]2ı‰µ√g-5ÆIôù '.:ﬁZBÿä«v]∆PsÍrŸŒúÊ¢P¥-pTÇµã√çïi‡ü?”7\V+-VêGZ√≠" `
í©“XPx‘íTQ¬≠∂4ÚçyªœõºÚY—õÓc]Y’c ùOQ*Q©ÍëY^Wáî≤∆ñÇ"zX™‚U$Õb”+ñ–∞∂–'2sÍ:3O-(Ñ±Vvy[«5ù˘◊ntQ’4-cR§© cRñãÂïXc Ä0¡0AR±(¬8U‡¶ï‘∆	ëÖÕ¨œR“ºNﬂ/X§æéu’öT≈ê2ïc!0Ç¶HÈ*AÃê—GW0iâî4 Ñ&Ç(1Å√k5∂y⁄œåuÊ⁄(∑ñπµÑ%Bö:eËÜ®“∞0§¨Ê‘Á°d„üSñŒ}OkûæãûÙ◊DΩñ∏5òSåLΩLå9Rê≥L	Y{rÍ2°…©…dlÇ
ñî¿¶/-†∆4∫òXz„»ﬁ*ZZ-$#JÂe™º1ÇUÜq5≈Pu∏bU2áD!¡©À¨Ûj@ËÕ˜1Æ¨ÈÖ['dË
ã@uÆi)-!¢u!Ke°SåàQr≈qN{ò§µñ°ëQIœg5å:–|®∂óD¨RZyõƒ,Ì∆ª&ôYå4-)©QlKVlb“à¥  P¡2„"R–å21ï·ÄØ0@8¢êﬁ'UïÑ<Õeó—Œ∫sp“‘ÜR0…Ä≥±S®XãT5RÜÜeC(’å` 2‡òL`–±G
siÁk<TN©m÷Wï	ÿîÒii+ò`¿Z)4Ê‘Á∞T”ûπµòYÓcIÀzk¢[KL£©…©ëŒDU®√öUÉWéâ{2∞ã#ìSû…ŸŒö⁄ 	¢öû
Ùf“5ò§¶¶$x=q‰Ù≈≤“Zè^,Ø+ò(D%RMFW¿DÁ∞éR
Å‡≠âÿJR«§,54Ê:eˆ±Æâ¢(lòïëj51•¥ØWÑ®Y«ïÄ†
à®ú‘¥≈e¥¥1ÜÁÆk	H†““ZöBZûvÒ*ÏŒ∫≥H–Å¶Öà®))LP#õå¡@QB21¨@Rå<`WÍ„F& #¨∆ôkû~ÚÛ]Ÿ◊T∫U‘Ú“∆[0§,ï(*ZÄ¥∫MiXò#J  `h& ¥,¡1·÷xËù÷(Z+ù8ÇR["§p°∏°AH§*: T‚rÎ2≥›Áø§Â∂öËñ≤◊$≥õRc÷pÈ0≠¢á5àt eÂÏÕÏ»¨àöúˆN»◊d◊|÷<˚é-f—L⁄/D4™åµA+¿Îœ»Èá++ïï•rí“h¡E§§a†Ç£dBQR2∞L!á%©√g=å∂âYÒÎgVŒà¥“$√@Á©Ñ™⁄)SS©X®≈ j	Ä¢uÕ@bëY\Mçs—+%e¨∏ö öúÃŒπz%e0°£
%`&D§	E0¡·å1Ö'BL(¡çJ)ì¨áVåd'=F∆VŒ4¢ˆfÙÊ±Ä(<(∆0ãS%X÷-Eu@!™ê"¢–0Få¿#!Ÿ#S
JŒk9,≈V““)ï‡	S£É+écVTrq*ùN…ŸäCQ,˜9ÔËyt§◊TZ[BŸÀ©!é{8,Á∑∑;Ùs¢û^ÒÈïilºvÊıbÂB'6ß=ë≤u—5ËKCÇÁãY§RZÀŸ.ñh√¨_=◊üâ”P§Ø¥ä+∆2(• ïíAD°•#´ÑAC%g≥…®JKXùí+/•ùV
„Yë	ÜîêµÜñ•  MSI“è!§PP"&Çü@8–Ú∏°#Xy0U‚∞UDŒ=ÊgL∂ÜïÕF ÇQ2dù J©ÜR*aÇ4™
@PÖ0L% é¨î\c ∆$çL™ú∂QzÒo.0(≈™1å ï ±*HÖU£ S2–¿1Ç 2Ä£ò!åkTRh’ÄM!\∂≤÷V)ö bÖ^"ÇÅä4ûì©Ÿ"VNÇ{ú˜Ù∫<◊t^Z¬YÀ©ƒ8ÏÜùí˙9÷O'SéÁß5i,§uÁ]ô¥ïIú˙ú∂Fƒ≠-•$ÏK,_*/Ft	£)"ä=|˜^~\P§8““Z!0 -c4I'Y5C++ SùúñrÔ(<<Æ%"R^π™A1åÇê¿îCîîò¬RÅ“‡V 0®b`(2·Ö0B)&x  ïÕb•ñêTÑh¬YZTS≠&\ôPQ] ∆L`ä- çπuc &0I'MBû^ò§† PPÄÄÄBt®Íc±°√+±Çd Çå`Æ E¨N»&(¥ïÇ4&E£+ç 5Ä2Ä"±*bÇÃ{ú˜ÔrË≥]qŸ/FK©À©ŒtÖë•´≈cáN¨Æ	lﬁ‹ﬁºÈD#©Àdl Ñ¶s°ZZ ≤™j$ëFØûÎœ¬ÎÕáï«V:±ÄS!¶*Puh&1åM9¥Á÷T∆ÜV*4∑îåc Å (“∞–W&äe¡0`` 4ak0E¨`ÄPVc!ïRVÉJL`∆5(L  40W0@i@+¿1ç(+*PVî√1ç@APòƒÏe§:„F1å0 PÜÃ ¿1åiq©É0+∆0Ñ∆2cQLPöaïÇ¡R h&¢ 2 Jä-cˆπÔﬁÂ–MuGTΩ9OSõRB®IŸ™CE‚:y‘…@ÑÆofo^t@JŒ]HåbV49óZÀ°MXïÄhÚz„ÀﬁX0B`çQXöÄ0@"-(@a·°ÇJ•b÷–†°◊A
-aE0L aîå@h∆1É`ò∆	Äh&1´  4C 	@ì$-Ñ`) M¿†c!Ä∏#1å)Äc å d`™–bêUEL`´	åY3+√ò¡1ïÜÄâLc)QE†(c0∞¡	å(Å5,V`ÄÏôå-)É1@– áR(≈ÄÀÖEJPÖ1Çz8ﬂßçQzÛkïâW=%!Ã ”éâPÛıÃu∂oFo\’a»Y«dä®!©¢âïG)-•(¶\BÃ3–ÄPX¶Ü¢÷P% " R±@40„ ò&û18ñÇòhiL0D•î»∆ç+Ñu`
jôÉ`ò0√)0·1åò÷Ä"Ü0 ™ÊíZs`¡ÇF¿ †qÄe¬Ä21K@Çò!åLP"P)Vä¡I∏¡ DTaî9É<4‘Ç0∆QAH ï0QiáÜ"RT¿ò%¬uœQGNí±HiIe¨àHRıU`f1q”T≈'R–ÜÎ\€ÀŸ-"ëÁ†!…r£Q™ÊÙ ári*Z°l⁄Ê˙’‡ˆrËâe«2‡–	Yo±£üE®¢YÇ êSr£ √ÀPì&+3••Iä§‘R1åc%# ï-`èäAU'jò∆1ÜáAX¢âD!Çe@p¿ß!ÖçJåh∆Ä¡ôÉD "Ä jdP@à ¿Ä à–· Ç+ @H√PT¥Bà†*«ê™ä"©B¶xh÷FÇ‡Ä√ƒ§ùcT‡¶2 (î∆ê@%Nê@…—ZêêÅ0Ü©‡¬≠ãD…Q*0£≈#ê%JòúJ§ÅqÅZ¡Gñ±’/DPâ‘ß3*j√ÀyrpÓA'¶*¥≈ıÛ™¬≥óEK™úñ)X Ü*Ø∞—Õ§tDT0¡*ÿÚÇ±r≤≤©°D≤v*`Ç
¡0f
öV
¢·å"P!bÉ§ @èù≥Äq†!åLå&'R„ – G ´AQAX ÊÑ∆¢40B ÅÀÇ #8‡∆%
4¨P∏¿F18ùDôbÊ¨<<(îÜå`ï"úÙÄ≠º0î¶B=Ç IS±
E)Iì5^@èk e$Í¥@bëHc ©Q≈%QEd†`¿L(-1S™[¬≠Dí@aÃVPûv‰SÆkæuHô9¨ùYT‚≥Üxi\0µ£W>§ÍhRujÔM/öbÒYpÄ≈≥∆WGùDQÇ#À@&0\¡Ü0+ òc(∆(∏íH*hh÷‡ò
 Fïå%ä ÇÅÄ(Cp´Ñô!Mf2‡ÄÉ#ÄC÷<^∞∞≈YpÒRàBbDÑ0ïqË4(FBÖHŸŒJñåVqIPJ–P11'llö‘§FZ$0Â%qÂ`'H-Ña¢ëC¢∏Ú&ê@Ω≥ÆaïHÀÇv-°I{rq≠Hê*0a¢U¡π4yj<ÀËf¥)!®µYq…bç&™J„Ê‘xZùLK@¿	ÑMg}æ¬¢¯…Œè-%ÇÑò¨:¡•Äéú‰∆ 2Î4  –¡0m¬∆1¨c
( Bcbí∞$Ahk√√ò∆1Ç ±ÄöWÑ•0¶B0BaVÜÑ0µÇ ¡1Ü0¶@.ZQEß4`“ìihV,T`Äô0Bâ]U@du(DP1:Á≤4ä’Ö"-åLaÜ†ë%çì¶íEEV0(√èQD@DJ‘–ÒaÅD¥`‘ô”ùwgi^Eœ&≥A‡å0	–¨<∑À†p+R»Ö+%ß5ä¥äFƒ^π[:	=IX∂S:sóQòaÂyoLM¬à(BE∞âÏµ3«≥ùk®EÄ ≠L@%,5%Á≤1¨2·¬-`¶-"ê¡∑"àaå` !0aáï‘Ñ¿!(8êh¿!4VpO∏ò ä«0“±åNúQ %,Ö§√0 Ü  LòÖ¿ FñÖÀè RÖ%`Ñ#∆Åíd"úˆs–*Xp
q‚A∞ ÙÒÄ%HA¡R-`2–§4a≈∏∫HC(¨Ñ0∫%W:Ù3§<≠fÕ‡¬åj¬ †„A/ó+”H¬F0V(’D“U\⁄gERV%îŒòÂ‘QëBRZKxÕ°aD0„àJƒ∞rÖ„EA.PÄ√$ÍAJ’!ñ»–±`å0áåjtaLïÑ! 1å1¢ÖU†qëMLc	ÅÇ aDL5Còô≠¨<` †¨]Z¡à¢%,Æ=Äï)å 	Ä&¢cz#í Ä2‘—á(\®!()Ü0¶W&btÇ$™`¨N¶ìßéÇÜ&(Kî"&s´u Y@
V10)‡è)%d¥Q ’°∆áRòµRëÑ§:¶¶s°KYX0 8∆¶ãEÂjy*râUÇ4J∞Êó$ÙÖ6msH∫í≤vS:cóQLÄb≤∫÷±Ö¢ !0∆$ YÜRY≥&( 8)@Ñ÷Õ'Mñ¢ŸŒJÃÖqäAT(+1Ä∏&*8 ≈ £%ä–lS&Ä†aå9Ñ¡@*rÉ@P–BÂîÜAWbâà‘¿c√CAc`é)Ü £î	
ÖbÇI*QÃ1C cJaÃ(L
ôÖì¨
à!ÇP∏∆!R)ŸB“Ü©©R•åa´ 4HZbR∆âYhÑBu2î–¶†DTöL¡0J-!ïã'FmW(qãUÄcSç.DÆB≤◊5…ÍB…Ÿ\Í«&¢ò∞Í%cAêP2J¶aÄc©R„K#úùF†AJ2¥:–…0¢‡@0–i@ÄÇ4@B™Ñcî√ ∆LebãÑ2Pe¬Räa h Pä`)®¡Ö&ÅãPASL †WÇ$ÍB ∆	åc pòes4òôäÆ`!Ü†©XaSRì	AÖPÀ†òA@
"$5&jPè9å)â–*BÇ…äj`ƒ¨Ö%Ní*P∆0’8QÇhaÑZçMVñ“!‘Ç‘ëã.4òöIRêPNb“ÙAïã…—-îàÄÄ)ƒ"Ö≈î!ÆBπµZJó<∫ë.¥9¨ö%ÒÖR4<RîöÅ”T5!öb ö(Ω‘Pbdâ“1Ä(&E#©`&`Æ¡ ,d6‡ #é(¶	£∆¨9Ö#@Qkå cù™8·4àp0ñ Ç÷√0“µì"m!B` # °ABq	Ü-òÅ¶4ÉÄd`ãZû(¶ âì≤F±D§5XÆh4©:Qå0 L)h Á≥ößJ
°xsBã@°@‰)5§	ù%ò°añB¢–åm$® ´gdÁπ’Bëhebëh¥¥(!J´
°âöÕ\≈ÛnµñW<öì(§çìD¨P∆ËqÉqT’ÕbMwgbº˝ÛÇ4t/TR‡ô*@0@`òÇe!aD J*	b÷ì!
· ñ@4`F++AAX"ì&2ë„ √0!-Pé(à8T
ì± ≈G` ,A@`ä•BÜA…ì Ç≈#†≤ë ak	•LbTîA(9Ö&ãXRbÑË®MJÄ∆åR¡CXbG-úÙ¥Ú–ΩPÖ Ñ\÷@J—Ö†ãUãTJCÄ¶ó≤5◊~:Ú˙sÁ÷iÉD!Ü)-ã ÄeE—EXIb"ÕËiŒtÂ‘R™§Ïö%(√P+H&tòZÓŒ„gù¨-îã/DV ¶AE•1AÄ,`ïòL∏b°&LRáD9*Äïë†¶2ì*Ñpï¶Ü†
º`d ©à-E0≈0£ BP ÖµPRh£åeR`¬)1F(P#b¬
` *ÖÂ®&  ôÜÀÖ+%†à 	h¿±C
N§
c% E®∆XQá MVW4c@aL“kûπÖçïÃt§+Å':NÅ:RÉA!§⁄EQ)‚ÖFáÜVÜ†-a∆$s'53^é6ã‰Ôîuûà¥-!4Kt9yh
X1X≤–q°aâT5x∂oKLs'&¢ïPN…††åL1HUQä"TáöùCY§V(µä@§	ÖÖá0 5A†à)ÜTr¶Ñ#ï¢%hk‡Ä`a@R`ßñëA‡î	âì§§¡4Æ:0°s
-®bÄ'`  B8‡$!B“∞F…S
G:%∏)"h‘Ä±–RB
RdÎäS&I'@√Q0¶#dc¬àîòx±x¨≠  ¨(ÉHÄ™# —ip©bä√®&ú…*–ò…
ù)©„¢h°Eh0 ØÅBÅ&A9ÙE¨°yÆMù∂0§·h§8∂òa¢É sIâi# íŸ¶9ìóQRÕbV √%#î»F(LÊ©Çò§¥ä
ah:“0( ¡0¡1†î@BxhaÖòCHj† Q(@(E• √ÀRê√AîQE•çDÜc`Ñ †î√KA@c0B ZE»Rå)*DU GJ≈V†&(¡ IòJ% Àá(<0–a©à=0
Ñí †5(µç$©K`(°*™*P¥Ω
Ú1•¡N ‡(¥£Ü1CF\É
LçìJ&©Å'JÄË¨Pxea·âÄz–¶*PRuÖì¨Puxx§§U ∞RÇê5`ö/ìMQIŒú⁄ãgD÷$Ñ¢±äåbd©aqbtÄ¢<ÆRA)	ÿ òhu™·QE¢4¨
®¥¶0E√√ÑQ1Ñ†8¡–h¿¿åÜ&aÈÄ(MXåh¢‡aå)ÅJò+Ää(R¬¡	ÄëR°&ê©—'Hc( √îá6LêÊëmåJêËé©hQ0 ™%à!J$K∆†ãK §CQ≤JJñêÉä®L2–0¥¢çQlÁ'LTx!QT#Ä@	dÌà®MXLQLhq·¬≠(iÎJ8®TiLù1U1°¢äê™+ @îãSúñ4≠©\iö“GSñ≈≥¢k@¶≈G§ƒöaL0î´ÜFÜáï- 0JB‘¿ö“aÄ(L¿!å iÇc
 
 0FPL`0D √ √¬	Ja√ï…äÉ  ±L S
¡¨,j hq »al¿0ÆV0£…àa@4PzR"èKXc r–V&Bbd«°@aÇ`iQ%RëÆpYYzeÈå Ñl#Jò°	Ñ≤"ïä ÜãñÊ'5œBƒ ¿ÍT®c „ hupÑ…ÄN5uŒJ≤8ÎHh1ïaT” AÀñêÅ%dÑ™≈"eŸπ¶ízú÷%ù9—	çT∏Ù§àì1°Ñ •å`é4P§NÅå( b¶©	a	5# ÉYÄ S
` 5∏	Ä†iU&0√ò√∆1Ö LeqìÄGê≈°I&	iI"c¿ä(†0(+¿√%`éâŒ%ÿ†0B¨<0G	"hJhcRÄSEW®®R+d"1àì5∞0E	AÄ!Ö*&ä4tK–Rî‘¿âaai 
`ÑTç≥K$N¥<µ/@ÖT÷8¿ Ç“J Ç!íÿ¢ê»¬Ä¿zôXÖ∞`R	E¬å=@aÇ2Lï^)GVï⁄¢Fπ.AyZh%ŸêD0Å¿Ä!´Ä––¡*( Tòa,Aç.1ÄaI÷¶2(†TÈ0`V
Éb√JQLc)(¢hêbëâ∆FT@ÍED•5`äLP !0BañÄ1§Q*c&ÄB<ÆT&`ì¢®):K%
A Ê$D’Z∆å0Ê$*0h	%@`ÀBÀSAX÷ √Ä0E≈Ä∞¬àcFZïá1Üc QJ≤0¢“ä" 6±X†ÚaDEÃÄ&2¥*§0Í`ä(∆¨(£±"HÉ”KVô9ÎöÁ¶´0„
!!G†(∆≠Ü∞CbÇÅH@aE5k0e¬älAhSZ!0PS(J√®F(>jäc"ôqÇ(∆ +F5¢Ç(ëáh`aÜ0@%- 
`ò&ò ò∆qâäéàIÑ±áZE(
 ¿'H  E%√ÆC
(FPèXHSECJh¬“äL¥ éÆ:∞PD lò@0¿ AR(@ A*s)†È† ¬§RtÇ%!*T§VRäV$@≈Xc1ÇØ
(†äÃ<∏√çT íGÕ∞À® ∆ ì¢cZ0°10 √òùjå¡2·êÅXp
0cî»khqeQ∞R–ÜP` ñMEDÖ ã@–„J ¿1î!8	ÿÇòp¿ÅÜ`ò¿0 D0∆AêíçX√á √0™Éí& @)BÂBP"
1Öc0¿ùJrÅ ´Ñ±
bÉò UB2aó	d¡këCk
ë©àçî@+∏∆ÖDQLå`ÿÑñ¨∂äò#)@ Äá°HaÃ(!°î©$H!å	ÇRu‘à¥tET
∏í!á1å0La¨ç ZZ∆c2∞·√Ä–F† 
∆A(îZxc 	å∏†GK&haî∆1Çc(@0£QL¿Ñ»§ÙòÍŸ0Ê †∆å)äaÇbf
%L%
ç † ≈B®PH÷QŒà®êòJëíÜ"V∆0D'
b£(£Öh0 aQ«0Tä J@å*HIà1Äaá-0∂ÅEÄö¶Hx#≠)1,Aï (0° •B()¬)& ¶LcpÑ`*Jò¨∑-öI⁄iáV Ä0„Äà=`FçKX∆@`ÜV(a aåaï«ÄUêí8E∞)H`ÑQBaå
 ÀÇRI`ÑSp@¢h*¡2h	Ö±ëå-)°¡Ljë%UZd„ÑJ°¢0kbÖBÄcRF*8¡ëGJå*í§és . …Öù°•©Ö àÇ!PèU%AE
∞ ¿jsT )V1ìdô ã@Xs†bÉ√(©í»ƒâò¬Ñ≈ê ¶@kça4«I.•&` #L ®0ÑAl*@Ç¶ãZ(∂ÜïÊëî(∏åbÉäDSîP é`ò®Ñ#JF0∆$)å*1Äkp cV0+&x
D¢4` `¢„¿@(¶)LäÇî‡√‘Ñ¨ïÛp≈C#Còò•AáaaXsA"©QUÇ
  Çñãc °'J§&(°0ÖW8„å0aå(#
)Pò∆H`Ä»§Ö§≤$Ö∆äù!h*jdå*N¶Ä^Z∆Pdò*ÂG0F pE1ÖaD¨!2Ö¢Ü$jöLKhdùA∞e«ˇƒ !          0ˇ⁄   ∏®kæ˝:ı:GJUÆ¶üi∂©◊¶€ıÎﬂ©Æçˆ\ùo◊∑uì⁄∑~’™tÓk◊•NìßÍD=@ÙÙâÈR~∫ÈS∑~˝˚õy=ºã$ÂYVEëd˜Ô◊{O“~õMKúÊ∏Â√äM#û|πS32•«è,¶w‘⁄µnΩ'ßSsGÖè«Ïà‚N|°>∫´w˚Õ’*U.t”“9©”óyßúÛÁœ9∆ö ≠∂∆#©ùuTÍ≠_R‚ü&tüØSi“≤ÜöcnΩ*öW˚q‰ötÎ◊™ßk"…˚Uï⁄µI≠"Rü.y+√è
/÷°Jü◊˙ﬁ7èÙŒƒ∞ºÁˇ 7˘ﬂÃ˛j¡JñWW˚?gÌW7˚O~›’:UÈ[∑nΩªW—ˇ -Úeiˇ \©kâ-)R◊ï.‘®òQ·¬ûy±¯R◊ïÛœöO|„9œ>VêÎ⁄•IçyO“•j˝zWÔﬂ∑nëÊgœ9Œ)î¥€}˘sŒÍr#ô	 âòR‚•ÕK‘!ø^Ωw“™n∫ﬂ©ø^ï≈Õ;˜vÆm_{È€…˚™O≠˙Uﬁ˜©ÈÆ@◊íQ„«á<sSJ“{ˆ≤+UñòÈ“π»ÚzÂKãñûÁM≈MªvØ◊x•KD	)ôôRßƒ ñöQ1„√è2º˘ôÛ«47:UÔ⁄øÿÚ¨æ€e,≥ë^’˚WÌ”©Æ≠1èHG<˘‡Ñ–£À+˜È∑IÌÎΩMR§&ﬂ[íRLcjΩ*M∑^ì[„gUuàG9Œ$Á¬îññöÛÁú◊S[o™∫HÑwΩÙ≠Sø⁄≤˛œj∫Îø√:ú“πv¢1D≈sø©˝3ûm√RU*lÔzùpÂ©J|(ôïŒ\˘S+ö£Ç©©i±Î≠∫T´ﬂø}TÔﬂ£“µj∫)˝ué±÷/“Ò8Ò·BòËÂ•>yœBãäáØı®Ò‚bRáèı®Sƒu≤&T•"rŒ˚ıŸrpgäKI™äâñéÍ€µqh¶dYñ∏-$Ám"Z”ñ•»ìM3©™˝Ø-dwÔ⁄æà{Áü-iH€ÆêHÍ©◊dÁ:È±$1±4‚bq÷5)p[Íh‚^T˘Û„«Ö~µçc˝©„x¸)Rñª”œû9£œ˘ﬁ$«¥"5o6\◊®1dñªY?oÌ˜ÌdyOnÑ'Î“•≥€ßJïztô«>O⁄æÛû|(£«ÎPÂ«è<Û·GCE*öT:8ßá]zU”Æï:n\ñ9ÒµŒ)Q3+«è>|9‘êí=˙öV≤{ˆ≠T“ø€˚U¶ö™9"ØN€EWwêd®éXÍﬁcöÁ6ﬂzﬂeı”≠tDπ8’œïZR„ı˛µçcúkÍx¸xÚ•EGÎQ¡¶íôï—¶íë1úÛÂL ñökâqØ)ICô,kI™Tü]z˜Ô⁄ø~’˚WÔﬂ∫ß~˝K”ZmW{”æïtÙ©∫⁄.H!›eUâ„Ò∆K∑N¥Ö§pv≠_øo'Ï˝ø∑⁄ø~ï+˜ÌRr)pÂÍD!‡µ‘q¶∏Á«Uj‡Ö+À«qq˙÷5è«èÎ˝_Ø¬á>TxÛ3*¥ÜTÛâ-,ã/ÏwÌ[∂… ClÙ≠ÂYg"µJ÷_⁄ÚŒX…7Ô⁄æ˜◊≠6ÙÔˆ~€ ´ƒ“≤Èô∏ßœü>ZkÉ“:ˇ ï©rÂ∂≈¶4Ñú¥!5^ùªˆ™iSØNùw\Ñ◊ï>\xQ1Á¬è·ú^8¨≠Gáè¬Öç‚¨Sãı<+‚¨N<©S11·¶˙∂Î◊øk"»Ø’S•SSj›˚˝äÊΩUz˜È1ç¶Ü6©Sm˙VÆo*õt◊äè-RuWVﬂÒ‘Qzù!È	$é-7ÌTπp!∫∫hGeÀÍ‘åDâˇ Ù¢àús(o+ù“ñ∏∆ÿã8Ü7.jépÛQÂ¢Ü/ÈD∫´tÈâI:o◊ßSSsñr'"‚R2µM∂7Ãqç"åÜG/+U"ó>T¯p·√NT˘Áœ8Â.%"ñûÂó•ØJÍ©˙U4õ”JTxX÷9∆°cX¸x˝kè(òQÊìÚÁÃÀó*T©®òP„«-÷íJTdmıi∂€oΩÏ¥P◊ôG{ZùKc:úæ”d§ösŒqÀ\F2Zππ§”gï<™ªª™øô•…M$◊ôôü<‚T®‰íA'™ß]ùuT⁄µn’ºã"…˚VE~õ›aA/”™ºó7WWÌ\“ßUN›˚TŸ◊Bjïß#OlÚßç#úë”l‰«îí+HÁñì«XâI%Œjó)4ÂŒ,~ E^Fûg/;ï1P‚¢ß¬âáç«è\ÒJÖ))s«¸I%Æ$”ÀëJR£ƒ„úk∆±®Ú•Oè>\ÛûTÒ™™›:TÎ©∂ﬂSM‘æ’:´´líDz™∂◊%4◊ü3&T¯˝Ø«è
|˘‡âU|≠2Tƒœó>(Òº≠MÊ¶’˛…µJÆÚeºéÑπ¸sMq.súJv∑œbfN∂Ÿ-∂uRØn˝ºã"øŸ9fÊµﬁåñ©Zøww~Î+øsQ^ù:tÎ“§ }“i˙Ùâ’Œq≠F⁄Ú¶bb£«ñö‰©Ö!a#]ÔVô N|,q4KóFC!+,©Ç^°%CT©q$µœ6:U"^N∂=sí§£ M9R¶Ê°L Bö}UÔ⁄µ~’zıÎ◊ØNﬁ_€Y^Gn’˚V´ﬂ§”ıÈW∑m—≈*%Œ8p±,KÎxˇ _Í˝+‚xˇ ZÖ∏¢°¶˙I)%ç‚p£ıŒ7m¢Rü.|yÚÂœ}˚W˚?wÔ¨ıì‘â$s˘‚Jy∂uT∂'¥(ò·CzÏ∂ºÒ.yp·cX‹rHc;¥!´´∫o∫D>î´HJSœÈ)’.sú8◊8—…“®ús√X‹8q2í¢éΩ™Tõ™Øj§PÂ”}ön÷E&fâ%ÙÜáß4Ñ˙Î◊∑ì&Gj„$ÂY=ª˜Ì⁄•IßÈ=ΩH’Oë⁄∏•^ï+ˆØ◊Ø_≥ˆ~«óˆ¨ﬂµ‰yûo€˚?gw‘ÁrπœyÛ·cX÷?◊˙¸yÁœ9«>ZzÈƒèM∑’ULkì*DÊìÚ•O)∂ÿèSjêßÀñ©s«è-qÀó>eZ‡óè
TÒúRß√è÷ß«ï>|¢P€™¶˚È¸%ƒö‰œöNy"¬ï>YWW⁄8ßœ	Â∏î§öÚ„œ9ŒpMS}În∫õ€m˜“§Â…£Ã™,¶È“∑ñ2Õ¢T§=!c^<¿ã°*%óY)VW-5I£ò›]‰wÔﬂØNù(èñ˛ZÖSJùu‚Ii	≠Ò™˝ı§§ñµŒ%ÁÇü/˘mÈiÔ9ƒ§KàÏàÔE*|§ê€z”mµŒ^\9pÁç(Ò˙‘xr*öUÌ[™mıi¥’ŒIøn›k≠±àzÁ§˚©:pmæ™ˆ≠WE¸SU÷2ì:HÑ4*ÔµRJ„ñº©IP£œ<∏ºw.T(˝~<(Iåk ôûs\ÚÁá[ˆ≠◊P«Æ˙uÓ≤;WÍi\‘\_Ì˝≥ïÂª™Ï„«Ò‰¯ûKó:c~÷I¥…ó	vı+!:≤ƒd&|ÚTòŒ5EîπÕ2ôÛ„√ã>?¢9·BûyÊ–í;∂™<JÁÍ•JìCmı?LÁü>|¯£œ•)Ú¶e.pëÚ¶göÎÚ•¶Ñö„·ŒsàM”ØN¥öØHÌ]Z•^ﬁEëdwÈ	∂3≤Ê˝˚ˆØﬂØ}:ﬂF€Mæ™Ù´◊©€πÂJIsIyq˙Ê]ﬁoﬁÚºè'Ìú”ö2z9∆±ƒ¬M1ÎΩDäùºüµe˝∑íÌ_§˝<û’ªy+'øj’+vÔ⁄ø~’3éZ‰ÆsÆù˛«ìˆªÙŸ/©…$ìÆ-πK|—õ’sqqj€≠…í64ÂIu-ª)JÁïåíïª∫Ø~ùzt⁄>[«ó>O¶»%LÛ¯·DûΩzÔØ~˚√ûx“$Br∆súI%<Áîûökàëkâ%∆∏âki˜ßzüzÈ◊Ø≥€µ~ù˚WÌﬂøÿÚ<ä›™uﬁ¢J({tÎ⁄µím[øj™ª-6˙wiˇ ﬂ<©ÁS3¡çrWï*T˘sÊe.2ûJ…R,o≈˙Z1‹‰öóﬂXÌ_Ïy+#»Ô⁄µ^›’ªv©]d™Nk”Æàc+¯ìúk¯ç$’!iå°Èß§sûTÃF9ââ\Kœü5¨~|˘3˝ô-Jâï"Ò‚b"e∑]OTY'i”esÇ$Çå∆GMµNΩ˚ıŸÀãËÕûÚ'4™©>˙ZÌiæùm¥Â¶Jkî∏í“}éq!ˇ !ÎÑì¥#≠∂ÍiWøj˝´vÚ~ﬂ‹≤ºïn›ºü≥ˆ˛≈ìˆ;v≠[ø~›˙ñﬂUzı54Íüz ˚"9ƒú˘òRÁúK«Ö(p·Jï
<,_´ı˛πÖÛ∆π)%*RÁ8vùU]∑±D9r¢‚Ò¯á7Ì‘‘◊™™ØJïKO£(‚M3â#äf4Ü≠q	JÁkàS3≈*jjy+À«Xû5ç„xˇ R∆±¨k‚å3âG5"^iYB¨Ø5?◊8¢J“Jf&YgSM6Ÿzn›>≥„B$Çå ”õLoΩOΩõw•Sj˝™Ùúˇ <Û«§ºÚIù¥÷˚Î“©•^ìÙ€~ΩÙzgeŒ”TÌﬂ∑JΩ{WÌﬂÏyGóˆ∆E~ªMˇ ÓíIÆyÛÊeÀLB\ZzM7>9òàQ‚c«Ö
<πÚ‚1Œ%áÙ˛óãıºoÎP°B∆±˛∑èı®ÒÂœñö$B€~ìo≠€ßœü„tÌ“§L^'©Æ¡#)±ÍD"Rá.<)rÂ Ö*fTµg[¶$uW^”íIJ|8¨Æq∆%ÇV'è¬«˙øWÎXñ(¬±8©“;5Í€NJíbq®SŒ=I": U©’Èñ[L«ø$ê3)RÊ‚Â¶∏óüxÒ√©ß.D˚§%Â¶∏í^|Œûﬁª÷›zT´⁄µ~›˚wÓr{˜ÈæÀñõ:Ìﬂ§–∑÷€m\xàÛŒx˝´Ù˛•Öa˝£Ù~è–∞¨?£Ù˛óä∞º+‡üõ¸œÁØûT>.TLs◊U˚VÔˆ~œŸ7xkLoØHíRK~xÙıCΩMß÷ƒÙÀTbâ2‰ñ°cX™UzPﬁ6*õYoøD§•)G]:Ùõnª:´ú´+ÕWÎ’R©Æ∫T´LÏ‘‘9Á«ÎÒ
KV1æ˜®òús|‹8[ˆ≤˚TÖ∆†ÔI‰§{öCW";÷V® Óï;≈jµD8e™TYîG&f?jü®ú?-¸∑!◊π§‰H¢üØk$‰õñﬁÿˇ ésàÁ4–”Ii%*)Cm–ŒÀë¯iJÑú˘BòQ„œÖ8êıŒpÊ¶^√8V?>/y≥ÃéõCn˚)GÍÒIùIû;yk3Õ˚ˇ sÀ˚?gµk$‰úä˝¨ä˝’´ÙŸ…Ö≠cÛÂœû4∆ËÛÖ[∑$¶n.QåÒì„ÒÁâ)Ú•.√OΩméï˚uÌ[Àyjœ˚U˙Ì9©ØMŒì∏‰@Ü˝˚T´ˆ^kÀÌ⁄ß^‚‚¶ïª˜Ìç∫ÛãÊÕÛ]N\w›-rW®r‘ê5iGäCgõYÍÈ3ëjâ#V[c3)JT£”¶˙Íúü6?õ\_d,ã'ÆÀW˙uCÍπ…9E~˝ªvÌdUÆ)SÁ¬∆Ò¯q·Gââ∆±¯ÛÁé[√X^%ÛÁá{› ï-?]u˚oµ~˝˚Y™€x™hyü”˛ÖÙ_”õ;§˙)ÒKâ@Ñ2ï¶M#ye<Á$ìæªÔﬂtÙîùw˚=˚wÎ”¶ŒyÉ!Dí+úé≥5X	W"ßä<y„nΩ≈´˜È€ßN’°ÆR≥ä IMOî&KLıÔﬂaÕ,´3ÃÚ˛ﬂ‹≥÷zŒÚ´˜5©!ÀC“’¡cÈüßpºNN1≤eD«û9Ê$ j«©9îœV”óàëi©òEîök*ìæ˝;v≠”¶‡˘≤‡œOﬂòë‚ëœç„˝≠D„˝kÎPÒºnD§¶aBÖ>i|(Û)ÔtÖ¶ú˘Iæ˜£ó*TÒœ#]U—™ï)sú‘µJˇ g∂’c…y/3µírS•…JxÜ∆ë+í1´öR±Œ!∂ökHR–Ü•˜¢;Î◊zü∑~øæqJî≤K" ÆoˆÂÀóO#•31·«Îx´ÈúJyÂÀó+Í¨wçbQÊfgås„¬ûL¯q·cXßäìØ¯cïép˛â¿∞,·úJ<<kÍ¨UèÁ&Û_“ﬁXÒDœ.|©ï)!ˇ AMÈªÆ≤_¨’ûõDòâ◊d‰Í∆úQôıø]o´¯‰V,˘>å∂îÆ˙ıÍ\9r‰¢ÑqL ûqKñ™y310•.q"Ÿ+ûyÕ˜¢◊uÎ’WÆ™Tõ◊ØMí›uZkú◊8◊9Á¬\j*<8òSR•$ö°¥ƒ£Hc,©à«)!åc‘i≥ßß~êµﬁı>˜ﬂ¶‰Zl[LÔQír√J¶Ê›5Ç!+™≥íKÔP”^|˘R°√èDLµsQ˙úyôRÁ ï?≠cq33ÁƒƒƒÕM√∆·√è
(àåkéı&Ík©˙ßg∏Õõ3¥MFEïey=´öÜﬂ_Û%”Æ’V÷≥@ƒAàù…Ÿekôå⁄g{Œ)SÁœûu≤gè¯Dπ©πª∫µssJ’ªVÆ≠”f2Eæ˜”¶¯Ñ˙vü°ã]TµERß^ªÎ‹ﬂ∑~˝˚ˆØ‹‘“Ø^˝˜ÆΩKÎb&|RîÁœ<8˝n8◊∂ öMW¶ÿ¶"W6«∑^ªﬁ∂‹π”ü™ßs^¶¶›ªV´”•JªŸh…qV?3èRm7¸¢tŒÈ∏Áîíï◊§ú“Û)/.|ÃÃ(®ññ§liç1ÈìÆØ$dõW˚´˝ã"»ÓÍöß\Á˜7Î≤As˝vÈ>±ÈÆs<˝SZÉñìÏ9)=dYó+Rcá
8Û·C∆Ò¯Ûœ*|8jDu[∫•Ssjˇ c…˚_⁄´“sSjï&€Øjµﬁ˙ÙÌ⁄©9¬ú‘∂È€Î•I∂ÈRÆ∑ﬂNˇ d‹⁄µ~›´õtÈT◊ßJ°Àt⁄⁄˛kltôI°9;ﬁˆTÃ»Ü6€oM˜ΩÔzƒKT€}M∑Nª-◊µïÂ˝ä’˚Ù©RÆ™ä</ÍXÊd¶÷—*eN≠™uÍ\æ∫uUÈ[ø]Îo]ñõí$iÎΩNGN˝÷Gë‰y=´öóvÏÇ4‹ån\úk√Öçb˝_≠„®àR¢qÃ§N˙ ßT–Ü1S1û>≤‹ê∞.PÈRp‰°ú®Õ42e5P¯„œŒ5Œ%œ.sMΩ"Zm∫T©RØJÊÊ÷I»≠€∑j’˚˜Î€øUJÊ’´wVÆm‰´´vÌZøZï∆1”bjÊÊï:U5ÈÈWøJΩ˛Ôﬁ≥E˙Ù´€∑jÍ˝ªtﬂØn˝u˚§I4≠€»Úºøµ‰˝û›˙ÙÎﬂøj’+˜Ô€µ~›∫Ù©€∑j’Õ*˜ÈZø≤noˆ˛ﬂ⁄Ú<´/Ï˝Ø/ø~ìGc Úº◊óˆ˛Ë∏•o%fyûo‹≥˛ıôfYºø≥⁄…˚lÂYle˝∑ôf˝ø≤rNKÀyø{ÃÚ{Ùú)ôR•°À≈8g∆∞N≈˙ß«á|(Ú«N›:õá:C%ˆüøwsT˙ò“\ôSú˙ã$áÇïQGUbpPƒRÕ9åì£>y˚◊‰øÈ“ˇ £ˇ C˝ÎÔˇ w˚⁄æÂ˜π˝ˇ Óˇ w˚ÿ˛øıˇ ´˝Ï_g˚÷æøıØ±}üÏˇ b˚⁄æı˜Ø»ˇ –êêˇ ¢ø$ø$ø#ˇ C˛É¸á˝˜ˇ Ω~A~G˛è˝˜ˇ Ω~C˛É˚ﬂ›˛◊ˆ/≠}ãÏ_o˚óﬂ˛˜˜øµ˝üÎˇ _˙◊÷æ≈ˆˇ ª˝ﬂÓ_˚ˇ Ëø˝ˇ Ôˇ °ˇ C˛á˚ˇ ›?|˛K˛ü˝?˙Ùˇ Èˇ ”ˇ ®ˇ &ø#˛ˇ ˜ˇ ø˝ˇ Ôˇ w˚ˇ ﬁæı˜ˇ ø˛á˝˙?ÙøÈ”ˇ ¶ˇ %ˇ C˛á˚ˇ ﬂ˛ı˜ˇ ª˝ﬂÓˇ w˚€˛≈ˆ∑˝ﬂÓˇ ˚ﬂ‹æÔ˜ª˝øÏ_k˚_Ÿ˛øıØ±}üÌˇ j˚ø›˛ˇ ˜ˇ –ü»œ‰Ëˇ –ˇ °ˇ A˝ÎÔ_êˇ °ˇ C˛á˝˙+ÚKÚoÚÙËø»?Ω˝ﬂÌ_l˝”˘˙OÚ/Ôs˚?Ÿ˛≈ˆØµ}ÀÔêˇ ˚øﬂ˛ˇ ˜ˇ Ω}ˇ ÙË/…”Ø…/»ˇ “ˇ §ø(ø(ˇ '˛Âı/ß˝È_J˙gÏü∫~’˜/π~A˛K˛ö¸ö¸¢¸≤¸∫¸≈~_˛ø˝u˘á˘á˘è˙ˇ ıˇ Ï?ÃWÊ+ÚÔÚÎÚˇ 7ﬂÜÒì©Mw›[µY-dyf‡ô”xŸÙ?®§îZ™∑i˜„¶47ïÊtŸ&2èºohIJï>|˘RÂ≠q/>|πÛŒqOè*|©Ò„«è>\πΩHó9Áœ9Œ)ÛÁœïx£«ûs ü><xÒ„«è<x„œü.ZÁ®Q„«è\µdë*<xÛÂœü>|˘ÛŒ)ÛŒyÛœ>|˘ÛÁœèxÚÁúÁ9ŒsúÁ9Áœ9œ>|¥…%yÚß«è<xÒÂ«è>T®pÁ Ö
<yÒ„«è<˘Á<Ûœï.|ÛÀ\c˛:àòàÖZÁ8•.Ø„ú”;æqåcø8"‘í2µLì6·„®Æ—O*˙“R‰ò€ßJ1‡ØôFm◊YîÃô…P®¸ÄÙíôâÖè
'c®sÊfcœÖ˘ÛÊg è
xX¸~ø÷„√åí¶"c«è|¯°D√á8q·cX‹8Ò·B∆±¨©b˝~?_ÎXˇ _Î˝≠«è≠√è33ƒÒ~ø◊˙ﬁ7é£$ƒ„â«˙ﬁ7yRß«è(p·Cè<x¢qº~x˝kÎx‹8Ò„√ü>|¯£œü>|¯QÂOããXÊ!cX‘~Ø÷±¨kèèØ¬∆±ºo«·cXøS«˙ˇ _ÎÒ„ıº~<®±˛∑èı∏q„√áπzKXV(«Êì\JaGü-1Æ)IOó>\˘ÛÂGè\‘‘“Á·îL®RH∆R•ƒdqâ|èÁJmd¨ïqPÛüH◊9ç1,Éb˙ÁciˆÃÈ¶•cVø 1¶ff&&<8¢a≈Àü3.|®rÁ û$íJfT(ÒÂGá\ÊôXÊ#√ó>|˘Ú¶fe«ü*9P°Cá<(P°GÖ<x°GÖyR°≈CôòôÖxqÂÕŒiƒ∞ƒ«áj\˘P°Ká>Tπrìï*T˘Û3Q„œè
πsÂÀü.\˘R• ü*\˘Rßœôü6≤,3éxP°¬Ö(P·Gè
πS‚acp„«áT˘©•…ï
Txr„ı¯p·ÀöTº‚√Û‡ú?´√ööü
T˘sIØ§ë≈.<(Q„«ñ©R•IO·¶&feV®iÕ˛úy„*u5LáçÊyÂœî±¶•`¨//◊xSÔ¶ÛrV5kÚHï33333Âœï359'œÖ153>j*<yqÂD)ü>T©ÚÂÀúÍV%ÂÀü<ÛÁ Q.|©R· ï>\πÁ&fxÚß√Ö<©ÛÂÕOï3.nZââàò®rÂÀMTÁXV	àqQRÊóôâè>|‘©RÊí9ƒî˘s3Âœï*x”M5Œ9‚ôñ•5∆∏•Oü3<»≤,®Ú°CÖπ¢£œü*Ri§íàPÂœü.\˘ÛSi(S3j\˘S„√ó54≠y≈áœã„®ÚÊ•ƒ„ÒÂ$ö§Ê"·ÆôP„¬Öπi™T™|˛bfx&ﬂkMd,¯ÆrÁ…öâjLfS4‘©jDPÛb˙ØÍY0Mó^Ωw(◊%@ÁÚàÖ
T©IJ„ü3359%Oï1.ÛÀ∆Ò¯qP–à!)Û„ÀM9©˙¨*<πsŒyÚî&º®P‚ÊeOó.Z‰©ï<ÛÂOü<˘SÁÕOï*\‹“«1337-5ÂÀN~•Ä˘¶!≈MMM%3
|˘ÛS3ÊïJûqJ^\ÃÃ∏p„ö„TøÆ$ïq/<ôÛÁ ñ≤+XÛÊaGÖ*<®ÒQ„œï>i4íXÁÀN|µÂœ‘⁄J&eOööî¶\πjï*Npb¡Ú‚¡8Íl„N|D8sŒ±®∆£"kS1
<xÒÂß554®§◊?±í∏ŒªU—ñ\„π˙2gu*!Àï0YôRßuç µQ#Xßï€Ó≤æ¢T.~Y")%B‰§º¯S*ß$˘‚Púµ*c√äLsPÂ(Xî ó-5∆©}$òLkÀñúπÚ•OúsÁ¬ï-RâSÂ≈Cü3íÁ8•Gè<ykî∏íLµK∆¢fn\8ÂKM}k˘T'76™nRîó<π©ôsCIsœï<‰©\jÜ∏“NnZÁ‰ÆRI	4JÁ8¶ß,‰>eÇT(PßÃÀóx®Ò· 9I§•c\kús \(±àIqÕÃÃ≈M*õV3,.<S≥É^Ro¥vHƒ±Z¢¶ÑbàèÑ∏∆2ï'.\µ¯s(¢õn¶ïu™á
|¨SâCó*bns›ﬂ™PM∂◊ûc!‰vœNÚ“p·BgÂI1©R§ùBîß√RQîÔQ	åÖ2’4äN|ƒ‚ôîú‘˘Ú’/®ì	àR”\kúôÛçp‡∆±œû5Côî•%ÕJÁ9Âœó-Zg1ÃLL™ó6πsküZ˘œî∆öπ©ssƒJô„T!ï©\‚\ÁôîírÁ«ó)r•√ñ¥◊%$Áœ—$úR•¨”ò˘Oô(Á5KäT¯πkî∏ìóç5¶öiÀTXåf7'<‹(â©µEîc≈Û‡«	:mÀûxXˇ [ãM’AãEºî›Lbò©•™U¶örÊ¶ó‚Då∑M›\‰WÓ_<T"ICT'#ŒËî‘Jé)ÛÂ(v(èé˛<ÿØXﬁ'
óÂI1í%*IS(BJÃ∫Dê1¨jU7W6õü18–õ¶˘∆©}ä+	KèiJÛÁ9éjy«.8!1Æ@ƒJ„M1ñ∏óµÊ(RV©y≤Œ}Ü„1ÀU54úºk¬ñ®¶õl‚“ó9+à„Zi%5-5ŒsàZÁ8rRI%∆f3ü1ÒØ.|©Û-¥î Â¶äRÂ≠N˘Œ3çT‹⁄JDâJ¥î´2;tÁœÇ1õIMOÖ)rß$⁄Qá,mevró$Ç	Tº˘jïOÚ·Õ™?bN TF)¯ÔÊjrd$æñíÖïÁZƒú∏Á9ÊSX#Êåÿæ˘…®1V*gÂí1êL•3éxÑ#âdYï	ÆB(µE3< ÅíRCV}dL&5i¶ö$Ö≈§q¶åE/<r·«Ö<Ó§b'Lc§#çR‰(PJµ∆πeÎÌ>s‚XÂ¶©ZIOè#)RI¶- ë#êô:¶ﬂY")“§ÁçoΩG8◊%"IM31ú˘OâsûTπhíE´rÊT™/JaqÆpkç5SñH1®Rí≤R2;t(¡ãî⁄Û	Kü>xQîqã,id¨≠ú•ÊqLD i&ösR◊8’Ë¸AãTYEüF?¶3J$í“S)[M<œ(÷∞©1.rS1^Ÿ3˛FÔR±òD~]#∆•%
"EªYï	•2öeM«àé7ÿx∆c(°¨ß‘cXß∆©4«©PûêÑrëè\Á·√û%§$wOU©•zÇê≠q™VR>”Ê_Ñ∆≠Z!±ÎçRJ∆NêÑ-…Dç∂ˆ∂∆ökûZzB$„Dúï)¶≥,ÎÂ_Áï*MHÑ€£äm¢à\î◊8◊”U9•Œ9«3-XáY.ÈN,X‚ShKÃ©+MÍ›ò¢1LQî≥új"1˛µiú•ZÂ,ÖÎÒ&#≠—C_%Nl˘sQ
©kà»!em≥ø6©êòúôxÛﬂ—ûÈ)ô«8ó?.IåÇIÈ9'v≠5ƒb9…ißYLÖâq≥ùÓCÎ0òg¬±ï§Jî◊íSTπ˛$â©rÂ√ñâ\‘åc/R"åÇ1°B»ê’+•ˆü)Ò)C)T‹£ß•H±ìπ'¯ÇÑSËÙ¥–”“‘µƒπ')"W8Á:ŒæEÒ!àëï§éßŒré!™ôD≠$◊€W>1ƒD»ﬁGÍØ%•áNu"‘ûï[ÙÜÌ©¡çCVe-L‘•ä"T©µ≈41Q+Õô(¸IåË∆ú™YØ+p°J»I'2àEô]>ü3u’%9xﬁES⁄túÒbh¸π&2	ìıI“)dOH∆!ì¶6%Ã©©òårˇ Üû≤YÄ¬c$∂Z$úÁî•5ZÑó‰Ã¶ú˘qI©ôá.xÜ2ä»πâcQ2≤$ú‰Tró⁄|á∆§ziÕÀûq"«™‹â£úëç∫‹ÀôNZjÜI#(dàB+PI"9Fs9ÚòµM¥–÷•4 \Iß*RôzGjñÈy∆°ÍÚ_∫©Xp·¡1kú·◊~Êõ:ﬂ0„àn´%d¢fîÃ)—CöM2…ÖYê±üâ Èœ.jZL Ìâ-6ﬁW,∑î≠#ÆIöNZ∆È“cMRgf9?0Iåá.N$I4≠\—òlí§E&JJÍõR±Ã™“ó,i¨á÷`0'Dîö‰êπŒ$ÜQ&9Á<˘ôî«¶®j\©≠!ß7$2◊1¨dZô©»©rœ¥¯œçHˇ äTÑ"ä˛¥ëŸr—ﬁˆ¥¥â(íÜ2Œ$ÜP“']™ÏI’MÁ>ÉÂ>!çÍä	«è	4!î—)&∏ê◊ööGYÊTù£#Õ^§¡è)õø\ÙÓ™IT:ˆú,#uUwT·) EKó'$m∫T1B«JÃé›å¸I'QƒπRÁ¬B}“cuVÁY≥zÇ&qÃuç›br‚ëJïπøÀ‘ò»!J[ï"Dπ3P†zÅ3€ ÎûbqJV!iÆ5ë}kÖ≈KkåkâGíTRìƒ-#£:›ç"ä^f\ππpî∂Èê±êIiZr÷SÏ>3‚kÀM5hB(§”;›3äP∑
£¡Ÿp4ï:mµÁœ∆v∆à$ë¥€ŒÛøï¸M∑I°î#Oåm6™Z2I∏7')Rs√®ñã¨Ÿ.ÒF<8¢ª©øm∑ﬁ9â.ù¡èâunÍ™ªçUd® ízè4®Q1JÃ•’®¸I+àM9kçR‰BNnlùZÃÔX÷åo!™ú2”MZeQ&'ﬂ…íc1ê#≠™U74It“ ÑÂ®UVËï®1jíûiæ‰>√àÇ4«¥F—"§å{Z[£∫B˛‚”)5¡îI7ç¡hßm∂≤Ø±|gƒJÁ)4ÃöB(°∫9∂ÂàCdi™í4›S8'™)úâ©·…Rz™öÓs9Û	Gdëç)ôçP◊C“dâÀ◊<L∑mæ4◊9#¨óöÊ>|Q¢éL∏s·CíÆÍV(∆1”Æ”bXß$‘•5âêä<LîÌÂ´Eâ#}öÜ«¸!≤I∏À2"÷r⁄x´ÁxÀyQ«0∫’[nä$ƒ#ÚdòÃdùÎ}á" ŒV†ƒ©2JwUHÖ∏1Èâ42ül˚"whÖπ ÷=uRkw∂”ëâ≠pl§◊ü-RDbxÀ’5‹ØÏ>C‚#LzµkíëEÈú‡ $Ï¥2DëC^T»€oo]Ì©PP—ƒIC#YåÁ |&C∞H“ôó2∫ﬁìß'-ZÖ»⁄i”™¶íñú˘„wíÔı‡√ä&|’ªu*S82™Ó¨≈ÂjÙ€‘®wT€í	hë(£!ê°îS¸Kç9rñ!è¯Zc/µYtãYÀ\∆|§6ËróCVSΩPƒc˘"LF2u—‰ıåŒ1Ã%í≥ »KhÖm¶ıEjœ∞¿b Ç¥∑$iùó#+Xù?RÂ≠÷ôB bõmπtq/4¨Dêb1™Yò˙œë¸D∂ﬂYkãVWÛ“í‘íŸùg9Œ==qß©)V†OØ}Çµ#3œî¯LöÇNJÊ¯=SñãV±Ø3#◊[∂ú¢∑UñÓÂ|¯ÊSáut‹ò∆”’U›Ÿéq¬:ä(È…]ßdê•Jï#‘Èå∑n TÆ≠˛%„$„\Åè¯Zc#uTrVC1S‚#ÁôíjRü4≠YI¶©#ø$IàÇX…I #Xœ†b ≈¶¶r,â®˛HoU-Z˚2Lc\ù¢5ZíFV°∂I"›iï©lDå¶ﬂe˜àÂ©1òñ2ÿÃÉ9ô}ß»|F1å{Ωt≤Ü˙=AR–âdµJìﬂ˘ §•ZñÈS}o∞Ìˆuôg>S·,JR$í¥Ö¶1îI#V†D™û¨ÇF€Ì]ﬁKFxï8sWlSBØJõ∑tD‚Ö:ë¨â	sLπS
&aûìKL£#¶ VÚ”?b'U©’Ld§®≠%Ã¶a∏òåR3àjVº‹eü.*-”?"Aåó"Dê4ÃzÉ;dò÷%m4YcR∏Ü'∂˚Ëk"˚bMq'©#\s)¶KG$Ån∑C#HZ•Zù"uFQc1[g9ï}À‰>#’G)Vëeç…«>bm5I1‘“r'ﬁñ6öZ‰™,n[r3Ω&™ìÇL”ı/ï¸.âRµ-F›˚T4¶Nd$ñõbTπîÅeUU—ä1∆•7Ÿò«„"M{∑f8≈é#úP¶g,8Á¸®ôÅm\‘“z≥#z∑ñÏS¯©∆ªÎS™÷´JyEú»gØQsì»‰Zëí%fa≤ï•8‚ó‰H!¡+IJô°òƒ§Õ©Pctí-”$b(OÅÎ¥u	ôW⁄` ìzC‘ì§ı÷[nD!)'w∂5:ZÎ*|(r!ñX•,F%Èîp æıÚ/çcJâ9eÈËs(zÉ#ıMc HUÈT∫JN8jèN®dí¥øâ!DÂü≤~s·(ëZöÙÍ©◊©hÁôDÂ¶q*L≤'ÕÓ™à≈'<åD(§\∏p«~îc«⁄©rrK*[u§íKœØŸuŸ®s¶Ú;<ŸíÌ¯Û¯≤sP5HıÍZÚ7UO’T÷Wû|ƒ(¬Mªu-πt‚§µù5*ïâC≥ÚDêc$m9RëMò…IgDíc˛,≠Jh≠c1∂— ﬂ®yﬂŸX$«]ı*éqñ»Díë;Ø·àB[zEjYeiå$ó™ÚyÒüèL•:≤Ùãƒ6ﬂeﬁòêıåC\I)öL‰â2›WJTH»)sªíy_ÿ`>©ùHÜztÿ¶e!£3N\¥*ıUT…∫ªªïãË‘Æ3äzÆ27E;m¡çD•ZU7'7q)IJÂEé’cQ	7Ugúã5ŸÂK_åPí‹jä(ımå°´÷8ÕèË\«<ì◊¥Â≤J Çå≈Ygaµ˘5$…dò≈™÷2I3úB1ùnKVàû†çN≤?]n+;˙åç"Uó:‚Irã÷1íHÖ¶=µ¬D=w¢+Ir “1âw™ôî˚œå˘6›:ñ[∫Í,°àc‘ó¸∂cﬂ•R‰±◊•STÏ≠"ä!5#+RºπíI2◊÷◊¡I°Ø2•X€}J”}Mº¬%ÀÎn›7ŸßY.ÈOœá;U
&ZòxËlíK-–£D!Ub¨W7€,zï»á/a˝X¢P∆x£>J?ZÜ®¸Y"m∑Ÿ}nù6Òπò∆2ƒ±,¶tbá®'KP§£1o∑ìP”¸£í%í@ÜwêBFSúF=…EÍ1Í8éÂ:ô/5}/¨s…IYÿ%¶é!™Vπåm—:¶Ÿ◊§-1ç°ÎS´)c1T™ôê˚ﬂ∆˛GmˆN‰´iÀßC∆•¥rÑb\≠I*É“sM≤˜Mê=µ…H£≥RÛQâ˛=»ö}Gm∑‘JDÍµ:Ã!€™m='uí¸‡¡Éö<y«9Cí'5wtàòîô#)’v..n™È¥BÊ2è*ÛQÆ˝˙.‹¬äõw_à•^Ωj
nõ°ò»iî65I,k*˙S0åëÍI˛$íåÊWç›]Ø…Ç	‘ê”™íT¨iô∏ñ4–ä/Q¶Q‹f5¶≤¶ñëú˙òƒAåjQzÅ	ÀMjïØ)j\π’S∂1ì©+Rvã“"±V'ëˆûôò˚œê˘ı#vÈíQBhzëóπi,Iï©!J»PﬂfΩvˆı,‰ù±∏pe>≥¯ÚÑ˚màíD!§7ôŒëNüDQÍÈŒ64Œ1íK»Ì4€µuLâ«¥ëe3±qwU]Éi9&Yn
H™u"y≤e®â∆÷Gö≠˛!£™ìDñ˙S%ÕM5ŒZKÂ_IÃZCdí”á.å∆cë’'?&I©%˙Ï#eíqïÆJµz∆2ã÷#ﬁ%SïRË_AÛò…xÎ≤2ƒ•i9r—EúI¢H'LÁÒœi•¶XŒÀ¬Ò<ö{fcÔ>C‰1ç4-YB!Z ÂıæÀnˆÑ˘ÃE§cê≤üSM:bjFPö}O¥Ÿ3"˙ÃG„îÆpo¥1I:íì;O)°Íum“0·˘(∫Ù¥ŒQ4 V[¶úäqcò⁄eûVÍLsär	„ßWdñ€¶Ñdª©à∆Á+ÀyiüàG`çdc+R"úÛ∆Xåk2˙Yã]ÍS=Ü€p·∑îÃbYïâ„i˛LíR∏í1)(Y
%qá>£ Ãe6ËF2â’dcñcIÙ9!ß§!.$í6⁄Ú„ƒâÍéÙ‰åÓπ∫}ó´•bXVMVê÷sÓ>C‰1ú§“\π∏JLØ5KTﬂzÈ≥Ñ§πå„ó*aYZZU›≤FVï&ü[1ò÷CÏ1ç {zeï(BL£¨»†z°§ëUu+&mÂππÆ¢UUWLÖé&"qûΩ3«äî§∂cX¶EbπÀ"W~›&ÊÚ’ƒ∆'9jÕY¯Ö*ßíc÷Cç4°CRKZliÃÁ–í∆Üπ)·∂‹9™ºóë‚yãH∆I˘"Ldí‚òââHí£$b1mñ[f2ìTIçB‰W]ıN+=g;∆—"p—HG]c [_≈ç˙UŸmıÌ>ÕKnÜîÃcXåßiˆ>ï˜!ÒòµZBV^ªñ≠œı≈>)‘u‘I⁄(©gz&òŸ%=I:c1ºo#˚G„LeOˆ‘Ã ‘Í€≠d1¶∏Œ)∑tèü,7ñ≤4EH€zª´™´D,JTùiô)⁄©&jr'SL‰à2J√ ∫tÂóñúb≈Ö´º∑öÚ’>˛≠8Û.|“‰ öT‚ÊÜ˚MT<œ>±# \q1SJYk)éÆ≠%
O…íAàJfTúD§dlëàƒ€vÓùåämîIàÉÖ∫<5DôÃÁŒbIHàZÈÃZÁñΩ*BëCDÈ:i£ΩCzï*Üq$CƒÚ∂€ G“}Á»æC›>Œ≤:z Zî!!jv€©®ƒNªTYZZÍ}Í$°îπ"nõdåãÏ1åXï!´K^fx⁄'TöZÃbcöMºógœá	(ºî‹8ôG•4›ÂßulìçHü}S»ƒCóFRÖJÂD„RÌ°2äã‘™¶F,Xå∑wñÚUî3¬·IZ§Hã(Çt€∫πºO*˙à≤5‘˚%I#U‚fìJb9˘2H ÇRRë":»7∆U6QLìΩ≤Lf=7B9eæÖú˘L"HDiåÏæA,m±b$BI1ß>RB;‘ÂçRSï¯ÉÃ€9>ìÌ>EÚ(◊ fAúfB…â|üµm—/‚:€i€msß¶∏ßïºkkÏXœ≈®*∫Z‰§ñòé¶TÎ2ƒ•rÃïVﬁ>)’ºÑ°◊ØhO5˚Õn’'+4∆2“ûA.Ø%:!I56≠–òÈ÷D;uã.≥U’ªT®s¯bE∏Z≠N≠8ô3#n^î˙EXØ⁄nª"$eIœ9„≈¢f&ó‰» Çµ"dùÃ˚èM≈SO∂Vê…åf=Sn[™¢§Œ|¶:ít \Çu#⁄›$HÑ!ÎúiÍÖ¥HµJTÍ¥Œ¢ff‹æ¿è©˝è‚>e;dåΩ—î≤G©§ÙŸ◊¨"◊iß´l_ƒÈßÆ°"ó9çbVæ¬≈û™ïK≠N˚¶!:◊rºn[¨µñ˚˛Ls2U›4åïÌ‹êÍ≥S´mAåí\È∂5«*YnäP•töU"$e=e¢#Auuñ©—Eπ¯íI‹zg%yÛIàÕ§`2P»r–ÈTÍFQ.\ù 5ë°Y˘2dI:ëio+1æ”ñﬂS¢¥ÜH…1ò∆^€≠C˙^wÚ§Dì∂ö&•¿ˆ∑HM9$zÓ´O|I)CùPÀ“!Aù∑-T4}OÏ>:ÌT∂d›Y:D©)Z∫⁄0àB8ÂÀMQƒ=≠ŒôZë6⁄hƒcY∞ÉÒcDΩHÙ∂˜UﬁÂxÎ€…ñÈƒ¸¯‚`ßy="Î-∫á'¶Û=5…P±àÅ>ÎÇ\ßZjWu‘·¶ù7(ª≥8ƒ•÷Kª…M—CkÒ$ìπ$≠5…8ı ó)eü)|Î*˙è13-Q$Ç rÊΩ´∫FU» »~HÉíKDD°ôu”p="õ{ëíc eˇ P}/1Ò§DàÓ®¢\9êä$Ω*ó$Íé°ïßæ-1ôE"I!ÁΩc©>≥Ï>öÙÍÔsñd,ëëRvPÙ∆IàBÿ∆Rˆ∑$åg∫UL¬ÒôO∞ìÒeipPÑ¥◊(ßÈºÆi€∑S8£Ç^[´ööÕwHíi:¨ÆFwì32°5Í^írS´o©∑"ZBjÊ‡söÍ±∆,|∑uíÚ[¶ÈûZg‚DNõÇKÙµBhr·ÕœácÈï1)R•3	),iß≤nÍAëPÚí ∆Bî'iq¨⁄ì¶4◊
Ò#$ÇFÌ∂é1©_JÃæGcrrï":M6AE	Àë4^ì8=#ÇËÖ´BHó3◊q9Yˆ≈J’˙ßçÕQ∆Yê±^ΩÕ›˜Ldƒ"RñSo∂pc˛z©Ω!™:ÓÑ»æ≈+ÒjìB‹%§sñYÈ<Ø’Z®ò≈3Z…tuÂ™iä•˙ª∫ÙÓ\(Ö&6qıL»Í˙ﬂ©1B«·cp’™…ñ±còU˚*Ú^K™tÎ™Z…Uá©∫hzZ£≤÷ôzfï}/∞‰§…P∏ãEÉ#≈YTﬁ;∑˘'#)£N[2åç„’jøô(ó]:m√+I˝1Ò \ùJR2∆Aâ\¥#í[…^‚Òâ§$•ß§∏“ó§$µzbBpÚgqπØ©˝gƒb{ßW§5ëe-JS«<,[mêb&fîXŒ”ÍV=ß—eˇ LO%}µÒer5#◊I≠d˜ñ˝3ƒ+˜˚?n*°∫ßR¨o™ﬁZ»õ‘,s"Ne&zÔ1î]e™uÎ¬H°EEîA˚+"úI∂›VKºîÈ“j[ªÀñÚ˛§Z¢	∂ôZÇt ∞ôè¶ìá.ô.rıSKà»Audòïüë ƒbR1¨Dkí3)Do€’KR6âsEF®b3ôOâbTâ€ ¿Yo≤u;23¬µo≤„MT©H‚(B◊Kñ‡±èPK˙O¨¯Ã$Ø<d!s!î≤DíÚÂ´I3Ω ¿J;uE°Ï“◊D2˜ÃF#)ˆœ∆>¥—:C◊z´‘ª2î›d©jqOß^›IÖ’’˙Rû[ıOßî1N9Ö$î&á©D’›’6⁄1¨*NÆÌ—Ì\∆<|¶ÍÍÍÍ€Ãs#Ày≤;¸$Íârÿ∂éV†Ze*L¬Û?•"	j}ÌâT‘˘+TÈÀ≈wëpa13ò»iâ%K*•+R7™ë¡µSSRË•o_K»˛Cr˝E'Mˇ C ™%ñ%âb›2€\k^Ñøã‹±(2ée#ËYÒ¨1Â¶§Í!s)ëRôI"ù7™˛Å≈7Mæî5Hñ›kÇ&iiΩ-b1ô≠I¯Á=!πß]ÊÆÛU€∫1cú.[È»&Î/©I‰ªØ^—2•Ãƒ„òîö»ÚMKÍ©ß^Í›5E	DDbQNÔ%ÊyÎ*1F8NÓÆÆÆ™©ú«lÕyÚ‰©? Kì¨J”Ëó-%)iîQf1ÙÆ„%rí$Ím¢õ’*T2ıOÔ ¬c'Híi»Üe)JÁBeS¶V•¡,¢µıÄƒYDç„©lgU7Ûª2£î¨äÂF5åekí•$ä”È‹R˛oTHéIîd•*yÙüQü2ôpÊì‘3)cR-“°È¶∑â∆´}lΩ!≥çsí§±.jìåD®G„Ãm”≠Võ¥Œ›Âªæƒ|¯úe·wÔóWunúê¢yKÃ˘n≠¥A#:©’[πm∑Êb%
ïª∑pÒ,8±bÑ]]∫…N€iD„ôo>O£.Z¯\µ©”⁄'Tíï¶QC0¨«‘®¿NûñŸ⁄zi¨âñv)üyå¬cë$DàfAìÆ"µ%'©´R@Ö©T14}Fc‡x]ñKd *ïwÊ(…<≈<ïj•LL*≈33<-¶›:tÒ9}:^öB:ãÖƒ5ÙØ©|+ÊPú⁄°¶†ÜﬁB«©$Â+\„ó-=ap ∆ıG9b˛îîJkMRKòî,ß‘I¯ı[{NX›VJÀl≈0„åã0‘í:´¶à∑NÜB«2∏Á ¢€âRäznÍZm¢wÆï™DOÎXñ/4dtÈ‰mß3èÜfº˘≤’&ë¯"I£mñ=/‚ ÷#1Ù™úDà≠NíΩÛÀMdT¨d4}Ê3	åZD§Hõ3jÜπ*äB›ïëà¢éÀ˙^c·0U-CNù¥—Û…-b^eP◊ôôNm¢e∑÷ÿ 1àÈ‘ÌÀ¶üSÇ”R2uÙüY/ù@ÀR„ì´,≠I:cói£çåc”ﬂ9kõDâPä9ŒRKòî,´ÍR~9J°2ÖæÕ'uWñÈƒ`√á2;N™´wñ*íıÃkïœ%6îyîäm°,åù!%S^ìm9•K$dãñÀ2∂Í≠≤3é-fØß%€ööG‡IRµ„íE˝—Z∆ey 1íı-4ÏGïKV©eTAÚ*&2Nc⁄j˚óR--q3Ñ¶©B%RCU-#È2üÅ∑dÆ2N’P‹8åâòSER@ÃÑê§E€ÔFQåBÚ9tÂàÇéÀÔ”_U~=¸‰îÎHzïÀVV§ùsœõùx®•6ù¸súÂåzD§IBê $F%cÎ$¸`ï¢_XÜ=uU›‰™Öáre»Ï•eî‰ë›W©∫fG`e4‘yiµG<∑zB8Ÿ'(ÎjÂíM≈ªª∫™ªl«î÷lôÚÂø>*ny¯E∏⁄(dìß∂€ßn\—UXi9tÿúπ(ë§§≤ù≤´!≈~A¡ÑƒHﬂ`≈¶zNLá%jtƒŸ∆74Íõ$Å)õ$Â39ë|kjîÈ©L°îb0X÷ŒR‚û@’ÃÃÃ§QE∂˚÷€ƒ!Î"ïJRIB£Æ™¶ïg>•0õu§Pà’ñP…r–Ü#(ƒHÊÁò…”ü<R¢•øV1ÍI&RΩ§ìT¶|‚Q9ÁÌq_å©™bƒò”L´ªmF,x¢VKªó€´∫Ø<Îg$ôq„)ñ77Ô≤á~õùw¨jàJXƒ°$·≈.CígÃé≠ŸmëÜq%Wõ%ï
\‹µ¯M-F‰≠JZzÎnù]Mcy¢ÍT¥ÈàM]\Z¥zª™ÙﬁR…$˚à0òâ†≈™‘ÍÈT◊II!∂Ë[‰®$EíôC(ÃYÒ,*äé$ K¿Ic0∑™hKë´%Hê 2Ô£Œ5:zo%M7$âIo¥6ü¨ÔÈ˘òÙ…)z∫∂ %ÀíJïàëªd¸qItƒQC‘íÊΩ›u4–  o	åŒ˛‚∆íÈ∂Æõn™ÆÓ´«ä1'YÚÂT©‰¨î…(Gü<D6·IÈåDÃƒ≈MãR=JsCàé9¢"q˛∫≈ìP§∆R„ö.≠Ã‚î;¨∑vxq·ÕŒEKC$ì±πêøáM±ñ'äÚﬂ—M‡ E°n»'UUT˙Ãéâ$˚à0ò‹≥ê±ÍéJsërw$äm∂!àDêßLZµEÀ>	Eí”ìçRcX÷%åƒ6Î≤-H›4Ê¶∫›â‘í6È’VJÜI$íd¥“9ò˙OÖ¸¥ûô%i¢ÜPâ$ëÎ&êõu®'MíõßlEöúç”B$I™$oä˙+Ì!~8íä‘>∂›ª´ª©X#‹óí…)”oúû|8Jf1˘‡»âî'ub9)§§j‘£®S112Â¨±qÁ°Ú’ìé0x™™uœ˘©µëQ¯=HÜF‰cB›7∫v»yk>∞Icëdí˝SßZ£ …RæÂ"¥%
5»ü9ì‰áNõoIr¥âp÷õU⁄)39g¬a-€ë$Ê’kÄí xÜV•≠'Mæß4©”¨µLD¢\∫ßM”≤5.\πw™TñæÉÈ>3ÊrŒ∑%Ì∫tŸB%Àù3 ı÷ı)n\ñ1úCMR“$eDí2˜Ñáú˚g„…)” ÔßWWuM`«2™≤]”:›4/·J„^0„Q‚°•¢§nõ‘ \Û∆ÎOPA33%>‰t§JfÜUX±‚≈Á3∫g"|π• úã*£Ç$CPµ:°‘ﬂßW^ÜQg%f3Æ`HNŸ'´¨z„VöÖ+Ú»$ëA#^bYòb‹êSmæÚeÕ£≤A-ªr”Î(Œd>»YåJT¶¨±Ã"2¬r’K:›Í•NΩdmˆI)ÀE6˙€!Q.ZrÌıª:g>ì‚>r4Î≥Ol¢ƒVë$Ó ◊[Ïíí¢âpÌΩ-1ó§JCµ.[-≠b Œ}Ü#Ò˙∂⁄ £’]›Qé0≈é›7ß™÷Â∂ú9}1ƒLÍá14QLï3ƒí¢ﬂ¶˙IåÅ^Æù7‹+îS¢c´-∂îƒCñ≠≤¨ è¬àîó"i	˙∫ªãößu5#e§ºÊ3	`‘ï•§dñä+≈MÀî'˘dN§∆ÁIIFA•-rd°∑J†î’ß© GlBc(˙á„ÃEñ†Å)Te,íL.]ça\≤â%˜O]B¨geÀß+mˆ[}UK”t–åÎÈ_Ûí1ùÏ±mZÂjI$kñPˆà!2 $óuﬁ™E6Vë;b‘í2ƒ#ôŒ}Ü3Ò˙ΩIéÆÓëé1ƒôk©9iSsC£Ωì™‚±Ã.˚˝æ¶bfrîËzÖ*Ñ˚Um‘”rcò]vÈ€∂˚âYmë∞N<œËª®Q4≤o!ôR¸"JR‘P´’÷K«XùñHärÏÅôÃ¬0ú„“≤jN\ƒµeîu?ºìÇ	‘∏®©“td˛eñQB!√-TÚH›J„˙'2¯%î°A‘€»d$Fúƒπj¥òéY‘ÂJkÕÕ°25o”t˚.üe¡
”“\Œ}Gƒ`s]c^YeÈÈ	À÷AÈèPCnÜ!™j¶™ªO®M>äi"FXâ0	ÁØ¨ÉÒ˙•ÂOr]]\ëéfK∑ríÎä“vË{ôQDò÷%€∑ó‚òàñÛ€¶…âH∑ïm€ÜJÇi:)∫t´b¡SE,qãÁXÚW’õ&IQ3)Z•ëŸò≥bë5ì]∑oåß…Ü≠À»Ò≥:œ&+õñªbR*,∑G˚…1êA-‘91í”E¢õ©©tP“RKÙÍüeAŒY$¶5œ§Œ˛Ç®¢IØI∑n‹	b#xﬂl±
T©k(…rÂ∑€t1öîd›9$zóà∆d”KYﬂ“˛3;∑$∏iRµhdúDÔ Ù”‘8eB(eÍ[}¶û§‚RT©Iî"Vπﬂ‘A¯·*Ì]›‘ë0—WU"nΩ+™uÓØ≠1-Y«4≤à¡¢rﬁKt™D˙Ö*,§›,rzYVUü˜*¢V<±Mf»Ó,RdÀÙ˝YÛ…ècòô,¢ L≥1g·—.H÷V2Íåd6˙™ûJáï„rÚô]»$£≥Zb⁄¶Â˜!i°y$Hµ9sR"ûG’Ldí2ìZOÆõDêíe∏r€m◊‘Û	Ûå…S^¶ÊãV@ådø]äUN…$ZfA§¶eP›ÑKÏ≥&ôD¥€™öƒÒªÂ$ôÙIÒÓ»$Ö#V≠P……◊r:;◊©pIJÑ"ìW<í¥ƒpó,ÖSƒú‘ÚLZŒ}$üéeWudìSK%4N®wÎµ]‚ñ7àómò£IíÌ¡ä±‹›eÕï€hõW.IuWuNë%S|KâMJ≈Ç1ówXÒ·√Á-˝G—óò£ï'[ßMîR≥1g·©$ÅôuNÈºdç∫VÍ»2ëJÓÏsäe€U,b˛ëJ’.sÚò»$ëí@àpÀ2ù…:°ˇ 5§AçrïÃ$:tﬂ“e>#Áßyji‘∏iŸëA‹Té•)Q$ÜÚ>…")4”öûJ€∆"Jm¡ÑÇ∂ƒö˙“|&N2‘(R•5ê»dmÀóÆñV⁄j)TÈ¢U&VëZ¢?â÷%SƒöΩ#‹ÔÈp~<N™ÓÓ´äx- ›∑-”q*Cúi;©1(∑ñ⁄IA5˚+-ﬂ]˚˝ìxî¶Í≠≥íî‹
ïÀô˝p¿ÓÚ]∆<ëó'—ü>J1ƒL)eUMî≠fV~Ge¡#yZ»3	%:©Æ—g/¥È3L°ùó—PQe.3ÚêA‘ív>”°ìß®M?·°ãPb’í(g~É)Ú´'PI%Ao'."äÇFYíΩMCñ4”Tº§7⁄t=!®1Vû•sÈ_R¯åÈçJÇT™2ºÜ]KñüØI‰ê◊%c\±íIC/H°î@¥îÆb-∂µìH∆7ù˝/ªºïhâQK¯íÍ≠◊U6å#tƒítﬁ2O}âXˇ \√uë– nìƒ∞"∆Ë‰…ó.cå3ä-:´∫ïÛIì/—ü.VîD ëk¨»1ÈôÂüÑƒA◊LjÃâ¨btËíF•gS∫-„r˚Ejw’IÓ+t}‰êA"}íu$5Mÿ…⁄XÊÂ¶∂’RA“∂∆ôù‰>GÜªJSP@ä-À∑Åˆ\1b ëô∫áπlc¡èLiçΩAàÇˇ â9ÙØ¨¯ÃÌàƒ·…fbÃäâ%˙wÓ*›4Árc’îI#zEjD"T¶C™ı-ºõÅôœ†ƒ|Î5›£Ñ[B“=]6ﬂSDÆ˚lZ∑û§≈Ò®XÓ2∫©cv»ú1ãTS8:önfq˛Ø¢ÍÓõQ†ºôÛe DLrD-¢”û5Eôåá·7$∫Nã-5{JI9&u∆Àvbñ ‘àciÀG9ñ7÷~@ìåì≤‰ç!5I—ƒ¥åeçPÙö)$íR-=4”Tg2;¡rŸ)§±à£(õxIDöjT°ñ\‘LŒ•ı∂˙1úÚ‚¶á©/Pb °.reØ§˚å¿NËD8©™2î≤!6€Ï’[rÂ∫NH’îHõeÈ1í$'-íSÏ◊´b fsË1ü^LñJÅ:∑hGÆµZí'mß:Ω+ä√qÚuô‰¶êÍÌ‘¨1ä2ÁWN±
e#—ﬂo#ºKYrÂ≤bgÑÆ-y,cEôåá·í!∂‰±î©%Dî"N´∑d—ë≥I≠NÿâìíYê¶õØΩ…åÇtâ GŸn∫éı8°™Té™nIJeJj¥∆2ÃÊCÅ√$‚P•TÂ\Ê"%ÀMåíN4Êßıº\IOõV›¨äõìå≤é4ïåÉíî◊‘}á∆`ëD©RKo#£6”Cü)PƒÊΩKó]+H[≠"ìLëÏ6"¥é÷§ñÎ=gp˛[ªmL :ƒHÜÍ€ƒ¶Q›1¶öô«è‚)™¨π2[´ˆÌ¥°a0ì6î,v]J¡é0º7-ß◊N∞¨RÕó?—YdXÊµ»ñ∑⁄∆Qfbœ¬ø^•™m¶5H•Sƒò›; k.±ì¶=J’	ßÿiîd(E?∏í	'HíæΩINZ”~°À(±ˇ I"Rö¥Ü4’Œuî¿`pƒ‰JÕ,…ÎMT8I=I(côÂLœ2,Ö	Àu4Z•∫ïàƒ©!U_AˆØë¸ÓDí•âJfVﬁm1t⁄mTÒj	4Íﬂ}'ÀLCm≤tıEiiãI”ŒÛ∏x)9ô≈·°¢ut˜ÂB√·Ì|J„^q∆9âö´wTÀ(G#âXñé|›^Nb«Ç!dy*üøŸÔ`√&\ˇ G”õ6'Ü'ÍiÍ5ÁúZ¢ùôã?πi°!œäuRyà∏Ú¶¶è9ck3Ó24ˆû®B‘L ®Eq&2D!I'tÜcá4c$EöÁ$Nj2oém}ôa0ê–â%¡*Ã≈k
k÷:≈]zÇGÆXüzö~≠Â,DA'i‘µ¶4åF…I-Yò˚èê˘»ä!$•MŒdÃ∫ÚßÕ"tﬂ8A/≥N≠˜≤˝]vF1ìß®€8ó(Cßö≥80(úP¶ä}mõΩ7.\"äÏ©è÷‰‰∆<syGì€tËJ'®Xq∆2_)eºóÁ,sÂº˜T6D|ÿ•fø£ÈÕëøú¿†•châ·÷›zm∫tYú≥Õ≤DH¥ä,©ëT:<˘•jVi∆®œ¨f=1Î®cîñ†C÷Rö)}ƒò…êâi≠≠b(cNbeqîökúÑµ//kT}+:ƒ∞®$ùIåíÃÂ¡5-B¬!åÇåõÍ}Î2´-uîöëà¬YG-g>„Â>b&‹JJ÷eFRWY≈4¥Ÿ-WdeŒªM9)=N´Q˝7NF˚Uï‰åX∞c«-”c	*TÜí∆I⁄(¢Lq’ÆDDBk#∫wÈ6^§óç¬Q10ñjÕIb≈èÍ2≥’6F<¢o/’Ùfæ9˘V3fI•/¢é≤é∂2ïôã?öÏπ#uUU‘GÒE≥LMœ–à1Íá¥Jr–à˛2îH◊ﬁIåëZó.FvYç∫È…P©P∆4ó“ Ì6w◊YùgXV%$®TAñgTIÄcQ8ñöï;eúkÇÃÖÆ@‘°ß∂öiâb0ñc‘Íœ†˚èî˘âHC!ÀíK3ePöD§≤i∂Ùúí2∆HŒ”í
ßOHÔv€jù:™§±b√èCT€»RR¥Œr˙ıtÃSäWNLb!”»S¢D6∆ñ±âS1[Ànq·¡áYê•E>ƒ`√ñ˛ú˘2•0„…ä•⁄ ôâï∫⁄’,Ürœ¬´LÇ'O≠ŸN\ì¸QKÃ¢r/°5já§I#—∆Rî™>ÚH$íRLDí∆Hâ:'.\V¯-°JmîuWsôÃ&"LNE2f)#π°i)€)yÛP–ÜYILOï<ÛIÆqÕKï18ä%¶üiÁ>„‰>DßämAíQò£"Ñ”Ldk+mΩ¢HIÆ=Q$=N÷‰G(°øNΩ"b1b≈⁄∑mø]íD2ä◊{È∑nëÇQwwÍ\“∏∑wV€ñüG,ïâc!Bì&LπX±`útÚ€,∑f9˘„åóıgº“c«8Í1.‚®m‰≈¶úµEjuFC9g·JïjõÈj» H‡’L,§,ãÈ‘πIÓD›uÎb ®Ey$JëHó—ù3‘‘ºnõ˛∑$ß¶6«§Û<Ê#∆c%e ÇFg“0/-Iâ€ñöÒB\§Áœ§ÂD«	Ni4¶b¢ß âô)¶úæ—ò˚œå˘^|‹ƒÚI-Â»‡z•dæ‰o˙∆DÒœó4ís3
¶ßœë)©I2ä(mπ1F<Sè:WWWNì$ë∑O≠˜≠ÍNÆÚ:Ï¥’+wWO©ß"GòôX8Ûwì'qFSÚ[…Lò√Éd…Ù˝Û√≈8°MÃî∏±òìZj¶◊%2åÜbœ¬5$îw®EcQ*T8’≥ æùA)V—÷ÙîjNeõC>ÚH ë>∂ö$KúI.±πsQN∂⁄9©$≠St1£9ô·1,f2^S$åÃ1<¥*≈ORJIÌàMè\§ŒL§ß¬ÜQƒ§∂ˆú∂-!6≥OﬁæWÒºb\µ	§ëo+ßë‚+M“R’™\Kx»cz≠7$πr’i9d"õ(∂‹¨X±b«â,˜WvÎRJGjÆ˚›w\Nr<Œ’Hâ“zr—$ \‰(åº‰…y«áE’‰mª∫¨S¨Ÿ˛åπ,ÖÄƒπcØX\”l∑Ü˝∫/Hef,¸(∆§ïkRJ©∏∆†íSTôZf3)üX»’è\”ÑFíì*»∏œ»A€i…$ú‚MúÒ¬z4‘≠Àñ∆S˛ösŒÇ÷GàÖ3Fw‘aG1RÖ∆öe8hc¨gSı4Ü®zÔX÷îƒT ‘àŒ}Á |f75%(M%ÀYõ´1î€vÍ[tVª§I5Ô´Tö‰§˝ª™n∑'q’S™uT‘‚≈è(«áô2f…WwŸé|é™©˜]<±∑]ZíSzB®∏j	H‰„úxbóíÃQãE’‰°ñÌƒ‡ƒÁ-Áœy9˙Á∆®…}Ê2’KM9ßM¥ ,ÃY¯Sî"]∫•p‰n…pA%2ä~¢≥^eÃjucÜ”zÍp÷§ dey#©±KNZ∏S+îπ	äì◊V—#(ß‘# å±ıN
ï'm·xö-Á“1ﬁ±ò’LLh≤»:ÿÜÌΩ&âRQE˙GYƒ¢".8ﬂdÔ—_s˘Oêá. b}…YÈ” ∑VÔ‘◊jõge∂öiß"›!b-ˆòÖ©*ùU∫Qã(â≈
ÚÁÀöÓ©ÍIP˝”e6“ÂLÚïëßT—"$Ñåéî)òÖ1)‰…î«è«O.MQm∆R≥Ê˙~ºπÒ(ƒ±¯Ö.å§/8bSV≤,	&πFD’$ö¢Ã∆CáhIV±T®òâíFRjß$≤jÎ ÷2ucô#9ÂN4î§≥_™y$÷íbR!I#\”Buj•Àc'i"ù§Hî¨ÀÌ0IZ≥âßo.Ò∏ﬁ#°– ,¢?ÑŸC\DÜ2ä8ä•]É%ñ1ôÙiÚü+äóŸ+]»g°Êu]Ï”§gSDíu4ÌãTvòÙ©9}ßM“úX‚bqG2‰œñ≠Ω ì©îS cQ27EíLrãt@µ.[´s3éa‚ae™£,0‚≥=∂:¶‚#ì'ŸüÈœ5Ò©I8R©’ê°A-’ºÜ“πj•M+2åá·6íöõ)aòìÃ«í[∆dYË±í·ñ3ΩíI(\ùg3iüq$I)&∏ÑIàCZÌ6€Nji∂ÊïtÌiÆ"I÷wˆnîòÑYêz∆C÷#ZÅ¢ÙíÈR™8—ç±î1+N^3&GLDå˙O¥˘èï¿ú“pŸ’VgV75ô÷‡n¥Ùá©$G{-UWSÌ6€Î•ÀuUMN(«&óü&ZËé%'Võ™m…ï-∫mç%
GTsàÏπÆµäbjZâ¬™Ú⁄x£˚Ù›_™∑hâ±ﬁlﬂf\µÅ|h∆rì}dKM’;1</çR¥”\≥!ïÊ,¸iìRYë ≈ı	O,çP€´¨ÆFYNeÏúÑKNFÛºß˚… íI⁄\$∆°q5EW¢óUM˙mR•]TÜºπJRÃ˛∑ÛòLFYGìBXåGë¢Œ-S™T´ΩßŸpËCT4[b$∆±©2ï§KoË>„Á>B@úSt˚UïŸn]ïπ˜√îëÓìß‘›6€s™“;ÈπXÒƒa*Úf…u¸#ùÏÍ›WdDí®¶Î¢JRÔÜ”á"òî2&1S…ë÷)¡ã4fÀó%U[πp*…y≤ﬁO§µÛØçYâßmÈò–üFQ'Ã– ,c;o)î Y¯!ô*o»Ì‚1´j∞çßêÉ∂ÍÆ™≠°ª-¡vÎr%ÁŒ•»Üf-L‘˛@í	 ëI§±Œ8N[VØRPÙü•©◊}C8Œo3˙üÃ`h£≠À¬"’íPåN†ƒ€Ïπl¢Ùä-”LÎß]óç±&P∆[$ï4ÌZ“}Œ}∆„!rSq~€Ì<ÖAe.qjéß∫$îı;zÓ¨då{mπ1ƒ¡)J´ Óã⁄'M¢JvŒ!*´lJeOÍzo≤AéfN…)‰…ï‘OÕã$≤^k∑t»ô∆€…õ=eìËåãÚAWÌ
|LΩ!/5
p	∑E´ vd3~ßë¬ƒ≤+1Ì…â›≈Y#´ª≤«¶]QåçX˜
V∫I.NfõôV~Dí	 ñüSÏ¨Sä.hÇeñZrïñâ\g#¯‡ y_“|Ê%¢'Jπ…2ú˘ƒ°$b}ÍjªE."ïîNªÆIåÈM∂3&†í\T∫,zZ˙∏˘œåçuíw•v‡±ÍgÖùMi∂·ÀzG[o]ÌÍ_ho”©1Ã)jfi’Uu∫⁄:Ëâ-éDí:Í$ì£JxÎ•Öä1¿Œwˆ÷gp|ÿbEeª…Wm•éYñÚg…ñqı,«Œ|eêdÇ'√ñ∏îûπ„éù7ëå≤ÃÜbœ¡îRâ∆YSé€öƒÏƒRE;lïi¶® 3±ÆrIm∑”∞ÂßïŸ€ØΩ…íH¥â1Œ(É52UuCLcñµ$íé)îﬂ•]m∫2üIÄ˘‹2&#Ã‹ÂRök4cTöi∫™Md)OÒﬁ¢i_∑Z£&§B Ü∆úTqAˆü1Ú¶2fR  ∂⁄$z…§K(n\>Îè˙°í2©“jqcPâô›’6€£ú◊%Atˆ°lÁìΩë.Sb:‹Œ(àˆÓh∑WÍV_.$Ø%›ÊºµXÒœœ˙≥F[•8"#ÏYèú¯ÀP≠y∆cix©‚á,ùbVU*O µfC# Q¯2ì ÇŒcVd%b2<Må∫¶Igü#0Ãd§—’Jùi	I ^¨˚â íD-%&7é’e}öıT⁄cJ|πkí•%©h∑‘˙2åá“b>zäoò‘ò‹ª39¶˚•It™i?N©¶õtRHc‹ˇ M€∑Ÿâ!∂´’V≥Ø∏˘œê∆tf)§ƒ3)E®õT*ä÷AâŒ¨bp÷ñ´˘EE:dF,3ç§§uTÙ”\‚OI)PÍé523§•T§“òè4Vª‘cX≈u~¢˝‰™$¡6<EÂªÀíÚ˚à˘∞<y´ÍœûÂDaô_lg_1ÒçD‘<s‘π2L©TRîby*µÓÍk∂d2ô?€¢+÷2À ƒeX€∑T3à° ÚÎï%î6⁄{B'Q¨ÆŸgﬁIH¥Ñ'éÒô
´KI¶ı*7’SV…82Ãá–c0ı$∆Iuùß‘Aåô·m¶˚T©QCzzDØÂ∫/PKN\:”lñåÎÔ>c‰#}¿X‘îft2Æﬂe¶YB'TPàÒ_ Gjà«É8©sœMúc^9¥¶RunXê∆ƒ¢ÒO<D%N©”bS0ìcB•Tyà¡8€…ì.\’ì
˘p·å˜ˆgœëN<3ä#˝ÒÙØú¯ıé\∏Ò2Ab”Hn*Èå…nÂˆûGî»Y¯fõpBπÛ!dò^A’$Yﬁ‰y5Ö)J ƒH–µ"1îe´ÆŸ˜Ií$I¬N›irr∆›uÂ∑Æ´ÙàM=Qê˙fªåKÊC3ñIçÿàc’æÀö¶…+L‚R=-=5ìRÂ¢HŸ$ôœº˘èêç=`(i+3ß5í©íN®ΩFôZÅii¶øÜ[là¡á5>jlmmä|“z‚RS™‘Î≠í±ÃÕàKÃ *ÆÍõâôI
|ﬁ§ï8„(ì÷[ÕñÓ…$ÂøØ>|æqb≈ã¬å3˘	˙ñ‚÷1'<î“,DåΩ7,jåÃçYo# Q¯a∆Ò∫9+!dòÜ5êÜòµi&≤,´òÑ—e4î¶∏Ñ¶T ∑ö©ßG‹AêJ„PíÛ*:r–˜"vQ›v)1åu-€ÀYLÊ3i‡JbyîÃ"Ld(R˚EjleÈ	∫Ïè|GG¸yk*¢\	"ß©HŒ}ÁŒ|Ü=3ò.rÃ≈”∫b$Zeàç=r©sR—ﬁ∑o∏ßX‘Ã˘Ã]™x≈R°.q∂ƒrF=r&Sr•rù]€Æí¶fI!)¢≈38¢1Ã$]fªs0`åy~Ø£6nF,x¶Nb_yı¨'∆I5#BS´”$C,À®’ª2J?
4C«MŒ≤∫pbOY\ù'\„4gäöN€8‰E>ÀítÍÓ€H£Ó$Ç ZÇE*&2*%»Â≠'N¥Ö>eeÑCtﬂh }&#	˘ó#YXPÃoñöc‘â∫mÌn[}“˛Á
36#ëå¢F2DæÉÔ0ãMÆZÃ≤või¿µEàèÊr%*)Ωˆù£xíJVZÀgtårQC\’kúb}zôôuÍHû]]ªí£ î•¶Jì”Ø>&qHÚNJ…ì-‹Fö0›◊”y—Ò„òhF5˜Ø¨¿|i…:ßÀó§∏ M5ßn∆INùª2~9»¶±WzûwWé:uYí$ñ§ÊeúÛ*Iu§ E4‰ó-’[™m¢è∏í ñô.‘ù≤…1úr◊
màO´¯‚ÖHﬂQO!Ùòå..•r÷D’A-içàÎmùÍ…Ôî˙€∫º÷ú¨kP=UzÇO§˚Ã»c}c0„V≥,ä—CLeàìªîó ïqqIç∫o?üÁåHJf´-—ÕL(ì≠πkÀ*ùmΩI1«uR@ùdºåÛ	Ø<cπ…6≠dˆúëâ*»⁄ª Ô,¡ñ≥‰∫âò«1%íΩ˝o•8Â§H¶ï§§iÈÆq∂QeêQJÀ2~ÊD£§ëù€ƒ;wM…"jë…HŒ≥“pî§ÙÑÿ’íIwu~Íª#>‚H$íD!MM´n¶b!'5¶´\=+ıÈTπ*T“%R»æìÅ„mü-KGm‰’ìX‹¶Vñòˆµ”≠°·ﬁ¶1îe$á/©¿∆=Cóù}ÎÚ(€0µRÀ3e’È($°¨öü·)…!”≤ m∑Û‚≈ˆ_º÷È¶vbg˘g™´hôSQHDIVÈ)Uª#ÎÛ¶1c˝G•P‡ÖÇyc∫™√è‰¡3ü7—Ù]Û•
S+P‰¸Åı¡314"ETŸ¬≠“z„MT‰2<ctYê»3b)%	$©gV±òjùÍDµ#:ûsË®xﬂ{O©àeë…G$gﬁIí!ìÇG%N™Æª⁄˛¶⁄}$Çπs…Ns/®∆a!∂ÎÁ∏µ~™ÚR3Ò‘À’k∫zÏΩΩ!MjtıFbH'H∆7÷23ê0"âÛ 1ñûC;∑l∂"D1ó©:!9éÀ™∫™™'X¶_\˙wëÀ¶‹F8¥ﬂz7TP…òï6T¯âE›4D¡tÈ(X’îÙ◊ sx‹•5é1ïï€uí‹c˘0‚úŸ~ú˘™TDBò$e2?»QÛüEIKàÈŒR±π§˝K≠Qò Ò∂2Ã•å¸!%%1$ñ≥´âXµg!ï3Zì9Ù∏x≈™:örPƒ•È≠Sœ∏í	$ëjsP˚"En∑◊MΩ!∆Kı.∆°39ıåD∑TT‹ﬂ∫∫∏¨ıàí∆1â»«™%ß—È¯zG)ÃA$Æ%
Ö™ É1˘Ò,s )b‘à»Ûªw™‘í#¥^ß¯Dπ}nÍ®à√ä NÓΩ[Îs8·ÏBm’Sód©Rz≤Q⁄∂…X vÂDÃ¬µR°O15â„à√ñJ™óUn'Á≈Üo'—Ùf cúS2Ê(°∏xè»/¨¿|&#◊&Ñ©dVâm¿ıFc)àe;2Q¯BFIÈÂ,K-)ôk∞Â€ÏüIıí™lmICIH›∂"õdî}§êHâà$„öp”nä©∂⁄˛$πn°≥íSÃ˛£àñ€x\‘Wm”óî¬±,nJ”(Bm#∫zDÆ%Jä3A	JòVµDf? |«¬H∆5	$7ëÊvP ‘ì∫/S¸"I%»ÃéË«qDpìµu]lÉ%Ná∫o|R¥ËÎ™ØG&d∂DƒÃƒ‘˘Ú◊j9åS‹ï◊N¶0‚¡7yÛÂœ‹k Çà’î2ﬁæ…¬|&%•G©©tYsINËÃZïC,»d(¸Ü‰íƒ7ê≤LcbR≠Q.[‘Iı8vd
%*ﬂ[∑ﬁ”%i&2DI" ù2Ö§’˚tƒvä“˛â$dÚø®É#÷7/,£ïc1ºUƒ1ÌΩµ•¥-µ©°û~Ö&3ó$±Íà1ôè»ü1Òı»€vÚñ1ï©$Z¢ı?ÃàÏ◊¨ÆåSá8ÂôTÈÌ)ò;LΩ=yk ñê””¶Œ"aC(Ö3$d:TìTªÖ»◊îÍ›]+ƒ±aún≥Áœöj#bûIDR§ÊVÔ_d‚_
Çi≥ ÎC¢ä®Ú!îdU)Rsk"µG·7$çrã-˜ï<Ñ—'“}B0ºtﬁTc!5_√,Îm¢R,˚	1í!®◊[dßæÔ¨°È'¥!$A…ëæ€≥Í1òíL‰)1j€1àqX´içqèh§!.L©ÁtÙÑﬁ˛Åﬁ&zß™ ∆g?"|ÁƒB†g[∑ïÿ∆^ë"e©˛"◊]›D‚≈çFîT∂”OS*8zmﬂ¶˝GµC,[âàÛóP§ís[øSR∆©a$„TÍù∑áÒ“˙o>xñ)àÑé2%*dü:˚ó⁄c>zñÃ√PCÎNZG<îÈ—b(eôLÖüÑ”sX˜j iD®QP§g ≥®˙©T$≥*"±ﬂ´c:À”“ˆﬂ÷IåíDßQÆ∑Í*üSM°W¶Ùä9ƒ#ΩäõövÈ:2?•‚1IN\ƒ2ŸâfR†∆±ì5,zcGœ<B%)§ŒÙKúkÀ>çbXóß]®Éö"æs‚ zn>≤ﬁj¶2Œ°4—EÆOâ’•a≈1*CY–≈1Y«4úÚéîßÉum∫°DLçÂrI$Ã™yRá§Z•:íãwm„èü,MfÀıÁªâ√JJüa≠)®ô¿æÛÌxü¿cM74Ô-ªõäLmÈ>”¶€v!îYë‰t~ÎrCı&C!NSÊU.P⁄pR¢uı&∞$Me*&%!ÆVôzc◊F˛∑&2	IJ$o≠ê^êÑvá˝Û˘îíﬂ]fºıÖ‚l•&-bl±Lƒê±ò»T©yPÊó–îÃ§™i	)K¯≥>∞1ísänabYè…ƒ‚∫2
”,Ã[Ômí!QLùÚTÈ’?qcá(Çrd…t©€jfPﬂ<2Ü«¥I-ç–∆3äTDL)£!êKEî!≤TÀ^yâßUun'Ê≈ásg˙~ú◊+bòII€©!Àß&Ô>„¸iSe]≥±sK\›4À›;¨è!G·5…R:«VÚAÖ°™U*`eòÃ«”p&‚≠∑'ï¶[Mç5¶}dòàÑumúÖiÍ}mˇ Í‘ÔÆıôåœÖrƒaàe•8ñr	"±<mï>yEèKLÏπUNÜ•ıUù£	jR“-B∆g?$`>7®k•∆YòΩﬁ•…$îPí““mµ8±DKu≈MåÈ3)æí:ªvÍJ˛TÔ–”\òP¶R]Q*IR*∫mæ…
b•+!˚ªß„üüË˙>å∂îF)Ö°îc$tÍlì˚ÎÓp~2÷G]ßOLí	}(Ùù∑Eà¢ùôAüÖ$‚ùAeçJ∆I÷%IÆ$’¨fUÙ™0ñAzáÈ“m∂3&ê”MkÏ$ƒ@ö:úΩ ô¥ñóÛœ„øÃæùËÃÊSÁXó/XuèM)≈?BÑAâ„§ﬁË±Ítı$çßﬁsü√’ƒ±Œ9Ê§¢Y◊‰å∆@â^bm1ô≈o&ë"$°úCC~ïvV,x·¶I÷‰e≤RmvÍÈπ¶wΩÎ©i∂≈0ûñ≠›I*Dwµ¶%¬µÁ"ì¢úX~|H˙s˝ÚZS0±®%-2åiŸ.\ê}Á⁄C¯*}SoLïNı%MZïê¢÷B∆~ë5∏2© ëì™m°dPd>íå
‘´G{%iµ≈™U¶}Ñòâ∑"§É(µŒm5˝N˘™3òƒôz¿59<Ãíb ñÈ2ãdoâ!àñ¥’‡”Te^q,b—%ÃK<˛Q`>CòôÛ+ ”YrƒQìR@Ñ1àî”Ù™Qä8◊ì®ì%&íM∂âıTŒmàÔQ(ËÜ[≥‰èR9sÂLL§“Ûïq å8p·>ú˘˛ö¥î%&3'uÃsRŒvòóﬂ?rì‡1+:€˛$ì§∂öCÁú™LäïŒEëQ¯S™•≠Aî∑Í+ñ⁄}°π$fBá—4∞+c‡gï<¥Œıå„_a&2D!jE¥*∫Éä|–ÜøÑ9•§%ƒòép≥1ê˘åC/Xòè>bef\à∆ô‘›:cT§CBÙö•Eâ%ÂÀöYàëWF‰íÃo	ò¸™¿æ%Ü?:göú´:≤J2jH“êÜQMºf≈ç&bú≤Œr©ºk»◊òÜ©∑—*◊ˇ ÑJE9-›ä zíUJè	&úWPLF8yıgœÙªï•®P†öU:K§”õ!√¬}Á‹L¸3å°°¶JbMT!|µërá79VEg·ﬂSó/∞Úä∏…ä‚≤V:Eëk)å≥9kG,dÓN°j’&tÛÂœ⁄§∆I$ÓD3©ˆàõ≠6-75%KûÍ“˛,Ãd>c 9ÄígP#3‘òåe¥7WÌPÂOıﬂJ•±)ï54¨»S¬‰Í’J»±ò–ˇ &`_
¬Ü7÷˚O-gvIeÍT°˚-∑DN8±J95v$œ™bÜ—0€¶≈*[Á+OK¯D•4»R≠›≤bU7ÿsDKá-W}ƒ±N<G”Ù˝ETÃƒ°¨s2êú∑R‚™õn…1ºÔ>Â„Êe´HÛIi$íBS…I5K+tÎ∂e2ñ~o≤’v]º≈©18¶•KcHGrSœtV2S““ú‰\òXû6sÔRA$ì¥*o©ßDM∑”âR˝hI.kΩ≥)ï|Ê&V∞Ko‘ZºönkáO≠÷ìñÑö”;$çÀó⁄wVÚ:x	‘Ø6±ídxÃ'“ˇ "˛s‡úR’'¸QîÃY%ñrTÎØHÌU9å1‚ù)◊ü|N:ÜS‰œªß~˝{ˆuΩtKåÏ%§°3%73)@ı;éΩ
+TB≈ßﬁßÎ˙•
gèXàó-ΩCöv5H∆`>„Ó ¸l˘k*íJá2î©híFQ.YfbéÚ÷S)g·ìü2íJ&÷R‘Œ(ï#%¶Áú2]f<‡U´Dé|åB◊r)«‘\‰=˝ÓI íu‘÷∏"à◊XÙ¥ÜSÍ}Lg'¯kÖ∆´Xâ©¶…$¥ ©¨Uâ”ÔYƒëŸß_”JfF‰óÍùª3:ØùÀNDd%Õd¨O˙O»ü)µEúg[»g(Eï©iˇ tÍgxíî%ôïë—Œ:ßT⁄ÙÑ€8Áœî6⁄"e∂⁄%›”JD%JJf51˙ß„ú..Óî„âO._ØË˙n âPrıä£"∂È∂ú9Z§ÃFÓ>‚≈Àó9RQ™ôï¶… ¢ÑN®ŒdsI—î Y¯QÍIC)j!∏°Dœ(C2), %âZ/Q∫9ÕÚ"côL√>“I í_zúæÓåz„Tñ‰jé-!¯iîe2ò:£∏Íj…$¢ÀàƒÌÔä<≤X—”âq$öü™™vÛ|ÓI&M"Î¡_E~E¸á¬Ò6ÍõíÙÃè3±Vë"M1ø]K<≈?¨i&ßIB2û|“¢™µ÷—?¬9ÂÕ:d$wº’™Br’U&≈c®~¢ˇ mÂ Ê#ã¨˘sgªïÇxîÆZÛ*\ﬂ∑M…çJ[i¨k˜ià¸JjåáôZ‚\sÂŸB€¨ıêëU<Übœ¬|L%*ÜBà1´&±“jí÷RK2àƒÌó©Üîµ∏ôè4e2¶æ—A-ió—≥óΩ18kõBßkL£1î˘Ã:¥ÃnìN™ùbXä‘Èeê!èHë&Këçi∑UVÚª;∆‰ë<è≠€ƒbyﬂﬁ|ß¬ÒS™líıfWï–ä+HíJ,ßŸX£@åiñLµ§JM’%,£#∂r¥øÖ©NŸö‰îPÙóôMˆI<˘ímÂ˝ﬂπ\∆,3è+œó>[©!aûJôÂmí”÷3‚cd<'⁄}¶#Ò#-±IUÍ€T@ãõy++≠&ÀyK?%ÁÑ Ú∂‡∆^∞í&›YDÌÂ;ä≠ˆ⁄$§íMRÁ%aï-3" ú˝ÈI.F-¶Ñ"åBE:’Åïµ§- iàC(Ãd>c
Â´1Fù*Mªm¡âc(b◊U:!!åhùQ$åc€tYï”¿Ò9ÓG“åF#Ë>ÛÂ>7äª©/Ve2î"À“$CvËïä1DÒùvIO≤NùvKm€∂ƒ=s¯B›6%)È.7LiLL√öRíí	ãäö¡ä1‰>ÃπÛ›Ú,	©Rö»HÙîÆ9ÖÖyS∆ØPW⁄˛√¯¢ù±ñÌßä•±2»ìI—êµI°ôGG‡ƒ˚“DeyY1¶±!WßI∑ë¢Ã®∆€(DåGz”Ibâô)Z»Ú˚…$í∂â(ƒ&∆ﬁû°≤ÙµŸ%juZMîf2ü1áYâ!∂ÍK‘åeC“£lzëJïZc∆ZŒ3	ÖÀM;$iòñ3ÈyÛƒ‰‡ù£)îz≤¥âi”±,XÒbôÓ#æ˚ﬂnª.k–ï_∫t⁄rˇ é¢W9Æ≥â!âW~ìëB]¯·â∆/Û_ ˛uÉ<ﬂŸüÍœT•BP|ÂKfB$¶Tì1èxÒ‚¢‚•+ÏØ≠·_å2WFË•…xÈ	2»$µŒ5QXÚCó6d2~ó’Hîe2Í#çcO]n[vJµë5≠A¡í=J≈¨e+2ôJØ∫§ÇT©Bi)“(Ç[(oØPr–Ü—$Îœo®eåß a»ŸàíQ4úôçbòT∏óüi"v∆5(d©rÜ1å£9FèRZÑ”X»K˚èù¸uâÀÙÍJ(£!õvP–ú”mbåX¶Dë4ñöi#‘≤≠◊[P”Mi"éùBü<€ªmbü,Ï•,e9¨7ã'Ô¨Ûs8‚O´Ë˙˛öØu'ŒÈÀó⁄ §îä|ƒ„úsÁçQe&ae}UÖ˛0…*kLhK$åπDsÉ(À¶Z»≤î~GSíg2”¨uâ¶ﬁ1Ø.\•C’UKb+R-yòq‚q¬j
ve2¨á⁄I(R4∂îúJà'VP∑åk ƒ2IsH„MQ"K1î˘åC/Xî®L•)e÷3älÉá*gè<Áü)1êKß⁄c(e<Ìò'-ÀmêK˙⁄|Á∆b$m‘:v3!õHµR”íNF<X•uJTB˛93R°E;~ïsÀß.\¥qá¥î$Àwu©%b)∫ôâz∑W/ãy%·à∆ÃøO◊Ù]DÃ8r#N\æ≤Xî•®1L-2Àm”∆˛ ˙k¯≤µzIÕcJRÂÀPËÛ )∑îm∫2ã?
-"\f2çAä¶ùb©”È≤«TÌ¿ƒU{öñéJ‡öπ©e¨ã*˚	 ÇI9§$Ñ"â j’o∏Ff8ì◊©®§ (ï*ä3ôòƒ€≠b$ëåëd24Ãc^RÛ2”ˆ´≠∫ÏÆÍµCT¨Œ˚Ñ¬&IB◊%w9ˆü9Ò¨hm∏ßU]»≥¢J+M∑&8àì™bZs3Œ#äPŒ:∑E8}wŸNiRÛÂ$›u≤Z≤GUwtƒ•Jëä"S…}ÇRa«áyÛ˝9Ú9ââMZi,	-¬‚RíÛâJgi›]6»_j˙LÒó“◊$e®úk©óUí-4Qedt˚O%d(¸(áJ†ÜÃ∆A©1πuXj_[¶◊l™¢
}∑ÿr&™Ù‹\‰y€»Úüi$I/µ©Ij[’ª˛0å ∏=¢	CS<¢ûc)Ûò∆=c$ê≤O!c#Lƒ)Ò¬JwUDâR‰•,n]jÜQê˙5ÑƒÁH≠#âè¥˘èå«¶2È…f}"ù7M•ä1G	Q)=N“îŒ¢ù:™tALí[vqKñ=u	3≤’U›∑©S2ªG(wí®Q3-NX£ˆg˙3Á∑*I2”Ia9Õ¬$ÍLJÍûBè>b~’ıè∆∏m—Áå•	i≤ªx’7C-dW™2Q¯Q∫©xâÃÏiL≤N¶…Nä+RPã;i√Ccjª⁄ygˆíc%Àñû†C‘æâˆõ:ôàÓCΩo∫É´R3!FS)Ä«¸CN(íHYS2KMòI\ià≤ÿâR™| EÂ∑÷2ãyıà¬N§kH„YW⁄æc‰1ÍÜc/H∑ùÍù∂“«èJjffNΩ&%(£æù’’1m&€JR¢«§NûªÍﬂÒ$ç£»›^[Ï©é)¡è]gœóËw"HBTP”Xó*y»à°bR¨eº©‰Øµ}k¯„M
Z•DùËÍÍûú“leDQî≤è¬ñ:ÉTÎ5VíìëaR2µ.ÜYFM@“ú£!√÷!+ujõÅM+vÛW÷‰ÇI∑"oIÙZeMì2∑’ÆAèTvê£!î¿c€%À«™ÇJ$àñﬁ'÷1≠yJHM3æ©Ÿ:Z¢Ãè.±âhù1Gú”˜ü)Úë¶3[»Û¢›πX±‚ƒ§Ñ£ç¶€rI2ìtÈªª´Í)™n\ùDØ,¢Ü»Gñ∑S≈3.ÆÓ€ì‰¨X±«Øß6|Œ‰ì≤‡Â^pL√áyï≈2§ïçIei¶vµ}sç~5H…I2ã$ÍnÆ™åNÈ9Æ≤›ö£!ê£¶AêA⁄´zHƒYàñ›L§÷I»rêdêIÃIôjÌd˜éïS…Y/+˙â íQ:Dàzù≠µI)XìYF=JòP¶4∆CNÀ2ô1&Pâ1±8rÎRÂŒõäãötÍ]>9$Çä~ïu©ó*Z£!ï‰÷3$ë™$JE9œº˘Oòç1ò ≤é€∂ñ,X±$Jôíï46ÃdOßn™Èÿìt˚Ÿ$‚Pö¢ âøÑòˆ•≈1-€´cP•B≈ã:yÛgÃ⁄ôì∞ÒTπ‚_:I™LD•*xà1L§QjÜ€lƒ}á÷bü∆»âL¶›	2©‰tı/◊SM∫i™2
?
XÊ&¨c√J	c‹’>‰-â™n€R°JôÖWñ≤?SX™];*rGÿ§∆A'%q$Üô;_≈Ó*uìMíùHÿ…∑fWë‡1%4®í$ÀèHó∂Â≈Mªu7‘©yôE∫Æ°Kú¢ÃÜS.±àR•2»m≈M}5˜øê˘à”ÇµFWô˙¶ß¿v# ¢§iN9îQN›’R∫oèPHí^¶¨»ÈíµÕ¢∆qN¢a'WTı…XÁ¬÷|ôÚP¶W‰,$Õc®rœï»’îIí∏îL9©¶RµZkòœ±˝&%¯‰—⁄±åÎ´Æ…œ34§ï (ÂMÕô•Ö)ê¢|‰ö:éòŒ%+çQGß~Æ©sö•…òRI€¨ïzD9¢¶ÃèÏ$ÖàDúmWY:B;™ﬁ#ñ∏”XÑ4H”\ôSjÃ∆CÊ0¢ÀäƒŸB ëÓH”Hù6Íj	MyôjÊ—$Ènã2L∫ƒcRIîIDí˛óˆü!Û∏—%•òÃ›J√ä!≤b&îÆé\®S']S∑uCRz¶!ÆI-?]áuëâoΩ“-âjfç∂7¨k<rÔ.|Ÿ(°Jó&qÈ’7G Kˆ«
%"t¶D"_¶ÌX⁄lìÏC¬~;m’{ıE7T…ÿ-Lƒ˘±ù™»Ï»Û6ˇ 
PådÃÌ˜æ’b’I≤›QŒR¶yp¶Œ»™)W´v5ƒI.jÎ!g÷A$c({ÏúKöJ∑ãVö)H≠‰U/ße˜#≥1ê˘å'-^±òµKêOÒ$i%™(OMG-\®ôHÔFYêÃe÷'â»û7míQ$üIˆ!Úêu∂"ÑÓ≥ﬁjSã)8¢ﬂUK°Æ∫uWwCOOH[B=7"tÍ|)k˙Î&ZîèN∫ËDŒƒ~ÃôÚ‰‰„qÂJÜπ1*n≠≤œô¶öÊ•…"'Hz£ ≈©>√È0üé”n©ˆi’ÈÍtﬁ6ƒ*yrdÙÓÆÍﬁGîg·J}ãÜåÓÎ⁄°</Æ¶•∑sRw∂Y.N3 ‹◊®ØJ®°È§È€∑ıíA%-b/mˆ5#‰ñºÛï¶tci¡'F•s!FS)Ûò	,…¨f!‚ z‚PI›µZá76™[wMÎ≠ıßEôL⁄∆¥—å∂‹ëW–˛√‰_)∫ïgºóñÍ1b«	"I“(°π1ê©›u∫ª∫©lØ·zKúòSBiy©ho®È…ûQ…G^û„,S.Î5‰1DÕÀòü5>bm7›Z˘ßâJùV§í\í-4Qc“$˚§¬~4¢€v:ìçQÈ:Ó!ú¢Í™jõtÌ‰2å¸)CP±â˝+ÏXFŸµ]≤ﬂeZ KöÙÃÉÿ}M∫uπ“ê≥Í$∆c!JjièQ©◊8ìó4±$d+Hc$Ö®8ì2îYò˘åªyb1bî!.Nª/MZ‚U54›æ°çÍF2ã2ôS1òIå…®)˜÷wıüÛí˙µ/=;ªj1ƒpDí÷õ¶âòI‰∑I›]Uw©úc'\R£œàõ(ít∆YO¯ï*¥êÿ¥ıÉ∆S%∫DF(Sëä^brè}Áœ*<)H≤Rû"Iä’:ı⁄}/¯“À÷Mc\£!…Crb8’Y%QfC(œ√nI}ŒÚ¥BZ«M°Ωßo#∆B»≤ç´õO ≈©iı”°à∆ö„-T}™Lf"rU°àƒö‚í\e—c”S1-ñävYfcÁ1	”»3àG%L˘bßpNõ£úBötq'¸Nö£!î»Qà¬íÊ2ı%=f>≥„0–Ü˝Á∫©#„„“$ëNàòÑùdÆˆù∑∏8«©2£œ9€lB~ù7ohJuBCdèr∞∆ßûò¶1ƒD˘Ãâﬁ9≤Œ4ﬁæR'√ñû¢fq‰Cnûªç˝ß‘`?2’+9çP€J<“°úå¢ C(e£?w‘‘æÁ,Ö3©®h¢©T1Ú<õíLÖÔSÎmÙF-1é|~FQàÇÈ6ÿÙñ%§í:™Î∏ŒZj∑*"b¶ëTYj÷cÑJã‘â^Q	¶∑:nZnùumi	∂!åÁ%rïñd2çbXT•6Q#ﬁgı?åƒKùUUÂ∏1cúlg8I#wj±L„I∫w¶P”ö≠rbbbaÕ*~ëHcµM±Ì$zÉÀOJy∆"#õÀöÓTDcòô2äT˘ÛfréL9˘Lle¨D¶ö$ÅQejáXkÎ>ì¸jß€(J
T©U6#ëñYzg)YfEG‚_ÆÀÇL”íaêîíË§à2"jﬁD—ñ™Z%˜Hô«-5ÁÀ_íàÇÇêı+\)SÊï?ZáÍÜXécàíã÷1:(≥+Ã	)X»0íµ„LD¢iWt∑‘ÁM¶ò≈©m”£!î 3é¢Â…nÑ1Œ}'ƒb NÆÌ⁄úxb[¶óñâ;y*±¨Ji∫tÈùcLjRE"HÜÈ–ßî=9„T˙-6û3µ]RµT™&`¨éπé""fTπÃë)À^ù6åsQà≈]§cjΩ=I.[vXıc0üaÙº„ù≤äSfG#±∏Æ—jÙıEñe(¸XÑA	ù∏(Ó9P¢fäÕ&Òî≤jâpË≤µD4÷ö¸òådIO	kçyâ¿≠)·EÈ&ciR≤ÑJÖ#KƒGöVYî `0S¢îImˆ¥Vë(B}“”‹æΩ&∂ƒ˙ Ve2å∆Ò∏!À±ùnD}“|FïU›‘F<IuæJc—8‚öÌ;t›*ER°°±*e2©◊›1OóYƒéµ3)”jerõq0{¨îÊb"$Ç	TfhñÈ“÷GÎ≤EU≈a©§Ÿo∏Œ-rWU{ßcßuLƒ}á“aJ ≠∫Üdúë2ùS§BÅj¶·Õjã2ä?îrTù RÖhƒ˝¨ìm–ú≤ïD+´⁄í
mπÛRÂJûrkîô◊_ìhÇ	—Ñ¶sê∞´IR(¥ßîb$≥#ß®K\s0°´,£2 `0°îAà[ÇDVë•Æß›°iÍE¶€Í}¢Ã¶Råf"	$±ÓZ3üQÒü;nÍ©F„“S<„L≠L„öDàe´lîÜr+|ôíDS£íôMàT:°Æp‰ MâHõª"&[u…àâîíí	Y¢’6ÂôáSsj›b1
’˚∂åIùT©6u6Ì÷û±üe˝/ÒÊï	I$\8¢éD)Åiñ©^ôfC)G‚q.¢À1ôÒ∫•xË•»Z•ÀòÀ2ëLï»ä«P£ÀDòuEjü‰b!Hµç∂∑⁄¶∆©!îb$µîf2œ…;Eî5ôf0IT®dòÖ∏#DZKhKi≠sâ#≠ø‚ùô√1‘íAc”$O;˙èë·∫…t£9ÇÑ¶y¬ùP¶!…”wY\§πŒ!∫zJu-UV∫Ó‹∂—◊ÆpÁ$c%puDLM¢""Ri¢V5%ôî&Æù@ﬁj¶ú‘—ÖI‘”‰®ÙúSb(¢¥⁄ˆÃ∆RJIF2ìäãäî±™R&õ,£+ÈEôä?IŒ	Ÿî∆Ì‘¡z¬Â¥îMO(uW1ûfyhë•≈«á.I0å∑M∫? #	§ôëÍ+e•JêÀ”âL⁄ ôåƒJjÜÊª,•CY÷sÄïJÜπàëù∆I"#V-sÃ Mi-$Œ˜¯nùgÑƒI&2 ZCyﬂ“|Ø˚ô√é!+•-S∫&bß§z´™d \‡€zB˛zZ¶ﬁñ∫3¢◊:…^F2f%ºñû5éT±	ÀÇtfR]d•X›÷Z“ «0ñë$ÆCÎ‹¥‰Â1∫ ìÌ_AÄ¯Sè<ëj)6RππÊ2Ñ"uê∑òB(≥1G‚H∏QîñyE*1<lF2ä.Æ˝bî≥.)∏§à0úr·ÕMJúC-€tü‰uàƒÁTb8ì5äÓª.]Uπkô f9å∆N¨°9kVV≥ÃŒAEÔä÷-@ï&A€i»ßœÙâ∫ﬂˆ ,ÃQà∆"Lmç5™¨ß‘`xﬁ)≈Ü"UkÇ’;ÆƒÃ)eà„wn”Ká[o¯D§Ü˚‘∆yjeÕ4‰±¥÷˚'©Ö4Ô'®X‘!ÆEEÕ∆ÓÌ˜]d“Öâ7RIMTS(dBÛj«¸c>’Ùü<¸QHOΩó4Ô”-QåÁ8é‰vÚk≠€ÃY¯£éysK9"€,ƒc}"Æ›d™®1ïy≤EB…6åk#TSm£Eîú≥Ôà∆KÌ<C+XõhG[•)ÎûWìPb'T^§ùYc3ÃÁR®Ω#%/8%®\°ë´ó/®e4sãhkK¯„Tdy€1âICíï&SßoÍ0$a¡0;Î:¥ÍÌ∏òÑôMí®∫™$M”Ø~∑¬öun’vj_ım≤jô	KM§ÑPâÖ5Wm¬«2â^|9Oçg)”≠Cn≈<Dπ…74IÍ≠‰¡eBïµrÂÀ÷3ÌAÚØ«´,Í•]Å”πÆ—Di'<£#¢ïÆ≤ﬁWg‚åDí∏’ôƒß¯§ñ*ìû™§Ãwé®À8b#$ÂLáZ°¶€ƒ MTŸ˜à∆c'T`◊IòÙé˜¢ÃG¨éìR±®9J…ôô’ñ31ú¿|‰*Vπ+ÃπÛáR˝Us"$óÍi∫"9∆K{GnûC2kàïŒ¨ø±”)€…yﬂ≈áÂ˘î∫Ôñ:ñáUm‚∆±s≠≥Ö›÷ªÎ÷ëŒ%ŒHÍÌæi
ï∫Ù›7§rbbáJV∫à∆¢Ã∑u&(àôHÑr—âB3î¨¶î√M4LÃyÇHã∑h˘‰±∏ ùYe4¶⁄Ûøï¸Ãázö$¶‹Íù8i¿”(≤ä-°¨ã)g‚û:äõˆÔ-‰¥Kﬂ„âC8ñQ¨wâs$‡âú∆V‘L¨c´¶¸⁄SéyEY+Ìh∆°I⁄0££Xß√ù#úi¨iò‘¨dùßd	pßc3ÃÃB•óRb$z≈•ß©ìIj_XâKt§{GiÙeÉX÷%e	™ßnÍ‹|ﬂ«CJLçôV»åJ¥€MﬁJ∂1◊Píûu>ß”¥Ë‡‹ø·g J™Ø
Nò‚V\ô)LF)î∑-4≠(«27ê≤«(J%Oôúkís*sép¢«0§ÅZ∑V©˚åÁÕ_S»3©ÀÇìS´)JF=QeîQrßôeG‚»&¶’UHÖ∑SQSNõï„,ZÖéyk3ºéH“uujï]Aï779⁄Iç√Zf;}Ôpú§Ù¥õ9çy≤∑_YJR’MM,∆sÁ>Sµñy&"YÃiíqœùµ¸!iOMıÌiÔñ≤ôcúS2’’S©∑Wt„…Û„∆’/%:S%€"1ƒé©∂:…wKUMß.Z+HM.|“'kR´\R°.’Hõ)Û9ÜÚe∫‰LÃ)GìΩJNôÉ:™+3ñ…!§#¥©Uß2±ømí"QfWD$í˚è†¿˛
Ì§I(GhdÍ4 ,cv-Yò≥ÒÇ=*öíÀ“sª%≈M:ué¶≤óâ£	O9jLhn©“f2ß9CÓåá"÷'.«º"(oΩÓ¶≥·ãLï)O•êÃÛòîƒ©dTåd$πå≤é\ÍÖ¸J„“ü[LÁ?´3ñ%âbfVÍ™m€xÒ|∏1«”T4§∂…åpì~©éÆÓêätÙâmÆ%
éÙIó¸"V©¢fgÕ-w”úXÒEºŸ.»âôRêâJfZéíÚª)V°Âr˙à%’bxÀmÕ!§ëÎ©»âFB◊ò\Á‹}&‘’qLë´õnZr€Ì
)”L»f,¸X—$êd,¢E§ZJI”1íX¶ajÃUUï⁄ïàcVâ%R∆°@Ãè+ }ƒò»$C1Pı&!ç”ÏÈX5ï5∆†ìåd(M4À2ºœ)Ûü*∆Yê≤LD.7oçr”\Ø·¶µﬁıàë&?ÍÃ≈íc14Ì‰(±WqGÕÉJ‡ R làà·O≠”ª∂Je= K\S¬Î“÷Ô]ó?√&b& %¡à≈˙2‰Àÿúp•$!•qú:ò›∫tRjLÇ$é™∞9)±2ZNë™tTπï)Ø∏˙L'ƒF©$ëåeì™"%ÙnÀ(°jÃ≈üä‰©Pd,dÍúçyJuDZJDö»E;…M¢\ø9!ƒÃ´ á.Ô-›[˚â1í!kÜı+ m¢DJ·áYCR•‰§KjÃè#Ãd>sÊqTÚ;$¿AN™+∏ñ4’åjˇ Ñ&ü˛”mæˇ e,íB,≤ñMaå0ƒ©ü4µ∆ÚZqèåe∑vÍeCL{JR&|y:™DÎ•îu9©mì8‚#≈ñ∏V±∆$Î.\Ÿªébx-I€Ÿ”2øT6J»µ/’Z9#%ò¶ßçvj	m∑πl˚œ®¿|*QZLë∫€<©¢4∆Èÿ”\,ÃY¯∑ﬁHà2ó©;Dæ¢ú“t·„S)*3π™ª∑JïÕ√¥„¡nµWYºïˆπ1JHƒ$◊ÃŒ≤¢D-‚FFŒ∑ÈàNj[2ÜS)Ûòl»=`%—B$ƒcmÿﬂlÊñ∫üÛﬁßﬂ[ZeôÑêbfJ™∑ÉüBïä\xÒk5ßã¿€◊öYiµ3-XıŒJJT¶2õ}Áîés#oJ¶˝IäfuV˝:ó„õ.L≠Ãƒ„ „I%*ó©:Î+íä©¨fqæÀE$`qM–È^7àΩQN^&ù6˙ ßXŸ˘Í0%ùÙØ÷¯!ÃKMQE5∆Yò≥ÒÑ¥-KÕOHÎ%7xúÕ®QπJÆæäãn«K$ﬁ3Á√Lq1éò≤≈¨áÿIàÇNâMi4—óIHÑ-c}»€o∏…í‚%ˆåÜc#Ã|∆ÌÎ	-∫∆Òºo∂⁄„÷–˜—ÎΩ”dà•k)ï√É€¨¥Î,8 ó7äù-eªXqƒ4ı„√úŒËíh¥Áœü
&®°§•IÕ’ø‚D±N)QUE«é!ô≤Áœ11*°BÖ>tÜöÔ[»"äIEÊ¥rÀñ∞§*¢ÑaxÔº©rî9™mˆ™Ì<IüêIÛØÅ'Om¢Nsån_e∑Nù¶ä2åá„ÖSrŒÂ}m4…ï7.pÃNHë\⁄©©´CöUíÆåf7ä•”uŒ%ÇTÁ3÷Gï˝Ñòà%)£#Â%ïq"_eòŒdLiƒ6‹”Æ¶©ô≈ôèî¿D“»&a$cåÇ™j∫ B“äb”‘ànÃ∆Rf1÷LóxÒ¸ÿöÏ‘(QJ°YöÚ
1$€ÃÛ-f∂qJR™\¯ÒÂL+:2ó(ª∫gi(ôåS#¢ùøT±cålœìÍ˙/'ÃL•*LÃ ï>N≥ì.j\Úä‘“mœòôT®¬˙:ßÎ/4QŸ%∑¶ÆbqNSÚú˘OÅ9iÈåDãm∑#sI—M∫”}ßêÃY¯˜ÎCÙûQ*]VÆ-SN1ƒô)≥% ≥È%r R†óä°⁄iì Ãıú≥!ıà∆b#Vb'ORHñTpZó.eiò¥€}Íi»ÃÜRÃ«Ã|ƒ+YwÑë∂Q2FÈı_¥á¸"µ"›$2ﬁgîÇ™ºï8æ\P®ÛÒ©}ƒÊ≤]ß•i§Ñ©˝óÖçG%T˘‡•G2k¨h[E]€}L‚Q12˝™n™©(åPﬁ\ﬂV¶Òü"ë)P±©$I&4q$ºπ®sr“)ÿ÷8ºj.
V±ûùª÷åßt⁄$C~ê xÃk9˜¨ÀÊ?7o≠∫Ïíéıåíâ: L≠1∫vÛ|1í{ö∑.«∏ BRvı$…"˙V1ñöS'¨UÖ±¶7/∫ ÚŒUê˚	1òà’à”dòƒgjñ˚$´(z≈¶û˚.FÚKYó |§≤-bôf3%˚"/¯Z_’B”tFË≥)êÇZ∫πüõ„G'Å	HÏÒFC∞B;ÓÔ#s1·œÙƒ¶ReæıΩJh™™{ÍhôâE“©n™πã«sÁœü5‰1/îëBÅ-¥‘ÆJIß..-Q+‰öVÂ≈z…SnÍ•»ßßzë∂™YkÖù}Ûù|Á¿®∫Îû2JÓ§°MYb(mª3|.^16An]S‘©P#™ìcIH‹<nœ®çYƒÜaxk’6€FNåã: æ¡ÃF3∂êV‰Åºı._zúê@Àıéf\T“‘€≥"µú˘èò∆RÀºB”,∆c$e„zZ_⁄(ëmåç6›ôLÑæ˙É/üá8£≈&I
ÃDÕ,Ö%8ÊU:ßn®ï+éZë2ëeÎ≠ˆRL∑Tq™‘ë1(ßßN§≈è;3Âœù‰£!Ñ˘»$L.FêÜ2DN˘Á,‰EF*∫≤ÑM{…sjô$)IA∫\GQêÏ9·ò3ê3ü*¯B»¥ÃNKÍbÖ¶d,íäfbœàí…2ùËâIF®ó:Á
1∏´ºŒSU∂»0€∑~∫åñÚVWkÌIcXî—ÑÇé$F≥%+hÇH}°çL„ôó7<i!∫,»g>cÂXï¥ÃDÈ´X» âß_¬µ∆ÑY◊€}£1òóÿX1‡«ä\¨s°í{1AN•√ò;wWﬁíH¥ŒT˘InÀMi6Î%6Ñ®°(àÑ™õnLXÒcoÈÕÙg´I¨¶ÊQ>abâü2íÊ®Å¸vÃìSe	≈›ˆ•Æª¶âd(]∆íñò÷§…©$Ê2LœÔyœî¯W3,≥êc2î”ç≠-S≤ÑQC)Â,¯âRKí€D®ñ†Â)I1Ûjªy\6Ì∫ORbtüU|’nÃ¶ZßˆíbX‘Íå$Ê°%í4rfWbÊôM•Õ˙≤é(‰j÷Eú˘œê∆[ =b$Ôl∆A:¢à©¶Ÿﬁ¶ö”Ïî§OlÓÓ≥Vg/√ã<o…3CtÈ˛»1c€^iXûK¨…°≤	Cm™lÊ‹‘‘“ÏìUUuhîäNTD$€€q8ÒcÑÛÊ˙≥ªJf÷SÚês‚û_«ôû/Êã)\‹SWÓYJÜ3∞Â¡:¬$HìORX≈QPJ2üzŒ|«¿5r’:d,k2§îÌo¨¢µEîÈŸê¯úπrK∆fM2R2HWÎ$ïÁ$)(Ãc»:öëíbb˜Ú‰wUê…4æ“LJ	MR¬°sœü2ãlkäREêCÌ!"ìJfZ©rÊ÷S9Ä˘´SµR÷2^®∆@é—I)ˆÑ'—È”B€“•êÃÚºÒ`ôW7é“tÀus8b¯•´)]d…*'çrIm”o≥§sM”∑mÆ˚wt‹π}KÃGämå¢'ƒÁ6_´Ë…p°Jµò¿| b11§!ùKíqOy©πµFEëá⁄tPı2R&1Lß*JßI…JŒ„xâ)‰Øæ≥øò¯4’™bòQYHC]Í˛,£≠‰t2Ãá∆%"%‚2ûj"1¬ó2±º~∑13)Zi™ú´k)DêQ&!úJìüûZ¢À,˚H1ò…9KÃÒ.q&≠1úî“)Jë"1)RjWCfEô}Ûºo≠9πÇt 1(ü#‰åk îø§Pâﬁë€yk+xæ<
,Ê8«ÑŸER«ãœfê››;…ì!$◊tî¶´r˙é±∑uwnù:ÈZï"òïébã÷˘Ç1EÛ˝?NkD)RÆsØú˘T…ç‚~›I⁄µR˚"◊Duñd(¢”ó1>Z¢∑2	òàè<jä$´-Û∆’˙ }∆cÂ>ôî•…\E*é!î”Åç∑Cü4≤6€∑g¬q!L≠6bQ1Üp¢\æ”£és¨Eô©íK¢LC◊jì˘ V[∑G‹I"4Ã
S\BBv3§åC9)*÷"	ûX»\¢ﬁ¨ æ•Ñ˘ÃdÈ¨äç∑O∆4∆7’Æ)ÛÕı±Kü·ãN≤^Jqã±ƒ`åS>¶ùU)«6»’›‰y≤⁄◊UK*U¶”G};¨óë€ˇ ä$ôààòïEîÙß,8è£?’Ùf±(R•Z˙∆IJLu‘·±§ßP-pıÎ∂Ú:(±çB(¢ìIBÉäba4ìT[ÏfuSPÂíÚø∏ÃæeÒ89i Ö
yµ™™rAC8˜ê»P›ª âJTbYé™¬·›:UäìÎß©}zî◊“∞¨ÊJ'p±o∑S_5[»Ì—G‹I24ÃY≈*m##™Ï¥1jIL∑‹f"S(jY\fB◊‘∞òDÓ…Cc1<U÷QB$I$Ü=Ω!I€’U›“åx£ÆDD)¢ån™Hâë•2ÆÚ‰…uHIÈu˝U1îFòÍÆ≠¥›6ÿé5é1„òQ*ü¨¥Î©b«ã3Â˙≥Ê»JJH$»}&‚ °$Kì ér!î=vÎ#mî=Km∂P‘©ôXå*‘™YöÜ´-[óä£yÿ≤œŒæ3¨‰Ø*|“∂∆ÈíE:’ùÌªtQe*•2≥î—Äóíùwíáπı3K:∆æíƒ@Ö2±îÈ∑o˘∆ÚŸG‹A"4Ã.íJJ’[}Çu¬Ib1òâcTb9r·Õ*U?b¬`X≈∫J^ŸMåbR∏uΩ=Ò	RJE∂ÍÆÍ·b≈¯JíN€CrD¬ìäR…Y2‰…Ne MqNêÔˆ*◊%Í©úcmâL˘Òá„R¶Ü]]íbå8Â}~¨˘≤1)‘íC≥Ë0/âJ°…T'àôr◊%ÌM›]j¶ìtﬁπ)$b0∏:úe,‰éÍ®F3ëî}söpiíÂ≠YmåzÏ◊¥˚cm€≤ä,£Ò‰§I"3ÈIyr2ñ†íƒDd_CäŒT¯J%L§U6›òœú£#±ñ˛¬1ë™0êKó#wTÚ"I˛$ô©»ëà∆Kf6äNiZ≤ﬂ÷TπhEiç1ícr∆4àﬂDqúhJUJûiñÓÓ‡√‰m9®i7ER®R'"Àó&{ ÓT/-V§‚õÇP“E’ﬂ|¥∆5ÂD„QS3ÇÎñ¨°,qá9˙2˝M‰•¡B!—Ù9Ò$¨ìÍÓ	JÜ!iæ∫o¥ÚUR”)_Ò∆ôúÉäUÍ*ûBéPÎ≠L¬ó•ı¨Î¯ö•u]MT‘ô
9‚Êë:Z¢ÜË±¶≠Q¯Û≤‡Dô”ï8◊m≤LR£∞˚Uë}3&AÍfSrÂTT—N+Ê™2Qg÷A&2≥
í\µN€eèIÀZßô	X÷4ßT°!ç∑FC!ıü9ÑîÑ't≠6û§ÇtıŸØ]‘úr”‘íPÜu ÚTN<1	ıçÕb∑y¶·A$êåπ3et“àòü—$ õá3¸7ñùHÜú¥JPê‘,[RÀv)åX∞Lfœı}~\¥!D}πW*fùQà¬&∆é∂2õØLÃ6üß]»qùÎmÀÜ‘,d⁄ ≤E˙∑o∂È˜≤@î*˚“‚˛+ätÌ9híìP£ï5î©Âñ1ç5K!g¿2%IïRDøT2L&1ñÎR›ª√XnÔÈßUM…#ßRÒ:t8º|˘J2Ë≥Î Ç	§ÃM4’*u÷dL¢7VKáÖ≠≤D1ß4Æ3O÷|Ê∆››Àù^§âô„U©“•.ıû|%%	Q‘›Êµ80,|;÷¢qÚ‰≥åíHH…ì6[æÀïô• R§ÎπHm›^KÏ‘◊]îukÖßuWT∆,Ø>´Èv£Õ*MëQÙò_√SWMß”ƒç∫ÓËoy∆u◊S§ÊœJõnzD“Æ˚≈jÓÆΩ]ıÖé&"jf>≈ı©>")—*RR†¢Ü6yÀ(T©’:)9sEª,¸rs3ÍnÍ€j§„H¿Òπ§" 0<FJŒ⁄°πt#uÎ’æ|≈VB∆QˆKÇE¨Nwﬁ»ÃÉ‹π™}íFV±òÖ]ILßO9ˆ1Ûêú‹“d®EÎåGj´R∏âr€t©4qÆ’C»1’[ú8q√N∏QÊW∫ÀKÃ¨I(R^L˜u®1®Rãu©}v≠S›UmàO”©‘Ω"b!jÆØ’èÁ≈/?”ı˝9Ø	)™({ëU}Ò9∑BI∑ëﬂ©\z§ÁçõwÎ“™´b”1®HJTß¨d”tôdÍLK®SÁüiı)>2N%*u/”¶4‰óôåTä”MYnù~8D.Qå•$§`0¢À“wM·1Neô˙…]UÌ‘æ„€™©¨/∂P’/∞íLd°òà;Î§Î/ÒŸzë6È£$µÆß∫,£9ıü1Û”VØP§nÜ·„iÈÍ¥¥“R'◊N©„´ªßjqb«(iCùXâKó#ºóë€ñBá55y+#§)(Ju∫¨ñˇ è^åcS
Kìª∫nIåXíœüÈ˙sd0©(≤øâHNÎ;ƒ˛2Dê¥ﬁ*ˆÔ‹÷:mÌß´2çYBg[cHKŒ4â§Ü—"’*)L‘ ¡8dëç}ãÎÒπ‘íì˚⁄(UñΩ[íU&vûGc(≥Òƒírî´L¢f%*ÛòÜÓÆù˙≠`0O”?PùåÔ{.LES™ä√I–∆©}§±©\kíüdï*åøÃàB›c¶2E∫,£9ıü1ÛÜ¨»'-StŸ7?«#\I$ú˘=:™Ì9´…W,p—O‘©ãTvÑßpÒç’›[»‰í\‘øŸõ*πp$”B(ÂV‰z°Í®à∆Ê“RÊù]Q»å8“˙3}?F\Ñ¨DîYZBIjÃÊ‚1Ø"Æ—ç˙Í$Üûÿ∆QjÃÖiiúÚ¶W$í7◊SP#¨•F5s+ƒ®MQˆü[Ô∆F†ZíWöZnÀv˙»!Z§’2ï«A R™.y÷M`!∫…Wn°”oÊ0<Á◊3è-"gl»Q/Çï≥Ó ∆±©G1Íµ
e*2È‚“r!¶íƒ"“Ÿeôœ¨˘Oïck0Ñ'÷2T¯HOS§2éÙe7wp∞b√èÀTSì  esµ¶bPÆ™›Qk¥@åóNHR&Su4á6fg[&fqDcSEÈÙŒDb≈ÙÂ˙æã rTÌpB¨Œb>'Ñ•Ge≤rJJD!≠Û2≤äLïŒ%«:ë˝˙ÎrÒæ˜•òÑü9ÑµDæ˝ØÎi¸$"E®Rπi¶6ÀV%ÊfJ8‚‚”(≤œÄÉÂ”õü)!ô5ÄóuíÍë%≥Â0‰…Bò…7))¥àHˆÍäH¿AEé©˝§Ò9)ßFíÖ:•ïq-ΩA)¶¶a"ß§˙2À3?¨˘ïcMYòI$µ»òîédÌkÆ©Ìô¨SáÊ«ÜRµÊ"f´-îï&©58ÂºówÓS≈8Í?ZÜZQ8Ê9ﬂWj†Çå’ëîKc9ép‚åJi”k»˜ãF|ü_—ó µ
Vò–ƒ!Í÷uà˘⁄DÈ9r•pîó(g<µòµIß1'z4ë#~Ê§kê&w∂by*¢ƒ˝}èÎêQ.Z$ë2õÆ“πQÁöM≤ŒBù~9cús X”2äï*ım5uë∑¨*ßòNﬁM*∂ú6€Ù9ÛàÜ›î7ˆCƒÂ”í‹ì™2	qÌÎ(ÇR-=tZµêÃ}k„_,¬e¨“•Jï9âü:ÁöHMOUØN™Úﬁ˘˛i«§˝5„ïy2ˆù‹æ™Å
ÚÁ¨ˇ ≥¡.9Â√LQ8ñ5®vyïÔ5∂á*X¶0„√éS™tı ‰N,Sr˝M›O8c%RiålB“Vg1+¡j›vF"I%……I4◊û)®Õ775®-±
yÁÀ$gô#\ôJäØmÕVLUÇ±U^[˝ì[˙â>Ü‰á"%ßñù’7Ì:ZÁö:ÆØ#≤ïî~1D∆®∆QõKTÓ°‡n©⁄•'ßFä*s"ùçÙï#lo◊ØX…näY$âF2u…S%ÆΩ#úÖ	îc1&íÎØ]BKVeykÍÚ∏fc≤Â$Â$°yq„ÀVí‡úçrìT]UÃ|<cmœñvNÍ“v⁄ù%ç2Ô5∫∆`«Ö5Êáë◊1¬û5EÕ§-w%ŸÁáÃA7ÌdtÑºÚó&0·úy≥˝_N[ô©i£	¶©=rR\JÃÊ3Â0í4@—$πp#“µHSƒôô\⁄µ»úãíêâó*x“#RJÛj–ﬂ¶Ò÷≈uY´÷7ı?®ì‡ë.mRØy/≠T≤_NÆù´uíÆ™≠—¯∑.÷4Á:BM—iÂ≈¡Œs‚uYôe≤c¬é{ì
ïE¨˙â1òâ±	"T«FA.=Nπ
U&±ﬂ[tÈ‹‘‘±’÷gô˝‰>gçñeMBÇN%»i¶ö§ì“#t[ª™ú/œÉIî)Ed´¢ä’jIRÆ≤]æaX4:Õì‘ì1∫nÍ©y;ÍÍÖNïA1ﬁ´TâS+Ld¨Q>ØÍÀs36ö•ÃS(¢ä‹§∏d>ÉÚ¨10ÂÃß•©qJõNIÒïZµKíÚ¥%ƒF©$3≥ssqnÆ®eø^†¬b∫º∂´˙_‘‰¯4íî§CVë )rW8’Y-ªt2ä?K∆‰sœ”3-P”ó8$sñiH◊0ëUy+π]íc\kçVŸ
í¶ï,á‘IåƒÂΩa$DP ,î’jD%
JTC∆˙∆1¥Ê°ˆùVC1ú¯œò«™2&•I:·$–◊9IçàÅç›d∫kÕÉ1ˇ R Ó˝˚∫Îu©$Uñ¨S8±‚≈'ñ≤T…;:»6p¶€tÏt®¿:lnj5];ÃqlﬂW”ü$í»6ƒ∞°îË°¥ÂÀ≠YÙòèépL¶ö([NiWeJO◊ØEôïWÔ›Tê3êuΩ1¢\‘[ßC2åìàö¨ô.k˙O§ÉÒ‰îD®Úñ¨RÊÜπ+L¢ÃÑîÏcV¨¸`åNfì˙I£åk‰•9fÊgçc$≤ıjÊgíÊ÷Ò®PQE,ß‘I7XÑ"ImΩd%ˆÜíBRHÀ$ƒ˙€ı.h≤ÃÊs„>b4Ã∫DíNê»hkTÿﬂSötÎ%]D¸¯p‚S÷ƒ)ÂK*ûE[R§uUF(åq,O0‘LùíÚ±±å¢ù’4BMZÆ±ƒ’K9+._ßÈÕî∆§F]#òµE°ùóà≥È0ü	àÎmÙB⁄j•„´≠ÀEôåŒÎ◊Æ¬ï∫b:1°8Æâ3(…1´v·‡>Öı~;x◊8Ü=Jsr–é˙ßN›àe5ê≥ÒC áŸ©¨ÓRSKòÑJÊB¶fì ÖsëL‘T,jm˙∆Rπ•¨dí:môó÷I&2ÃB"˛2	¶pùKñ›∆w∫zíDŸeÃÁ»|œC2Dí-IJåe6ÿı’NÍÓ‡¡ã9Cnë)+e¨™ﬂayjf#≈*-…Üe!S§ÏrîíI.Ó®O’7O#™"PÈRjås¡Bújsd˙æãÃ(ï$ôSHDj’zìíµÙòèâ„jõo≤s\;ß’§K»Û<≈¢LGÙû˙€c.\âR»¨F'â•j‘§˙â?-GÛ∆@ïE°∫ØN©”bI¶Yg‚∆‡Ü'/1<x¥cr‡o ‘ŒDﬁ7änsòäöû3-{√EÕ°,1‰≠Â_iêA‘`\øå¢'¯ZBØB!sm1C,»Û<Á»|∆"FdMyDπdåë—C’oµwra«á	∫™ó
S¶%ò Ïô≈*1Gä,∂»XCßqH©ÚíõØ⁄ÚM1ﬂøTSn«
:Ô‹ãRFê¶'L˝>Ø¶Ú•1·L¨ìHÇ÷BÜû§«©-}KÒ<Oæπ…ıåá‘πO‘VZÀYù4Y&:vÎ≤ÙÙ∆›ë8r¨∑b1òâ,µ&ÙW“Â¸IHß ñ¨∆IEå°Íù7¸π≥!g„öpKuÔgx‹°º¥Îó€“,•à√„n¥Á<5Äí’çcåjÜ›≥Ó í	‘N	P„Œû≤•)SÂÆÛ3”˛â›,ìö~É‰>r	}»∆:õäÏùP«4äg]]£<Qç)nØ‘*jõº∑ëë8’3éãvZS3âv™≤{ƒ‡gÓBö©n€ZÂ≠8≤ô332¶f%BPcÑf˙~ØØ%ÃLDL˘X‹Z…,áèvQNô$>¡g‘AÒ∂∂ü{¶ë4Æo€dºµo)B´ße˙ı—ï§-#/#∑BX÷1SvwgØ•…Ñv\”Ø^ôtZ°´=1åom”»Y¯‰îâ∂ﬁ:ÕXü]ª…rA55Ì±+V∞Œœ§˜˚Õ#:»a¨wN◊újUï^ìEOﬁ°√ÇD±T™N|ÒÀVs]õıﬁ(P“1ç?·íHé9…9œ†¯Ã
´CKJ#¥€Ìå¢©€µ8∞„«øŸy*Ê¢¶”ıUuUJqF49ƒõ∑c<~πâö∫»(«2#ûhÀMâú◊m˘PÃâ©ââôâ∆¢'äq„Êo£Ëœnb"bfDKßfEI©6d(°È"KØ©¡Ò<UÎ≤˙Ö¥-ß->Ùo-÷LóM6"Ùû”¶ıÿ8î≤U∂#©•åÃÛí|{˝ìsNÎ"»ÆZuwÔ%˙Ù€€nåÖüçèNª5wÖßEU‘4’&Ñ$ïôoÈ)Ç^c*Ç∑]õõ∫≠"F~Dí í4ﬂi'7.x’#êH›>·C:1ÂÀo!ıœà¿HÑXˆî"6Í≠‹’:-›:à√ãqj€Æ¡$‘”)⁄q8Áó)+˜EÍ' TdF9ƒ¢Tíôñ≤◊zÑ˙!ÍQeC«1Â( Q1„9Û˝ò¢q©Íﬂ^ÈŸSÃjJ,°èR@í2A»c“ßLBÛ¬Dsäm}´lZJeO5Õ±¶€ƒ—ƒ7ë÷ëåÅnàYó–Ií›˙ÇJvÂÀ∆‰£!êÌ=±∂€m’Uª?$=∑wÜ‚Ë»¨∆–ârI(£"¬±gVÜêØ%Yï˚W74∆ë#?"I§É
ë∏“ΩräQ3-!o∏=ΩHÑ˝[˙åÁƒ|‰≠Z‹®D¥È€¶Ík’’›T«œã5ßV€F5…$ıTöòÜSnÈ‹[t%ç1∂4î(U>e"Ô5€ﬂ{‘5ƒÜ∏ßœûJ«1>q„KÎœÙÁß1*ÙÑ›6òÀñ±"ã(c“1Y†É‰1mj_Y$©”\íDî©…?Tπ§…^b&8p£œπJµàñuª¶€F"5÷»Yœ†óπtÂ¡.ã$F'.ùôF?‚Üt°∫vË¸Y÷›:ıUo≈jÌ‰ ïÊTJΩZƒ±UÃõc™¢Ym‘æ„cHíü‰I$ƒBF3îíL° ”(‰!àC+XuC”â€tÛüAÒ1µH‰êQ(¢ãıíÓ·`¡á√T2ùJ∆öBun§∆7WTÓ™™)[i„t=18p!§]d…vƒ6Î◊HR°≈I;J'ï◊õÈ˙*¢beV∏zu’∫T±Íã(c\F="œ§É‰1i©”%ÀU5›A"%d_D‘dñ°Lƒ(ôp„Àäû%ÀYc%˜¥Ì∂IçI÷ƒ#ËCì·ßEì®:ßî¶R9EnÜQnè≈æ”o◊¶Ïá4Ø’±œÖ2§≥ñc1◊s∫ﬁµêÏ‘’’≤b$s¬üﬁI3*V\àc’I8—;KåiN$∆4«©%qåßú˙å˘àã+rIDP’+EVJïÛa˘xıIì>qîw”hÖ◊uNªtﬂ•ë\∏cU5åÅ7UWwT˙Èﬂ•RÂN¢f*2MÈ*fLSÍÕÙ}7S8·IZÌIŒ–∆±ûnl•∆ö B,˙H>ChZùPöøJ’ÕHâr˚O*π ©A$ÑÊí^ny)¨ÜA…jµ˚ÍZ˙w'¬vû''S¢Qﬂn›Â∑R€B)Rz¢ä,g„Zlcí»$[∆±JÖ
<•Z≤LSœ†ßO©ô4ÑQc!òÃeM"èºDLJQÄDMsŒhàÒrHóœ062á§I÷2åÔ9Ò9rYcj§ë©R1î[™™Kü%Ei™»S/RN?÷¶µCL∑%ïjÀxÃ2ï”…WUM∂ÿı*fDJíj´-›ÀBQ*bqO—Ù}M?8„~ªãLuÈDaπZCíöóiê"K_I∆aN|ùVê¥‹‘9Ô∑TYë8ôâIÙ„√úããVdIBZzúy£ê@äE;˝ôﬁráVEE…÷Â∂Î◊][b}BtÈ—⁄l¢∆~;T€93séT9ÛâbJfTTÚıdòÜ}
¶óJ¢£à¢ë:∆b(£ñ}‰êa1%Ö"5‘só12MJK]mæˆ
ZcLB”fwú¯œù√N]∫tÂ¡'Ct[…Wp±a«ã5UT™©–àî:§±Œ%:≥£õ,L«ä0,>5òÓ8«O-‰wÍä*ªNEéq®‰L…ÍÆ€àÖ31*2}W—'Ö8Á›ª◊%≈‰©“”;â€(¢ìÑî+_Q»`Â¶§c8â”!bòè5-2È’KÖ0íS+æ∫\T—i)HÎrbü•rTà¢‹:rf3|-:%A/”p4Áœ⁄≠!jä®mª¯”îöâ∏úq•Á„ï2ä’Æ\Ã„ñ≥ÕÕ.qjï»›juâATÈêRAÑ∆”É$§)öîÀTö;›vLe5¶"t ,Œf>CÁ!»ãtSóç∆õÈfZ…npc«(MdvÙﬂ8îÍIc£úßfVû%Ü"¢äºµ3-‰¨Ø*æ’’≤R«è
é: ˆÌ∫d®^bw'’Ùg£∏Ò
îÈ4pT⁄ßîôà∂›Scñ§D®É„X&P∆í≠uºπÖåöwTÈº¢líN˜Híù’WYB$„\à√?Tπï(∑N•fYƒ|w4…$UÈ8hc:d(IJûR§”VôEå¸föÛ‚aK%J„ÜbºTâ9ghEí±™2´öñøãTôC#XÑÍë	Ø…∆b óä±“—	Q4›î?ÂåÇ¶7÷"4 ,Œf>CÁ ùYe9xû1wﬁLônåSàöù mì*E3-$"uN´t≠e!`åQ*ã-‰bLßM)EòQée2©ì2öcß\âàòô∑ü>lÌ•ÉTA
Ê—k˙Å!îAe©9p°)2Q¬`MPﬂe–ı$§ºLL≠PŸêmæ"D≈¸vÍﬁôZìç%é ˙
S34[f4•Ns8èî∆74üN„©¶Èà 533·™,c,¢ã◊‚ŒqJôñπ*RêÉ*2Èà≤'FBäT?Ê—I©DbpÍø$‰∆Aç·p÷Âúæ”ß¶HÜ5™érQEîf3!Û®'Ve(ìåÌ∫∑wtLLßq;"e3ë)9Ú–õª∑IÈºè$·«Ü Nã,±ßgôñá+«$ót…ôùdtJâàï˙≤Á»»ï8QNEí/˚∆!∂ŸîV§Å¶π+!ı|&ÍõDR «>TÛãVÍïdz·OΩZ¢ä9∆©L 92î¢yeÆbI5Ùƒ|ƒ:p-$‘U§d‘í2ãt€nä(Ω~/IHî™DãTY/Á®q¨á-J †«] È€∑¶˙ùç5Êgê!¢]Wﬁ‡É	kàÇNq»#¥P¥ƒ'©1åsJí\JSVYFgú¯œúÖ)îdô∆°˙∫ªvLD5+Å™∆)bs2¥∆6Í≠◊eı’]9åX“T≠∫)d\c§B„92°Õ)Nfcçª¶îƒLO1NLŸZúqq™ÉÃ∫∑÷›u6c”†¥’.Jù=Iî˙»>'ÜΩt‰™Tπçc\:ö(∑GkIGSÍ'T©9Û∆©JIç‚1e‘.ZπkõŒÛà˘‹≤IrL¯S+èw©Ì;∆1î^ø&"I/HZjıÛò»}ΩQ&QNÓ©€lm”®typ“L∆¢\8Âüy&#ç·úS
vÜd®≠7”´HÅRjfÑAFB 3ôèå˘^5*ä,‰®;…wrDLq¨q0Ü›%+”p•wÔ’;ßIÍ™Ø‹òÊG^ïÕ1î™lm9•HôòIÀä“ EÓ†òï	N|ôæÑ,j“∆e;à∆¨»2ıN©V2åG3Já§Nôƒ≤üQ'»azı.™| ó.õp—eúj¥é∫ó"LsrÙ›8’	‚!’dd>—jñ1≥9úGŒÂ¶âpA…ü47“ﬂdÔ[±™ (±üçjìë	–ékô|Û
N’;´ä»˚4Ì—ïiÈ®MUj€ƒc§T~FdƒbQ>&1DLiQgñ©Íâ9≈© ìç9ÂâH›ñRŒ≥/å˘V4Ü≠^∫´€º∑&<q#$∆6Ô⁄Hu.%GYV©û™õ‚CtÎP‚Ωª˜54›:ª…VﬂπºDÃ HÛcNQi›*dì&oØËõ≈
8Yà så∑e8•QÁ•çi'0¨¶Ùâ“^yô}Dü¬ÜrIn∫vD€5E)T®nöM5	Ω´öíÊ–À!¢…1íÈÿ…sL¢î&åÊq9ïæ¡Ctu1>ı∑™(c(≤è«‘‹πÜ•qJá9D`$C-∫ÏÜU~€¥ú[uÍk›;¶N∞;l∫¸ÖAÖb D,S2+ó(∫ªõ™∫Ùöïèú‘êN©∫tÿìTR©ŒgÚë¶YmÎ”∑l≈+M"nÚ˛…sN˝cPõ™y2áLıT:JM”§Êï´™∫∫T5ÜQ.NU›„xCwl«1*o>\˘´
¿ö¶ù,eû1Ã+ IR”ó0ô9“L≠Ωvk‘◊LœÍ ˘/r"©S•R”“$né”∂»%–◊î∫ÿâpÈ‰ RB §Ö+≈≈"_hd*M}m`1©R§íuæ–…tPüz˜E2ï™>π©i°$§NûQ,àe¶"KbVdm£∑íÚzÙ™k¥öù`:ﬂ•Y+ÌxÃF7LkïHó6Ó R®∑ÿ!4Áç2	$e*ë#)R∑úŒ|' A“ (m∑IDJTòﬂ]UAjg.ù”pp±æÚZÚ•CCnïM$S∑bHQ-TìUíÎŒ44 ¶L„úS8ÓsÁÕê®ƒ∞2íT†„PK∫uö±îSˆ"ﬁ'#ÜíK1ﬁ∑ÿMIﬂYkÍ ˘/◊Q#t‰b$OI» *L$Œy§s»ú◊∫<¯©ôÖïD¬BvÔnùv©}q)îîíëÿ∫ÆRrÜY√£\±èTd(¯T)R•&ö:ÀÑM>Ÿni:8dY
,°i"õr5ÉTıê˚1ò»%‚¨NKNx∑iZS	9°ïN¢•¡⁄+LíF≠YëÁyüƒ˛Zá‘ÚStÈN8ChñÜ6ŸécÎKö´ßÊ'îdD¥À;-7™Tåd∫ßL•… Î!#”^&∫°)úsÇ˙æØß?q™ôXN±+P2ú‘’≥+∆ÍÆù„eòà¢W3åÎâ–∑ï˝$ü!ãhC#"\îRÚ¶Ü—∆•q.5§4µjT¨äTÓ∆¥ı$µuYÃ¬_<„HDÃ°∏ì¥’.=-ŸCN >ÃcòÛ∆Â˜◊kXÑ-YîU4È9*n“-Z90°™0¶=⁄˚åd∆`$kúzÌπ*nRC N™Î∞Òπi≤¥ƒAÀYLÜs1Ú3äÏºïutÍV()≠!6Ë‰∆x·ÀYé˝…ëfVƒ"Dd™o∫µ…=’∫íêâdƒEí¢|Òé™€Jfc(o”ı}.Ò,j‘¨bd¨äFPâ™ô‚v[Ê-ZƒKlÑ÷uZzäu#÷SË$˘'8Ñ2àà'rñö»€öMâ∫Ô5«©)ú•*$°´O|Ié•ÁYâ>u" KVcsæ9•C◊4ãt1îYG„…1ºBÀq]Í1Z∑ôˆY$
rMåjÀD,p‚Ê” É¢¥ä_rìåÇLk#n©”ßP5ë1i™û§∆Â¶›7ºz≥1êŒf>CÊq]UíÆÓ•bâ)íé˜≤¶1∆,rôE*)…
GJÆ≠Ò"DYhMRcM◊§A[F9«π1(tÎ%zDÃNr}π˛üÆÆïœ2A
g*ë-zEôÃNäS2JπÅi(T≥´[MT63)Ù|Üe1w≤!e6È”ööo”r!Èæ JíûPîàzø„ù(É;Œ·¸‰íB[¢\R{≤ˇ ¶È÷Ÿeçä≈sM∑ë≈zN¨b}nﬁMF§Ö3úÃ˝vùåƒceåóâ”{ßˆê±,da1πnùS™În±WlkÉná© ë7M∂"fbÃÊcÂ>w”ªª©1bò¶âäñ˙JôSäfuÁ)m2;wÓÔº·$ñRrŒ¿«NªŒL§)S1äÏØ-∫´v≈311˛ø´Í˚*“≈8f'ÀôââRfHÅŒEUâŸú«ß"xL∆1I&3Œx…-nH}2Ø°J˘"€”#Hó©O¥€-∑$çÙèÂÌ$µ‚„àZeû\ÒïJòåıòÉÁ$Ö)!ÀOÆ≠÷∏1ÍÜ42 ?˝Mc∏°ô\4—ju∫2jDIéR˙uﬂM–Ãf!FHÀ4I$6ﬁëKÌ ƒ°I&#:ißXÃZ£ä\“gO11
YM±2ôfUêŒf>SÁRU;∫â≈Åb¢ñ8J B$ÇV$ûùem)G[”%%Œ!:i«ÎQEÊ§IGÎQ1#ë”l°Jè1˙>ü´È™ï+ÑÅâ)ÍrÓjcYã1’Vb	NN92÷…åFs*z{ñ´ﬁGúì„1MàjG©kHÙ≠61ºåëißŒ‚\Úâw§!”∂–∆S°fs)Ã¢"excnâHÔßTÈß∑¶4”Td(¯{é•∑jbeLãRzTQê‰¢LNLÎËTu±LF)ïîÃÏí\45ƒ®˚à1I$Vó®xﬁ8Ü®JWã≈xºLN(ƒ£ÕM&π*ImŸê g3)ÄUvÓ')Nÿ¢gñ®‰©òôSShn™ûöÁ?è~’j©◊§Üÿ”≠I$ûèÿÆ_Uoä|©âÊ|ˇ ^k D<&#ΩNitÚ›9h∏SKπ1b©d®ëfãZc'y‚>7Ö¶ﬁ¶jR≠A·E»õm∑lëW§qìPx©zZ‰ÌUﬂ©e“iq™T1g–≤ºg I$" ØPÂPÖ¶61Íïô
>Áê±§:í!bÒÂ.B)ÿµÿ1ìyÔ;Ω6KäãWöÛU"	ﬁ’}ÆF2IÛíqÆsÀTê›	√ùdNbeJÁ)Tµ≈§7fC)òÃ|∆˜u+Á∆•±®˜v)ï3*é¡.ã*ïÀmµ™m˙õöÎâm”m›_àQ-àÙüßD§•LxÀóÈÀòR‰Ï?ù‚,Í8HûWåìQ*&¢“'/Ïy‡ƒU˘àòJñi ö„:Âôƒ|ÜnT+IZ!KBY4ì,ÍhI¢Lnj Mm∂∆rGY™-ÿƒ˝'ÙôLGÃÂ≈E˙∑zá5ŒXƒ∏€m°¶ä,»Q¯Òù∆cÊ#CZN‹ìß
êHÎ3≤’!äõWwlíH˜GÿAàƒB$˘‹iÆjã§ ;5€‘àù≤ì˛®»e3å*Ôå8+bÖ*≠∂‹ì*"J$ë6ÓÆ•„¶ﬂz€ràœ>8∆U6ó93é%R§%	ã^ª$kì6\˘2éT“zÉ≈Y)Tdk#∆)ºw
1ÕÕ„¨_≠B√áÕæ¡”3,≤Áî2RMd3à˘åñàS537>fI~≠ùßB2±•=4îÍØR-Ω!Óù“E:tŸ—Ã¶#'®π»Íè)bÒc€ƒ–”(≥!G„∆%ä1√ôè2-=¥í%Ã∆I‰LµëZµ¶Ê¶ù’S$ìª™>“F'ìÁ1ãM»Y'kRKEÍQ?≈§!&¨ ÚåÊ'âƒ‚≈èÑï€¶cQ*QLïﬂN≠‰ ñÈ”ØN•µ∆öíDº˘•e¢rb"À9∆IZíTä`Õó.ZTÚ”DO-Ec…}»ê≠dS„áâ·˝QâEªhí\YåìRÊ◊%$÷UúìÊ>e1RcPúÃ\˘ô¥¥ˆ«¨ádÖ3HI%¶€!k≠∑-È∫f-QE:n∫â>É)à¿u◊©π≤SúKèt©eDå¢ä,£ÒÀÃŒ«16HµZÍ9ƒê‘¨©í*íå™À,N_Xı$òä:1üi#Éâß¶ëfE¡ÍH”Ã5)ÌïπFGï—ò˙GÕ0„≈ôI)∑TÈë12"ò¥€Æ≤‘ä™›zÈ{D∏ vŸ0¢•LBë€ïzJT®âü¢Úgó1Që1í`xﬁgé±1âˆﬁ"ª1ïæsœjÆÑª/ctÌR•rÊe&≥…>c‰IZf%$•9'í≠%∆ö„U¨∫ÉãkU®\€:cmê˙Ye≤tè°Â1
~ìó5F±¶©¢∆-P◊$¢ä,±üãó∞ò \≤I’®‘ì-2√◊U]∑ï^ö±CMrT®-¶1i∆†DºUä°Ø‚€π•Ãr•§¶&ÒÓù>ıQfC#ÃÛü&?ìÊ¡Åb∑nN©”"bÔ¥$ÜQ‘"Êé”o≤¢4Á«ü0ê wWR•6⁄$BTUu
˝NºÚV8≈ÎÎÕÜ&r,©î5IkgqX(°jåd:)GÒÈ€»Ú;óÊáSXjÈ’;uM±%>hÃ}1Úä≠òéÕK»rf‘•>8sRÃ∫ÉNüÚ”X«¸%i&QZDnãõ9RåÎ)à¿Vêâp·∑âıú)€√\∆™r&~%TÛçú»§ó÷⁄RìpÂÍVRñëgsSÆ2ƒI)î7.Le-•ˆòÃKô‚0òîàHfWŸIDGïß-1æ∂ˆâ(≥3…Y\‚˘>Oõc≥3C’[ué8Ùâ)´tŸ2YI™dÃI4Ö|˘I6Ú;≤’'$íù]ªM>!π1∆8ºøW—õ&Ö•çßH∆ÒVRL(KåÇFŸ:nØˆ+ÂÎ¨dûKˆÓ™Ü€ó:£1Ùœï`S1é±‘;‘ñ•iî®eô59+SÆÈ©Lo‹π)1≤äc§–„$dî°RSÙ¨¶#ΩHí NH${¢∆∏?·Îñ≤î~$¶àRÂ…òùzM.SU.k‘π2òÁé<gñKeÆAM¢H1óø'⁄c0òâ^&1N$I)™2
b9DˆT µJœC⁄%”ÀY™Èc˘~Oü‰úWì&[}lt≈¶t◊ïgSñQEJ∫…éÒ>Stü}^KÀ…Ç©‘π$UwTJîvuÃx£d˙æä™åä|⁄…9zÉ≤OúC$ÂL©n5nü&É"Ω’K»qîÈ∑Ÿ1îSÃ}3Â18|Û,júë§ö·E6QìRMKgÿÑså±π∏∑m∑÷ÎX⁄xŸëdï34è§Ãb05)%2í≈
&Zz•ﬂÏÃQ¯∂…Pî¢k3C~•À™oí-I ’Ká<ßÙ∫$JÂD„«è&;RCÜÿ•M/¥∆`1)ô«8◊%Ke+ôR7IL™=*e,∫Îm∫U.Î-eØ◊Û‡˘±‚wYäC\•®Q§˚ﬁ∂Ÿ[ˆ≠’:<•⁄¶b1?V€ó€ª…+56È¢T•´‘)Ñû†Sã≈ÂœÙfxb„„\»≤J”‘¨EadíPÑ1ò€2Köue	ß®$§QE·àµfWú∆|∆%‘úÖ%jN£ú¢Í¥÷I°!'Æ$uæÿƒ·∑◊^õmêJÅ;y	R≠sÍ2òå
“ôï*e#Mﬁ®±Ì≠vü[∫ Ÿ¯ΩK∆—DºåßÓ)U\_SM9%XÙ¶ì,ŒQ™ôôúPÒÁå I b%ˆœ¥É	à∆JôÖUKC,KágLJENë%ô¶=!UﬁZ©√ã9QnÌRzuwÍ\í1=zÓ¯∆w◊P·™uI„1à§‰˜ö‰≈©‰d®îõutåS)È±Œ5õ'—Ùdºsä2N)«< f2ñ!¢ïâI‘B•¶…~≠—"nõΩ&Ô‹V7I™(oM‡,≥1úƒ|´ ‘àÑïßR#ñÆ^Ì)pÁâÀm∏”}Nä‘emÍ	IËÏ∫◊‘e0ŒS10ßâr	”›å≠-1ÈÈª,g„d∆Idó´ñ°ˆﬁ7‘!ƒYB≤ä>ÖJHz∆`TæÉ:ï+‹âî}ÑL&"	R§∑5¢ST2˜Ω;y]°µNÔ'®«á8»‚ÊäVôï’'2J#TN–∆4«®’ñQ‰Â+wm‚òM›Pñ9î›[¶bôîP…1N5wÙ˝2B«8ß,·Q4fy]î$”HÅ±.2VøÜ˙›2ü≠7VØb’©Q›`-€Ãg1!àëÍ@å∫çN∫›´Zb\rÂãRHÜ≤k≠±1ï¶=ATQIò ˙ñEÅaNfT¥!L©””(¶sOLcFAüç1;pÈ¡srÑRÅN±â€°
Â“£9hó-∞îÛº¢!bYíó⁄AÑ¬b í[D9cï-Q….Ω™ó©j≤6ıNõßun±ØõV≤9"ïS≤›î•cô^ìîï:r‰hË’oæ›1 RAÀWTDƒˆ™ôéfi›’ÀôàBjg
ª˙sﬁYúqçe0êYùÂvŸ#MJÑB∆òÃd=∑¶ÿì,m>€¶ûıJïÕ5à±ôO†¬|¶%&AÀ®Ω2ìóæçRBIVûûë(°iÍLNK’¨bïZ ∞,	©ı$≠∑ﬁ—dkLznã,g„ÑI™Íi÷7E
T‘ ífRHÎt6Mw!ò•ÂIäyﬁW"xÆÌ¥IKÔPa0òà$ÇÜÂB_√)3πm\Tø]ó€m∂›;ßU]SÜ>uug={vÓÍö#Cóç∑uUçÚß\µd:“\«*:Úd∂(ò„t2TØWM˘ô≈3*xœ1ìË˙ˇ tF<q
`ÃYúÃP…‹®^aHËáá¶€o≠¶ÜZ•ﬂTËì
ƒ4’µj1îö æì	ÛH+X¶T#+#R3äZ©jÑQÈ_™r@Œß÷úµC$∆2ä_¬xú;(nåDMO÷d0:¥âœSsR2áJã#Lz°èL≤∆~1õVÍk∏€3 
gùNF¨nDõ£*•™ ∆IWö≤¨ejffè∏Éâb Ç9ï'{ﬁßE&≤œô&∫N¨ßÈ∫´ßM¡1<øΩdm∑^˚UTbòÅäJßCî¢¶Íª',≤NÚW1&]^Wí	M˚ÈÊRG&f1©\dìäœªÍ˝¯'DJ‰ôLg36€ó'Ñ@∑.>ÒÀLm¥’vùTrcãV6T‹ jÃ}&Â13òó$ıê‰/„çSnµC“$6´≤9©®®"Ü≠s\1∏™™lf"Jaê˘œòµƒ1ÍI$n∆"f‚!√á7ß¶R±üåÏí∏µåÁâGèH r’]‰øx…õ\À5cåqÀ2î¢|„ãî±Ã„Ãæ‚&%àÇI•iÃ)‡•Bö.ù›u)KP#)ZßwvLF3≤—_∂˚ÓÌ¥bJõ%°Ø.DƒßY‘‹–◊ôIAUñÓ”ƒ”ßﬂI»ÑSÃÃ%-¥£g’˜f˘OñqÃ§Ñ≥ò,ŒÛd©IrFAﬁÍ¥’©9sƒämΩQ.H1€”msíö©Œ}‰1®Ms¥ã
êÑ%J”}(≥®d^êî!î[$Åó¶7,ízk%aê˘óÃ≠P©€¥IæòÂN5kæ˙ ,„C(»3Ò£^aDπÁ1¬á-ß%)Mê®™∂åuz¥‚° åsç8Õi®9çZQäe}+Ó1òLF2'‹nƒ•qñÌ5B$[M^jmóY)∏úPìGf’≥ç∂ÎRÊ÷Uíj[l„NTÃ§•ô]íHôƒªÍÔ-“âó6Èæ…"oR¶eIM91ÀØßÍ˚2Ê>5ÚÃ$µ&sôå√ó"Dî@ŒßÍ2Zcü5*yE∑^’[í,Jï«eñg3òOï‚x∆º‚]M	1∫8î¢›ªgi”%5"/R˚È’:‘êS™Ì:©§vi◊djTî}eü1Û+27n”ñ™+ßzåfGT©>—z°¶Qê£ÒªÉπÛ3éT⁄µ*U)\≠cYî‰Ç&öjá*eaI}K0âj±èPÊÛøºÉ	à∆E*ñAD∑UUM5bB;ÌVF›U’
1LãTµÕ*%XÎ“πºwÍüPµÂKRvﬁ]JBI´~Óÿ•ù4îâ˙WÿRí(F#◊”Ù˝YhÃæCÂqæ…ú¿K∑ùÊm”á2J!”oB“$„Tº≤ﬁJt‹∫pEC¿Z≤F7÷Q≥9úƒ|¶#ôU-;§ÒÌ4€≤À”°8Ò••^∫›óèTY∂ÁR‡‚%›}uoÂ3 Úó§N†Ü∆˝A/#∑-!ó¶=Qê£Ò¢âcT∏ñ4YJT™Rõ∂bvÚîëé"**°ß®1#ÍyÜ˝C¬Rb©ºï˜ê`1I$ÇI{™uﬁ≥(ö'T€í›’›RQ<ì™ÜsîÏg$ ˜$8hzBµOæ™©¥íIJIô™≠4ô‘JzÚìnìÉ;jf_—õ>f)˙WÃ˛J∆–∆CŒÒÌÁ3jî” ±l¬=¢E¶QFC+o´Hö≈Xº§:uS™ eô◊–b>3ñN≠À∆€o©ßEñ"ÜPåg/¯Ô§ åer’êw∞2LG≠˝UGÃ˛j∫∑zB$ÍµLÖò…ÀC}£!G„ârbP=IèT4íõzóT\Û9äöõó76"%KÀ∏>Uíiß˜ê`1I
Hó"•Zc} !)”FZª™D§Nù'÷·J¶›%Nﬁ—sÇﬂ^ôNúâq€ªÀ}î€¢N∑$Ø62ÃÆ)Á—ì&vîsÎXë‚r %Êxúªyå©MJô'S•.xsûë"ÿ÷Eògcrcx	)∑ßMgè©b>2*(ÖÃâ›-!≤H”VådèU˝&ù%çd›î!∏%SÉ
Âk)Ùå˘ÃÍ©æ!ÑëZ∆BÃYå¢ÜPŸFBèÅÀ∆ÒQD8”\‡Ù ‘ñ·Ÿ˘±ñ2 è8ì_Lgñ%‰YÀûQ˜êa1KáåIJôù:”LfBRIU{ÕmûSë∑jëË∆& “ûR•Æ™äãõVÔ‹π,ó¶P»IqûﬁLô°$12ä^"Ã°õœûÛ òÒKÎ>sÂ19m”O5a©te2àzíRî™ZÊ9iÍT≠•Sî V±ï©1ò
-%eSWP‰Êy˚K„ƒ˙…÷5Á2 dI+3:!=R‰=PÙ•√íG-Dƒ‰öî™.x…jõ∆`’k)Ùå˘Ã/-zÍàôCbòîÛ]8$jï°Íã(¯·‚®l£LoΩ’‚,∆Qç`L≤ãcL‰)=gy’)XÁÊöUç„qí~Ú%*I0í#™ßWN§„ñ≠"t›<îÓÍWÉíÍâ:ú)tﬂQZc~¢Ò◊Ø~‰ÇÃÀL∂ﬂ%-2ïŸ3 8í≈(Uﬁr!)Üæü£.y1©ó9O∞˘å',§f1QîÃ#ûT…ÿJeRÁœ*F˙öuYL™ï~—+¿QZ≤ÑÂ—
Dg>”Úπ¨T´‘4cîdåñ©R™yô%9)P™k”c\ÖJéD5D‘›U(öå≤∆HÑc1W¶7oÈÄ¬≥&"IÑ¥◊°÷VI©y©©jñBèÑO¬cTSƒA÷Ùƒ m≠9«ññYbŸ$¥—îÀ538g˘r‚ß,~F`¿bpÂL‚R˝zóﬁCêvä´9#n™Ú[jf:·ù‘È˝{OùÎt€n™´≤Eºä·¡PäwT¸ÃÛL∑s2õ¶˜2§njyI9!:œı}bqƒD¶≥üaÛ:«2ê’,∆'àk; Á]Ôdƒô#<ÃπS¡∂sÖd,±Jâ∆∞´)ßnµ:ÅŒ}¶#ÊR±àD9p”»Ÿ*â⁄uy%dñÎR–Œı)(±Í®ÏåÏ:¨¥ r–ú<m6À>ÜﬂŒï$I$â˙LI&¨…§cS,ßE+2|:∆<e∂CäÎ;—&VñÒ,ìàeñd$j‘àùdy
Ib0nï,èÚdLf3íiSµssnÍ’Hä-ú)››€ôïNFÔK~ïM:1ïNˇ c∂ŸC<¯P'L©']™£íí“)÷ŸŒsÃÃı©àJRß.ºﬂG”ë£L•FsÎ>SÊX¶gÖ,Îàfs)ç∆∞ŒE-≥í•sçq¶Jc)›[≤ë)P`W7
h£Ç1§åÁ⁄a_2F4ó%%2jJ#}e…RSzN[Dùe¥‰c9ér"]<â´#HÉ*Ñf>íåœY]$•I+œ$íD7e¢V%™V1îÌ‰,¯P`xÍ¥åb)ªö[£âLπ≈91k#∑dµƒ•yππ©Ê#∫›<«‰H0òÃn)\ﬂßJ•Õ˙™á"(¥ê›’›4†≠t¢â™tâ‘â‰∫øj˝uúR°™%bôRKÅ∫ØL‰≠3≠–ıÁúÛŒ¢T©$ßDûÚÊÀêâ«0ñ®Œ}g |¶ó9KÈ1<Mº∆bDŒ%à¬f—$ø·é¶ù7eîQCPA$õöõUπXÁ√Yœ∞¿æu&!çHã‘î·∂ﬁ®f%JÀ˛%¶Ù´Æ≠°òñ#0…’≈+#H∆b%ZFSÈ(¿UΩvLbTíDæ”e¶§∆Â’]]SßNã(¯
%‚xÿ…Pv›T9”}%Jd\<#2îQ#+R¶|‰õU.qŒCeó‰à08sS~°ıπru6cPÜ4∆Í≤]>Jn]àEî#¥—$©M∫ªo™ïu	J,‰DJ$å≤5…Clm∑©MQ'4Ÿ		Õ*¶ÜÛdºá1® Z≥)ˆ1Úâ◊(˙û'ãYå‰ùM	AÖÂ{Br˚Î≠”∫öÔhµeqAâ|Ûj”Y'"$ÖÜ|\}'ÿ`>ta‹4FØI”Å∂∆6c-Ÿ_¬:©æßLÂë$;)%)ŒYµ+XÃJ¶d>ïfmæ¢DçqÈ61´I„©´ª∫m±ñd(¯
$¬Ò9(ç:∑OM”}ó:dH1&≥PéZoùd(k∆(«5§ºÂèÀLúT‘π!í∏àôTVÆÆÓÍë1O©∂ÑR•µ2•2õl≠ˆ\ìßDDGôérÁ…‘›6ﬁû•ı§∑D©C~Ê§ßó%_µ8$eôO∞˘èêƒNõ∑ı<&Á:Œ-"DAà»÷˚$ç˙ıÈª'H•eß.i"k˘ /V≤Kî±òÆ~•ıü9ÉX6A$j∆˙@∆– j¢›YzLIùÓô)´‘ÍNT•)¨™Â!ñFG€>¢Ã&!∂ƒAàùø·Î!Ÿ©∂Ë°åeñQíƒbp…n™ú?^∫'2K1Œ&Ã√,B)ZÇZ2*î¢"9G%LeèÃ(1Â√áåSP¶¶íÜõﬁ[ºïrL-w®ë™äè-+liïÆrI™ÏDBDÃ “-ˆèSCOî6ú¥î˘©£ê•ZbQ|é¸©ÂAàî úÀÏ_1Úâe;IÅañgyÙâRíÖBtﬂdCuÎ¨Öƒ¨ßE°,j&œMﬁ¨πqÊL5à®˚#Ó>sÁ9Å¢&fyêb8Üu±÷:Ì;Ö™⁄iÛæ´RLÃ© ¶°≥!I*HƒÒW¨ïÍÎÈv`0*ñâ1òƒ˙R€}»2I’iåe+(¯‰Ç◊©Æ—T‹“©g{4ÆjbfbÜ$ï+P¢<\⁄1ê9q‚a,«ÊH ísé!"µ.^•Õvùﬁ|ïrD…«9"◊<9s„ùî∆Ë{K…ÈTŒ9ôií€9ZCßDÀ)∑.&€ng¬õ‘Aó6Kï"L¢TNµK9ˆ9ÚƒIJ÷uÛN%FuöZí	IJÉ!:g®•Eii∏§s"°∫(mà$¿˚I¶8®≥ﬁ¡]˙ÁÚÁ_2F#¨ƒ¶R3&J·C©¢’¨2‚’BZG5∆©ˆ	~‚≤úÜdlEÎâñ7o;£Å–◊ï0±ârJNx«´IjóööMR»¨¯tî"REöÎﬂµS^‚Ò€ºuáYã“IQdòF≤[º.	’¨œÛI'åùÒ-pwwõ&JJ&IÍ )O&TV5ä±‘˘NµKûy)å‰Ã(&ª$!ÀoLgNT¡Ná31æ˘òI:™˙…ûÓeBîò‘)Xó9KË>√Ê>CDåµú˘ﬁ7O3Ã2T)HDºék¥28Á¬Ü®Ö+ôK›IàÅ,u7Èä‰2ÎÜ¢æ•˘Ûü1Ãg{à[ ŸÆ©—"™t∞*2\ZköÍEíF‚Í…;ëíØX÷1
,ŒR¿∞M-'2N∂«]/HKl§ 2ñ|B4î&ö°∂€Mæ…(d˝bxeW<Z¢‘¨	¨¶bûüe∫ ˇ 0AçJÖàƒM{Ôzös™-ﬁLï‚`ï0’&T©ÑóôIyÂó.hM*û)•úôôôîJï"T[ù=:m¨H™u…èZJe*}<”Àü-‚úx¸9†ìéZ˙O∞˘èêƒ‰C(˙L"Ãœ(… ó©2í—G!$så¢ådçÂv€cv‡∆EK˜9VXÀ4Ã¶Mc1<OË_ì0?êÛF'ŸfTÊS∆$=a( =∑ﬁè]NJN•*•àJd…©,í	~Æ©—ûZ¡8&”*uæå°jı"(o•*Vf(¯Wç„Ö TXﬂÒ$◊yìxÍåü√T•`Te3MŒ:ôê¸¡à∆I$˝KB“~¢ù÷\ô2QâRÊ4¶•≈Gè◊1ÂLÀT1™YP¨ÏÍµ…ôRíôRî.€¢
™lôí™È¢LRÚ•'T—*Î>lπ!`àá6û‡É'-}Gÿ|«Ãbp-Qı1å≥1óPKM4#)"†Kõ¢àiôLÉ™n$ñ€øxÚbπ¨ã2!b0ôœ…òOÄjS9åÏ2∆í°èJ\“F1ºÉ€hBı$æ∂%*¶‘í!ó∫í[tŸÃÍåïΩBÖ$å{c\ejDQBEf(¯¨f≥jÓÆ©∂ög5$JT›`¨õv=-Q&ã2ŒH∆±§∏÷CÛ&3$êKN	\c~¶Úd¨ŒŒHÜ°Õu*Ö#Îq‹4«™Y¢Ÿ'tÑI*ejtÈæ"ÍÌ‹ì#´¢f'©zs .ë)ﬂ”õ.i0Œ	ïE7ÿ ƒJ,˙è¥˘èòƒA:£È0,eôÃªó$í#!)&r	\•¶¨ÇDdYîSF2D'⁄d<5ç—ù%∆æó˘3ju…‘ÈÓ«§¶\“‰å±È∂Hê€“;Î“rHÀHDå»1i§H«ø†∑Å·´¶”Ç©„M5Iàíï™fbèÑm<KM\›U∫m˙ó'†ñÈ’ºÛèYãY	0ç—e(újW©Êó á$í’AåZ¢Œ´ÕrÊ<êí∑79H∫•PD©˝s56õÎ2Ω±JORÑA*¢ì´ˆ´µyrºí‡E[¥LƒDD”uﬁ∂€Q7YÛﬁr'·N›èPC¬Â¢œ®˚Oò˘åD™>ì	ç—ôf”p‰îÑRKIBî^íssà»d,≤Ñc'}+åßóR`!}G‰LG„Ü•)‰¢DR’Îì39ÜYC¶» mùÉœï2BeàíUsLDi¶3Ë-‡1<îÔÇ“l‰•4öshIXé– yK>à0®,ë¢ä‘6ÿ©[µV`0iôú¥-Y/  ,d)%ú∑woÚ‰ºnI$ì’[…$aquŸsYF’ÕŒY∏X¶&eAEô]Ìñv-ì3
e*ˆ‹øu~ïz…whÅ7urB«1âEU]\_[”º˘Ú‰Jf'ƒätPıò	;oÈ>„Á>WàÅiüIàƒ31ù=Aâ$–Ÿ$)LΩIÀî•]∫(§b!L¯·Bús%;'ŒAıí0Ø«+1íº(≤IsÊ· R•YóPú‰V=rN∂ÿıãI)‰©râ¶_ƒF∏”>ÇÃ3&±BÑßöì≠•SëC-˜’StÚ|)XâlùXÈ∂rçΩ!&HÃ≤ûSâ™nÑ∞&≠XÃIê”n›îø.IàÖ*I1µFjªÉ77íÑ”ö∂Á Hƒ±N8âQ VS≤”ï77!:tú4Ÿ√®„~˚™ª¢dy¢k»Í∆™&}'ÊÎ6k∑3±,cT®≠rXâeIˆü9ÛH€3òåc2ôÜöÇ	#π&1jŒ√EâJfC"∑MÎébgÎ∏$âE65ÖM}/ÚÒŒàPJÛñbR™Í)9òRã2úÅªy5+ârìﬂ1àòr»lÂ°j”Z°)ﬂ*~íÃ…qòÃf47æâ”±Ævù7¶7Eî~<©ôÖ#Rí WÒè|ÚîÀâ∆Ò·å*ï+T!iNÀ2ƒ¨Åj¶¢œÃb ï2£ÅåªÕN0bâ…vpÏΩÚV≈‚a∫∫∫¶QzÌ™R°í§OΩ Ì
TÚù∂J*Ö118fSmú°¥¶jÛÂ»ÂrRR±(;E1<b1í'G“}ßŒæeÑçu÷wåáÎ#œ¶Iàî”M4ñ1≥êªn4ÀYTöÊäwNî®Æ€ÎqQsì=}Ê#Ò√ ÖY"Su§1î˘∏…<íã/S©\ΩsâIúƒ¥[©åÎdÓJ_R»`0<ÉP±ò‘:tÂˇ T©4 ÙıE∫?Q$§’›R‡ÃCó%cáébÁ‚eF"DÿåMª,f:ßUv÷cÚƒcx»S0:¨óíåx°^G|jµ+iD‡XåR’óWëW*nZ„”TyùvZJ%BEU6í)âBàòÖÈ◊uêï3wó.JKÀP¶ec%å¢Ü—àF2R,˙ü÷˛càá÷ÈÂx‹>‰y‹±(%Àù4◊î°jÑíeê–ÃÖî≠4¶&r€ËîÀ´Ø^•…&cÌXœ«bp'.€e.Ik*ÚS≤ı"nﬂQÂ$Iç˜à™ılG™rX⁄$[íè¨≥Ö›°A-∫!!¶∏!™Ei™MQêg„ä%cRP⁄c9«8Áíí‰NB(∆±ùßôÎ“µ]≈¨ÜJni˙ñä3üñ$áç‚xú>∫ºóë<XÒ∆wW-6Q…íô«ÁçôÂòíóé±∏©s \ÚßÕ,d/:Á∑G€9*'ËÑ:¢[Õñﬂ%4»I’MSßLì±)\»}G÷|«Œb Eå CÜdyö$I	…:Íg%6òÑQjI»Ëeúâ‚p‡gü,…U^ùbpBÃ}ƒétí'-&∂ $ù'Um2ã‘£©Ÿ…¥ÑI,e¥5¡åÉ#Í$Zë+>ßfnk
Eπ'M4“-∂∆Pƒ1îYêg„JrcΩI∆π+Ãœï<!√ß® nûSΩo“π¨, e~°ßÈTµTÛüó$ÇoM˚¨ïëqaƒ◊—§'›£í¢qF8ïç˙…YGaJäã«q‚Êì^L8∏àî∆—ƒe™¥H mäfqƒ&ƒJÂW`…YÛ;ôÛ*µ{b©–∆'Ößàùd>≥Î>cÁ1äMg%„fS.£iÀë∂Â°X¥Ñ€•Œ∑nõt"U	√ÜîGäWY*È6º"Yﬂÿ‰¸{1	ˆ++ñõjê‘©)˙™ß⁄m€≠Jiê9s*UãHB’íº‘Ò™  "D-N≤Qfîö¡X…%qàOßuëÙew¨eô
>πxúô5ÕO%%*eE&*«iúÖ%6Ú6”Ÿ¨4ÆÎ*ßçı“Øk*ºØÚ‰êCáØ›‹0·˘‘e2*ùÒOîíô«a)%S∫d„òÀ-SÀI©Q·K^#äöwwêì”oHí&%Kû% lôªœù‹LÀ\ΩKÈë∂5Z≈PÒ¨ãÎ>≥Ê>s
Ñ∆ö˙H1Î)îD&é√ÜıÍJ\©61∂ÌŸMπpZD<oésÌ‰tN±ò~óı∏?3õsV”M¥ÂΩ*t2ÜÈ∑LD¶úÃ±Í]i9%rõq¶ºµRñbRù!≥Í,¿c3¬Ò8'M-6õw∂Q√,»QìágôZÛƒBîÊ 9.ZrB,ßuNN3í±≥#kÚí(Ï]øÃ	√ái_ºk°S»XŒjfa¬âúxÒ`îBÂLqæßUuo-‰ºnR8‹•9
≠U›ävƒJââë6‰Úı‚Ô>ws1#h±í—&)©IÈî3CFCÎ>≥Â_:¿HŒQÙí± ≥	‚c;HÇuûñŸÀõ(n,‰êb"≥2À# ¿˚Ù?¨ÉÒ…¨g{
ßöÚé˜t[ÌkœM.Vî¯µ√ç[niWz∆íÀ3:‰≠S˙K0Ã⁄¬bPN∏“KO]∑—îRc}eQÍLdâÚ“πS)Mc¨NIá,¢’(CGq4[ΩAvÚM∫‰Õò\‘◊¨kÂ√aH„$dè®âà˝K‡«Ü&îâ˙<˙t€•nËªÕLƒc≥ÃBá9ÜÆÍÖ+oR¢&QÈZ®u^äº˘ÆÒ®îõn]>)SbTò«®%‡xµï˝oÍ>SÁ0ë§Qúâ«C:Ûç7'o≤Â¢G™˛9Á"µjà1ª}ÉƒIêjï™KR∞úŒ}D?«:q]ıWÎ™ìG9ÕYm6)x‹4!?Tvi;Dìn€Ú‘æı∂”±K\Kû|T˝%òo)Ã+$J“∆πÊÁâ2ïÆ2ã(¯DIåíû*lR3∏Ññ≠\πîà1¥X’™⁄∑~∞µgfÚâHâ$ ˇ /©rÊ¶¢~|_4ªöÑe´’òòÇ\)îä=˛…§›∂ãnõıWëÿ¶"¢Ljù[-]YÊgöl‰D«Ÿ/ˆ<ùyrÊÕR±©nùI)ò(ïi¶4I&o-}'‘|áŒa$b(ÃAô⁄Åó®1©$N^®ÊõÏçZµj‘êV†∆@ùS™™UI+SÙœ÷§¸yN4‹Cr‰M45Â´,ìí2ä“‘ï§‰°˝+T™j…€m»ŒÙHùYıaX÷Ma1%",B”◊olßEÎçR»¨¯u&2KxÈ‹T¢µÜï'÷P—$¨i,íYBIL«œ&S#nt‘."LßÂÙú‘ºSÛ‚√˝b1ªº¥€í!c˝qM¶›VG.∑jì…He7TQÌ«y≤*ÓJ…]ù∂Î®ïâH CßRﬁK…m®ôH°ãhD©H‰MÕKLj¨F:wëÁ>≥‰0Imîf ∆3)ìP1ûeb)5:Ï“ßMÓµ≤›ñ"_H"°∑MÌ¨äT¨y◊ÿí¯
 c1èLîé…;£!bÎ™o]ı.´®íµgz©TﬂQﬁ±π™zó#'V}JÃ30å2	ãr-¥ zeΩ∑O#≥‡JRÇLÑƒBeÍ	hLcò…-YeÔäb"{ôÂ}ÜrB2óúòcÁ≈Éô"bUU‰µLf5Übî‡ëîVΩ;Dç›KßLeNπ(uu-››≤t›>¢Lâ˙¢ÑUU∂óôû%C$zíIr–àV©YZçcıG–}g ˛wÖŒëfbcyL∫ìßƒ©1>í˝zÔzÜöùd(¢Ùü§Â¡åe”))ïåì2˚|¶c∏ßÑâ¶Qeæ˜≠˜çPÑ6HÜ#'Û._[ÎtOâ9)™_Z»`1Ñ`1íHì,ë„V=≤ÜVõnùñ~9yÛ
K1KåS*äMI÷Ÿ…Hƒ‡≤ /]ã^≤VMKM6Is˘îƒaèõPë0’:¨µçú«8îóUpD!î5M‘πî®≥Ω–»Rë3ÀÆ—tÚ{8än∫LƒL≥™ìÌ2õ°Bï&|ÿ…(NtúíIBÀ+S¨[g–}gŒ˛j¿·ÍÃƒ€ Úã]Brb(°m¶u¸2 (±ùTúºFµgSGîñ%û~·?Ö≤5»◊©r“%à£!mmÈ¨ù=I#°ÆsÑùoΩd.4"IÂœÿe0<Fm`1íA
’í#ú¢˜÷QC∆QeãJ\§äX&¶&F©2IG{—-b!YJ’ÑrßVÚíDK%D‰üÕ&bèüPªàÑ:¢›)HF5´§¢÷È’[F9âÂ+ó<I´Dí„Ww~ÍÚWPµ€ØHÖé&F47ÔµY.OéDπô©»öEíFíÖ3*B S*g8jåÁÿ`>wÇ°≠QòìÃ¶S©Œª/KR¨ù!$7—ñQEåßax2nIU<o∆˛ÉÚ?ÉRw∞v*|∏¢D!ôâ(£#O∫íJt€G•ß¸b+Ny'añ}ÜSƒÛ4|Í%·ó2ßN™®c}c(°∂1ñQ¯≤N)ÁúJÑ&∆qLˇ 21“¨&2∆ZjóÖ$åe2DI2Iå…?úS0·«	4c˚Ì©IDƒŒºrk”ßuu\àòB)Y2Ò¥ÍÜ!O%€ØUbï<cvº ∆±°Îîè4Óöâì®Ñ‘´2™$Å32"-Tπ‚P±&Yfwıò#( Iåo3À]íw&-4ó–µ)KMså¢’Qf5ÂûÃãœ	ßN™ﬁ+Œ~@G¡©‹eKT2“ÜÚ;}C\·FBGπmÍFò¥¥◊ü>!Q«Ö&F}´2¬±I_2ÑœXö/KT€+le¶2ã(¸kööî£ƒÕó«:ZR·§2Ñ<JÊïç∂ÑúÃ– mΩ'ìGÊ£<8·*íU™T8Xñ)∆± ôPY#™»Úºä†ç#π2^LVÓ›S∂˚ÌZT€ÏÃœöT˙yààì¨CmÒªmxâS‚bQ&C Œ5*©R"I(°ç•beôœ®¿`0<M£)$ÃeII;ì
hGñÜí%Õ˜l¢ µF!kÅ≤◊(nNQfÇ≤ø»|:ù¬KIß⁄\:ÍÀïZGöY	“´Q¶•ºxÛ¬J1$º®Û∆πˆŒuâ·2©>gÜb=˜ÉT1Æ2ä„MQeé$ÖRi\µ
ST&ÑìuUÈU
p,E≤å‚ï<FFÍûô$5&6ÎÚÀ¿öPHŒ%$ûfTN'çLJääéYeâ∆§Zª…MI˚+#z∂™HM‰ªR•ÀnÍ⁄%DN;ÎeUŸÒÃ%2•πh≥&íi$MÕ-KÙÌ◊uçFYfsÍ0L&'4YîDS¨Œı$ÓL9)åco™•ùz¢€’ñ±àÊ5Äej«PJ»Yà¿dxèâßœ1Æi	súc’ñJJó%r÷QKKVöï“WâìÀñºÃ\„$B◊[G⁄æìÅ‰9ÛëØ0ô≈'TôEsÕE*,≥Ò§L©
Uj&J29q¶›SÁ0,e:3ù$C9õU§2rQÿ¸öÇ\"të$§ƒî“Ò
e∆Lu4\∏Q12ÑU‰≤Uï•* BÑùUí©!:ª¢V8√#’jÆ≤29Ò·cPÃÜ=d/RöE5Qs~Ω˙o¯∆3À,Œ}F	âA-;2ëº•àí^ëÅÈz≠¥îÔΩ∑LßNàåf∫h»QàFBÃF#%}Õ!çQÿ%iètËó.üe™∫Ã”˛%¸"º©Iß*&s‚§Óô'‹˛óç‚ßR`ôûJ8’*Í’*B-Z≤ ?B%LBJƒJ( I∂€%$#	ç’39¡€ì6©1Ê©Àƒ5˘1AD'‘‡îâX∂•¨è+™<®ôd’]‰b\≥äfT⁄©à„mµ∆áNâX„J”L≠[ªı
&	$E;mB259I§ÊÊ˝ÕtÔHáV≤◊÷|ÊçIEÂÇ$ó“L◊[Ëƒ∏“KLo∂ÎTŸDìåcê£óë—à∆e>“êÉ"'U®%Ùm∂2ÀißLGm‰“⁄%1ÈnH&\úÚìyöxÍo“’kÌCáâ∑Ñ˘Êc¬ñπçJqSsjƒJ„MZ‰ñYfAüã$D(B2-QìP=sì¥a%∂d<ÛçªäŒ‰•…öDíÈÀƒ›~M…
I%¶⁄rAQ0â‹’‰…öÚ;U.FQtÚzíU2IM–°Eîƒqñ€ƒcâHG≠[…MÃ„RèJˇ gæ§'eÍ_&\\µ’sSI˜©ˆZ1jã3Ø∞˘œú∆I"({eôD!$˘…T6Î©∑å°¥– ¨z°úôKêb8◊,µ5ë≥
√9£Ô ˘1íÑ˚§KÍ,leñNòéZI-"5Áœ5&2G•™n≤>™õöóÈ≥Ì>ìÅR¿æeéT8qÊ&%Õ*õõï2ñö•Â™,»d(¸YêF§ HüL¨∆3ä|4I+Ñ’:m°´-„yàTπ*• P≠w:¸ãÇI ì§©òPI“e‰ºµu§'»S‚RªT4í}·WVﬂ&XﬁFBààI	-2ã´¶(ôÑÑyÛÁàíâvdéq„xÏ±Ø.[«R˜ÿraUO1ˆòù‚$B(°1ñd“ﬂd¿'M∂˙ä&Ω∂™[o\µIå·;É
Â¨ÉxÍﬂ0N)Œ}Íƒ¢q _√¥äé\‘LπsÕ5kõDÌΩß7J˝”ßu‘I.iﬂµ_iÙèùZ¬|¶$1¶°B•CVÆTy”Tî‘⁄µëd(¸Y2â2°Rn≤4CMä‘§A∫tƒ›UQå»J∫N5>d»€ƒŸ˘j*	BP°JÖ2ó9NÛ^Wjûë$'Y)π&G∂7ÈRuU~Ñ'MñLcàÅ8Jx .ÓœRë$µ”É%R®Xq·=Zπhi¬"ëƒîƒÛÀöYè∏¿|ÎïŸtÈ°YìRºπ‰¨m∂q”ZI^ª€™cTzñ#≈Æ5ê±ÃèX^;œ_kÉ‡ààû=°àë"é)jÀ$iÆ5´g[Ïë¸-¢GUU∑zï"™öìÏ_B∆|Ìê|µäìÁõ!Õ:¢åá<“’ﬂπ¢’ŒEî≥ÒÆo„πßX›îôÔ’jíu”hÔ¨NVSÔ]3ÃÕ.RJ∑.RÃ:¬sÚb ööíòòôôSSKTÚ^KuŸ◊ôâƒ’ñºL©ÒRıÁéÆÍìMcJ'BõR@Î›;ª≤1¯©$ù7‘LåM6ƒ*¶ÜR®h„àï©$ÉŒ)j 3/∏˘◊œ8ëÊ&’Mª2j4Î≤:”ﬂhôÁS)ÂèTÈíÂ¢ZÈqQ˙‹TÛ5}è¯Â*e™Cr1	ßÈíä¨ïw9&éRjã8”%…/£ï<‰¬î:ß¶"Ñ!V•B˚–B¿∏èï·rJ2#Æ®»#µ™y	!rÃÜEî≥‡sXÎõÓ7wVÔ≤=BòôeCi·&ÚWkOIpg.|ÃÃ©§g¿π˘1‰É	‚ï~…∏ÓÔ%€))Q≤ÜºéàFAØ]U’∂öu
&J€îá]´ªj#\‰íF˙àHmÔ∫mÍtR£¡È	ÀáÎ]”sö~ıÛ/ùcR%+)zL£&†mùÉo\·DUSsST5+ñök ŒI$ê∞≠%QP·≈« É9ˆè«(Rö©c%˜|ôô•fGng9E12fV•∫ıÍk◊ó.|yÒ‚êÑ"JS0}ß“b>tƒæi≈0§∑t©_Æï‘∏®πï,≥!ò≥·à∆%)J“r˙cR˚C$cIci€EbRú˘Ú¶ó%N≠Qôò5˘AAå∆CÔ¨T3ƒ€ªºómí•%m≤óñ©íIÍöó9Z´ËÖ©&qKUπRY⁄ª≥9«ï^§C‘	∫oLBC%÷ñºÃ9j…◊e√1∫8ß2¸Ç˘èúÖ) _ÒEÍFV°·˛x’ãLDæâ
g8îíB≈Æ… ö\»®á&sÏ0üérÊΩS°§óÒ*DZ»≤¢q»›’6ÿã$ï'ﬂ{ÍkGÚÁäiZ‚Rπ;ìÌIà˘Ü•|≥éFB⁄hBßÕÆ9µíT¿À,≥1g¿#âDÒ™irQ*R∆w‘ÍuDñÂÙó'ñãñú∂d2âa◊ÂDIÂÀßÇ•µ&7Î5›ªNV5…◊µ]÷AúO€©h∑ñ≤∫s¥Jààî∆º©R wWë<QäÛ!ë#ú;©”∆1‚I)ôjï/:ìåi•<Œ~@˘œò∆-7eàIîXÑä≠ıjíC:ëj Kåí	Pbﬁ2JW¨Æúf>√	9©øNêß \‚Rõäo)ë9ÖçYNùH»I.I(±ˆ◊h±ß>e$ r—ˆÃGÕ§|D-d2L©ÚJeÈ∫)y≤À2ñ~?Xå*$sqSÊe¨jgÉ)”N%Êì-™Tö©•U^≤S®hT™÷ISâï$Ç§ÂÀßâ≈Àë:º∑LÖéBV˝KÍn›q´ßr‰uy2]çJî•LN8ôí’+-™≈8£z≥"bä[ù2w√ì*<Ò*MTµ≈<∆Iâ9Œ˛ÛÚò≈¶Xƒä,¢Dr” ¿SÙÑ-R”B•¨É9Iåí	$«§°K£!O#¢	3YÑ¯\π•6úú‚EÓGzóç€°åkíe.ItV´Pa$b’6˙ıŒpc GÿgXèò°?ä¢∫ùV5•ÆIFAçÌ∂Ï≤Ã´!·0È∆≠ZD+X≈¶Sß®$ïÃ≠ª“◊©µìﬂlSé›E"Z¸™í%ß"d(rÊù÷JÆLDJIßUi∆Æùß⁄∫¥DµíÆÍôƒë‘B∆6È◊©§›]Â»‹F)ƒA∆©eTHÑQ≈¶Nô;CD›´áZ¢â“ÉâQN´=}ØÚºmiô_SMñY$Í R∞!Z≠t‰©\’çr∆QàÉƒ§N™ÍÎ%7^SÎ1.
ùz«HÁ)k!m‘∏™¢Ü j≠í‡ëçr‰∆aRπ™)∫ÍiÎ£Xóü∞Œc>aÎ„13¨π«.^•”±ß,¶È“v¨≥)ê¯DaXDQiÂØxÌπ©Æ”™nD•I	ºÃ°	s«ñÂ¢â1î≤¨jFyàxˇ /(óDI*aJj’∫‘®âRí»›∑$€‚VÓ—ée[∑Iß<[í~€£≤”ª…ëπàòX÷5∆QïRDàkãLB;ChÇÜ¶aV®∑.[R±,e¨Œ}¶Ú÷*ó÷ÛmWmÿâh≤úG¸#≠9hJP€§Îw54†ëa^DÀ´∂f~±êe>≥	Òêccﬂ1í”fC+´äTÔ››_∑rR‰®î≠ÙΩc0%·≈MKÜâcmıºcŒÒü*iOÀ8ÙÜSƒB¢ÿÜ™x ,cû[∑o#»|
'‚rRU5FfÎªäÅ∫m¢IDç‰’î£î≠@Ü•C™≥ôrCß˘óÿ ë‚¢õuÎ⁄µRDJS2fmß$”≠:∫s÷GLiÀ$IL¬BEi&LåàòôâÖßTYHB””mß,ëÈIëSe∫rAƒ±(fGò˚L'Ã±ìJëókVVë.  ¡.xı:ÈKàG[ßåN™ù§F5áT'€-s:KY˙÷„$öW—j	ìéyfS1dW≠]Uu5Êf'ñ∏V†√Ssjä(jï$z8 0:>”9à˘˛uà≤Ô√¢ı:≠T⁄§Ù÷Eê∑eüè ∆bR]7ìúXﬁ9P›7ÊeOUÕKıL≤ù¢…;U4€0©-ˆ_Ê)A"$iÓDaR‰ìµYJO^ï;´B•y*üP’LÃƒœ$ IU]≤"!$•BíµEï©®ÎM17]ñ…$lC◊r∂‡ÜIàíãve>”Û©rÛmj ◊e”f#ÁTòı:m=!içB≤´’V§DêÒT’æ™uG3â‚1ôW⁄∞/äx"D∏IŸ®•NùUdyã$ëXÙî%©%ªe§…x™\πi—G‹π‚Jjjpî˛”Ë1?é≠„>gZyC∆U['LE+‹ÒôLÖ´,¯axµg'Y8ï*IÙKÆÍÊÊ¢ìß.⁄©§∆VŸ.5Ãk¥…¨∑˘6à ëLƒÃù{ôàîâ$nòßÕ:~›’"P«^Í€D±©ôû=J››ŸéT•$(Hh¢ ‘Ó¥ ']{MWSñÙ¥ŒÂhîú¥b%”≤÷cÏ0):íLÉB’™…(f#Áv∆!—'D!åB2ª}o¢à1πß_√>íLF#)ˆü9ÒÆrT§ò≈§KM∫m€»RôîS±•)N˚Î®¢FÎXàsSSTÈÀc‚HiÃ*>√Ë1ü+ ˘⁄µsvÃ$∫ß]Bä))π§ÃÖî≤ÄìàíóŸ»unõó:ßUUçÀöE»”íE´ïÃ¨r‘Ã¢µ‹ØÚB Ö
œ+]÷)òR•$€°$[™ßo∞):›7NµŸ%%(‚HzÀW}ââÖ®pNò (≠Nëze-Xúç¶ör-–›∏8‹4csMµk:˚LÃ-BïcÑR¥”'\É¶Ü∂≈¥-=w#≠w®B$Ö:Óöz˙â1òåØÌ>s„zï+M%Œ#≠±ô
9)¢Üºy$CU:≠Ωc%ß.)’RØ[Êô.ü÷g ˘ÑAàT™m∂aMπd∫rÿ“V≠Z»YFC!íÒ<Nödñ›+…ílÇN—mêI$≈√V•JÔßm…#ô«‚a™◊á‰î®PI.i2éß+*eCö}G.Ô'æ–î$1∂È”[D§J‚<¥LÁ2S&be!C∆NôÀ-≥àB/L¢DrƒH…-	îSeë¶Aÿr–’œ¥¿|‰¢Lå§Ñ2ìöGQ&-%HGKHî’n ˛$ëí6âZ˙H1òﬁWˆü9Ú9©pNò≈¸u¥2’¢X•«èhë≠@«Æ9‰ç*vÎ‹µ©8”)ßUı<∆3Â\ìO‘◊LGhb€®§ınÀ2:( Yù«x+öÛK%’´∫ƒ"D›S∂åsÊMcx≤„R6Î“pJJTOû5Â√ñ≤Ø…)!JDâ∆ôÂL( ì¥È°Y*üSdJëån´híÃœ9‚Ô.SƒƒJD´òXàGë◊Ò#t– $B-qì∞–Ñ2∆52ı#x‹i∫yè¥¬|‰AnÙŒN∫∆ÑD‚I%z[C“$nòÀm°¶I"$ı	ˆïI∏¨ïˆ ’Õ≈CÎm°oç≤’jö)D˘e"t˜ZÅ”)∫ó-T¥∫€-ßUıVgç¸ç≥ıÍj[19u§Jj…Ci‰™ªªtQî≥·Mc0µ∆Yòn&¢Ej›˛ƒËÖÃs	çgñ©˜ÀR@ÑÂ≈ztÓn™≠›ø…	„r"gòó~∑	IåÍ¶yR’ñÎ]ôï¶YT⁄‹ë0';KŒLô≠©Ö
%pÅ àP4Yê≠-u’9}§é…G:ó.NUSd'íÃdiîfiÑ˘âRAEèl°ãMq(1nÎ≤˚ﬁ∑‘&€k"i1ÁI√{LeAºnœ∞¿|∫í?Mı¥5He´‘âq∑M∑-”´n¶ït„^fPâc$Bp””,J◊‘exèï¶CLîÜÒ8ŒÀeì¶zÀuVÈ—o#≥‡ç`XÑqô£â)ªõötú†á&2(K2µb&j9?Ÿ9ß/ÌWU5TÈ~Lìí\Wq	#—…Pzﬁ’d∑M4¢uWvƒ$◊"&Pâ$R÷LŸ≤•8Ê<Ò)ó+RFôe∫“”’iVªM∑©HõwLk
≤µﬁ„x⁄ßTÚøµ‡>bIPQC\±ã¯Dé”ß‘˚ﬁ∑’J∫‹çeT!äZÇtåc˛{G–I$_[¿|¬
éıW™8ÊÃè‘4Í›∫w‘›˙≤ú9%$•œï•ßTŸØ2ªÎ”vAï˝O)å˘â;55._]a¨g)SãWmîeYê≤œÄÊ5ä±T∂ÍÓËi∂Q"m…å¶úTﬁ'èJ≤›ï36:«Y*Ór∆Eír∫Ç∆AKÚ§-I&7ÈZ©Æ£ΩÈut∑+R]]Ω$ìQ3+HïéLπ≤‰0ƒ√OIÀﬁ¡)€∂Œ¶Ü"∆&ÜàtŒ∑‘*w’}LáwTû±ê6›è¥¿|ƒ4Keiª‘è]NceiiæÌiòŸò°íà'R@Üw∫£Ë$ëkË9Ûïåí∆”ùtGzä2õ¨VÍ´◊[ZdñQ
◊SC’jLlIÆ—&cÍ2œô!âÕÕKÌYb%÷ë∆ÌRjïô,¯dƒ±LñÓùS´´UDÆ8Êƒ#ƒ@›;cS¨√%›drbü=«PX÷4◊Ââ!ÀM9x[™mˆjHﬁı÷Wﬁ˜]]∂é-%πX·V|˘swbÖ7æÀMS§‡ÜÍ™›6â(ì!N\Q∂;ˆ´”•M˙öNuvÍjuàÇüLÀÌ0;Ü©WFVôCô‘·√o”}MøÊuF1º≠àdîI"$íJOI∑G–Kó‹Ø9Ä˘D‰∆IzDhb’<Ø1f-VŸ:jUçBíâiç≤I+Lzá5ñòı&wıUòèïRA'Yà¬˚mÍ!¢ã’ÜBœÉXÃ+µôµ˙ÚMåìÃMO1êdDòÃDå°ÆPúªõíıä1cxÛ,O≥ò”_ó.Z•Pc~©È‘¶˚◊UuMí-∑tÿÑôÃ≠J«˙˛ã˙f±Œ(ÑÀ:ﬂe˙˜Ó\›USßlë·€≤Lc2—eW•Jïu”hƒ%nËó#x‹U1è∏¬|ÓZ©jΩ7O¨Ω!ç≥∞·∫ÙﬂS“◊Sñ›S∫o§∂A:Dê2µﬁ—úDà g>sÁáçßZB:-=v´# 9Ñã◊I“°©$b€dÈ≤õhD<L¢ıƒ}/Ëtb>VŸ»Pé˜≈^ÈàëàCtdw]ßo!ê≥Ò ¢≥=|È„ÕcÃJâöTKƒR•+çD‘‘¥R‚R‚·¨o™ŒÒ]j~\Ï¥”ÉÏ“8îƒHﬂ]U∫u§w≠›tBD©[ì%ˆ}WŸá.«8…)€mæ™ÙÍ¶È”∂Ÿ-;r€•+fb2÷˚‘‰ôÖ‹µÎàñcr˚¨ØÓ1?ù»önΩ˙¶ôEÈıùÇ[}ËµŸm∫U-“NÎΩ‹π§—"ß}€3àîñS9Ûü9""¶©ùÔ{Î◊ßNÍ™®ré’tÏk™û•!àCmì¶6ı:ìT€\)Á¨ÂﬂÕ^ìd∆˝E„πæåLG[ßeç’S∑ïŸ¯•QÇq¨¶wÇÁ&c1»\ì#n%JßòÃ9π¢È⁄»¨ÊY≥‘g˝Ãôƒ=K™¸µv\í¢`ı-4‰Å6›{´™uŸ˛ªËÖ)xIı$Dô˛è∑ËÀ!ÅA"mÿ∆6Ì_dá6®eÈˆZwÆàáO#ë;tK[ôúj	n≥R•]öÓ5)ø^ÚW⁄Ò3óŸ¶˚È¥vä=:!…Gzö⁄ß]N_SUnﬁõñ"D’M{ıÎﬂßMÁrBK*Œ`09~•Õ˙ıÈZø^Ωzu⁄nõm:u]Îp˙N‰lBÙü[l‚◊f÷EjΩ7o1ú≤W4ú)uÍ+çuπ}Tõ(≥ €(»Ú:?51âAk<ªü•˝¨SbøJ%E"ÜcX&≤’››_•í.gë¥îDGò˙öß˘VA*IjïKó$í›˙e7N∫F›VWRŒ´ó:m‹÷4e˙>ú˘Óèå¿A#ØuT›6ƒKó577Ì∫vÈˆZu]ñ'4ﬁG-;(ÍhKéª%µ-#äuuˆ<F4ön•∑ﬂ^™©≥ΩzÇ
⁄i∂Ÿ›'ﬂJÍ©˜≠Œêéˆ[•]Oyà$ÓS9Å‡i˙N_øj∫´ΩÎnï’UUªä≤éıë¶Â∫˜4ﬂØJ˚•¸§tBi˚˜5fc9dé„rCÌSØQXÓr~ﬂn¶›*WÈ’<Ø”™´vÈ˛JV5Y£6%éa£f§‰ëK&˝s·$n´=S±ûª7rdg%cRéú*ø(—jjtâpKMW§ÍÆùw®ì’]Â™ó'zâ©ßun±y>ú˘Ó≤|fN∫›7M±◊∏»≤+õV™ÍÍ©T◊™hëùñ›àNÍÎ≤‡ÅõÏ:yNß.ZqSUM∑uıºF-R™©¶€ı÷€lOPMSÓ€oß}zÙÈS¶€È#jïw≤≈§˝6Î#ó5‹Ø;¿`}Ï¥›;V©4˚◊T uU]ä™™Mj_ßjùv[~∫öiùıÎ◊}w}ÙÎ±uyﬁr»1>¡._i∑ÿsJ’´˜6Ì\⁄ßUYkÆ©€»€¸0â ñåã,,oÕπºïëfuŸ®xñ5⁄ªº÷ÓÌ“ô¬ÒQÌK‘â≥ÚbrÂÀóÎ∞KñüU{´™o®B™ª»⁄$ñ≈§+´nEY3ÂŒÓL•Ç¶˝ªˆÍõ}nÈ‹\‹‘“•wwT˚5÷Â™u’Nõ;nüSáΩÈ-÷V⁄r”ı]SßV˛ìÑñuπ~™ªÈ”m∑-2ZßJΩw¨g]:ı‘›*tÈ◊SñﬂU*Ï¥—O◊ØM‰ØSJÚVgÑ¿”TÈ“©•^˝˚tÎ’U6…*™¶•˙ÎßJù'-◊zö•^ùzıÎ◊•I˜”ß^’zwñ≥IçÀá55Íõn¢ïzT´‘”ππØnÓÓõuUuoøÜsP‡íKY™YVQRúX/§‡dºO	’’÷jnÍ^^?™Q$í±ÀDi∂Z¸°ŸrÂÕzó.ZØ~˝ªvÎ©ß◊wì“r'È3æù∫ìπ≤ÂŒÓj^GG ⁄øn˝˙™ıÈ’◊f¶Ê¶Ω´´™o≤Â∂´◊µjù:UÍ›æÀóÎ“ØJùdÆß5È\R∫∑N™æáç‚jΩtGß^ΩwÆùMKÔzÈW§”m∂˝7È5Nìm◊ØJ¶∫⁄©©i¶™´◊Æ˙ÕJï*∫»Ò\“Ø~˝∫U5Ôﬂø~Ω˚™¶ﬂS™™ööıÌ”©•]öuﬁ™UÎﬂß^ìÔSOÆΩU:öÙÓÎ3¢H$ó54≠”m√Töjù+w77˚*ÍÍ›U’›[?CáåÇUôIïf\˘c¯≥J1î'Ü±TWh≥!Eà√XrU˝M)%B≈6à(¶ùñ;.\µSRÊï{ˆØ€∑nΩ&ù][°5^ï&©”øIÕfÀõ;»™\’”=bµ≥⁄øun˝ª™mT‘‹ﬂµnÍ›zöVÈS∑jÊ˝ªVÆ™üe˙õ˜ÔﬂµnÓΩ*WÌ\Z»Ì€∫ºÔäõVØ“ßN˝zTÈ”©©•JΩ:T©Wß~›zuÎ◊ØJù:uÈT“ßJ¶¶ï{VÔ◊ØNÚWUz∫∑â‚•~˝˚ˆÓiWøj˝˚˜Ì€ß^Ω]]+õ˜Ì€µJïM:ıÈWØ~˝˚ˆ©W•J˝:tÌ“ØnÍ≤:$Üö•Sj˝˙njiRØn’ªõúüµ‰´´´´´™l¸I/bp"Ã¬;sñ|À˙Áq’≥a∏©(•ñmQ≈QùÁªï1jJ+L¸æ•ÀM9jï´ıﬂN›˙ı’^Ô'æ˜™ìM5NùuUÊÕûØ©Õ*™oFEóˆ˛ﬂ€˚+#…˚=ªwÌ\⁄»≤~«ë€øj’ª˜˚˚õyOÿ≤<é˝M{õw˚?b…˚Jø^Ω˚˜6≤~œÿÓØ-CöV≠d˝ã#∑~˝˚vÌ“•j’˚v©ZøÿÚ~œj˝˙˜Ô⁄∑nùzU5È◊•j’ºü≥ﬂø~››™Ù™™û:ã˜Ô⁄µnÊˇ gÏ˝ã"»Ú~◊óˆ~œ~˝’’zUÔﬂøJï´VÌ_ø~˝˚˜ÌZø~˝´˝ü±€øj˝ªwtƒÊï+T≠_øn’´WÔ€µn˝˛œ€˚J∑n›6#Ò'bÒd≈rÏ 1QsRØ|ô≥’V;Ù#·∏+YDÁ√∆ÊacQ
DIZCoL¸æêöiÀÍ§”ÎØN∫ü[vÎ©˜“r˙´◊ÆˆÚd…OhÎ‘ì~˝˚˜Ìﬂµ~ΩzÍ•j˝˚ˆÈ◊Ø~˝˙ˆÎ“∑^Ωzuﬁ™Ù©◊•^Ωzuﬁ˜ΩTØﬂøN©¢_}zˆ´”ØJΩ:ÔST´◊ØJΩ{ˆÎ◊Ø^ªﬁ˜”ß^ª’JΩ˙Ù≠[Ø^˝˚ÙÓ´ΩÎlíkﬂØ^Ω˙WÔﬂµ~›˚ˆ´◊Ø~›7ﬁ˜ΩÍ}ıÈ◊•^˝˚ıÎ◊Ø^˝˚˜Ôﬂ∑^Ω+tÍû§ÍjïzUÎ“•~˝˚˜Ôﬂø~˝;t€{G‚µ3äqêÚU∂6Ú;.qO3FIÑé£Ä«LSírR’(Hdí”á[°ÔÔ˘◊¡˛Øã¸üÂˇ *˘gÂüì¸O„ˇ '¯◊«˛OÚøï¸o‰/˘ﬂœ˛eÛœŒæeÚˇ ì¸‰5¸è·ˇ ¯?ÁŒ¯øƒæ/á¸K‚ˇ ¯ˇ ∆˛?Òˇ è¸„ˇ ˘?»æ5ÒØç|_·¯ø√˛%Òã¸K‚ˇ 
¯W¡˛˘ˇ Ûó„øÊˇ Õˇ ùˇ ;˛r¸¸ˇ ˘ﬂÛˇ ¡˛ˇ Ö|Òˇ Ûˇ ¡˛O¿øˇ _|?·_¯«˛?Òã¸K‚¯ø≈˛%Òá¸?·ˇ ¯ˇ ∆æ/ˇ á¸?·ˇ ¯øƒæÉ¸/‚ˇ ¯ø√˛ˇ â|+‡ˇ ¯ƒæ¸z¸o¸◊¯ˇ É¸‡_éˇ õˇ 3˛[¸g¸◊¯«¯Â¯˘¸w¸Ô˘ﬂÛó„W„ÊO„?Âø≈ˇ Õ_åçé_é_å_åˇ òˇ ˇ 7˛s¸w¸ˇ ˘ÀÒﬂÛ?Êˇ Õˇ öøˇ ;¸Òˇ ÛøÊˇ Ãˇ öˇ ˛?Å¸?‚ˇ ¯ó¬æ˘ˇ Ûﬂ¡_˘ó»˛GÛ?ù|Î‰ˇ ¯ß·ˇ ¯_∆æI¯◊√˛É¸/·ˇ ¸Sœˇ üˇ 9˛9˛=¸øâ|k‚ˇ ¯?¿æãÁìƒ ì)Z≤Î‘Sxâú”í≥≤Aä±Fc!)*V§C-ûí¢¥Ô £√ó.˘I"£ƒ„Xûè«äáè*RD¥uçyQ‚aCäá
©Q˙÷7â‚˝n?_ÍXû/’˙VÅa˝3çcxˇ [á
<xQ„¬ï*|©S„«è<x·√è
˘q·ƒLîYR¢eœè<9IçyP±∏„«Ö|˘kœè9r°GÖç«Ö>jF8«0‚„«Ö
&<,≠¬∆Ò÷/’1Œ$£ âÖ7∏x÷5
8qÂ√«·)á<8sÊT ü>j\L8®s‰í´-xôj•Ã û"õó3
S„≈Câàü<“cU.)Q·Bâô1íïîkŒIπQ)¨DôD <O
îÃ≈í¶iY"‹ê†zEî:™;›q£©ÀöOÃDÀU\‘˘©kâpùw∫C$LsS„œ%Hó(s„«îö‚I%ÁœÿŒ%ƒíc}T©µJï'◊^∫ﬂ•C˛ÿ©[™Öæ%Âœó>TÃ¥–◊_√}‘ãLzü·ç^f!I—¶∏'/∞5ÂOó–úí∏íIP◊ˆ’&’:m¶&ıÂL&∏P⁄m–∆vHuT(ÂCƒ±,o≈é\˘ï'[ÜqçLƒ jäπ„ı˛µ
xJLo≈w&ësqÂOòRd2∂Ÿ»Hƒ`ûQêµ
K2πsπRKc$¢ o¯Miî%0£±P‰uÌ∂2µG9œ>&“8á©rrßÀû	Õ:mißæ¶úπ}™ÙÈWzòÜSoæ•∑‘˚Î¥”ñ«§ﬂıÀ“%çshùÛûT• _¬%è¯M>¶=!R%3ƒ'ﬁújµ:∆IŒ)sI´R†ìâNõg8◊5)NEzÈ*ö:â\_≈™I1ç”!'VÌ‘ì¶IŒL©Ò0’¶πﬁíK“P•%EpÊ%ÁúIÎ™¢Ò‰öΩ!ó4¢|L  f◊ôèpòFÈ‰,í]ºÆi°Zb)ŸIÎîâ’¡èÕóYá5TÌ_∑U]Ô9…ï.Y‘ˇ ÑKT€}Î:´◊Uzı—Îæï*vÔ”§˝w≤Â—_ƒkú‘ç$¥Áü“Â«ûiÈÌ	ÈB’è˚ ‘Èç∂tí“gdES®$G5e®Dg[lKä<T•)&•œ%JJUMîu:j§i√ó4Víí™Ô“©jùªõW5-Z•N™õo®B ZJD˚uU*q^,çdãWﬂJùU´U50›1j”úpÊgôL´Ãƒ¬äú&vÓÍ‹íQïBn\¥‰Ñ¶ì1¶∏•œè9Q·èü>£âï4öÊô…ôáç©$ßnﬂ©•H„]ıÔ€Ø~˝ÙC~ï˚ˆ´M™UÈ◊zô›I,r„«âî¶|xÒÁ Ö<ÁóNsÑÔœósçqOîî®P‰ëîysÁ ó<kúÁ¥Ö¸HÙı+LπrœHi™ùzõöÇ	ôCï4L„ï.|®X÷/’·GúàU4 úâøSpIe!=-q¢ã\R ∏Rw©L©ïØ^’”™Ùö;$£©»ﬂ¨ï/„å∏˛¬nmZµjùSNI$«qLZkƒ™”v\®àÚYç≈zınÑKfRF!4Â√uTyÚÂœº±çß‹dœEâ™o\Áôââ)—"‹\9G}Õ∫ÔxßÕI’]TÎ◊zâ\g8ó<µ≈<ÛÊeBÖ<„«ï3<o¯uÔ“¶Èß¥•Púä\πÁäfV?◊8¸xxˇ Zá.xﬂPÜ7”∫Î}Oi∑ÆL¿õ∑uj·’;T5·D∆8ôKn|π©S$æ)ÚÑ€u÷Ï§'ÌﬁZnIô=uâLxjUëeõUË©©P°≈Gácq‚"c \‚ü¢óôS)o≥~ëSÁ‚º∑ı,xßÈ˝j<˘®Q0§OªTö<’z9P·D√ü72÷®§â ‰zNI ∂ÈW}ıú‰Ø5-sÁπ˙ØÈ≥…÷˚”≠™VÓ≠‹‹“y*È◊Æí6$Ü˝Uw¢˛Q$úsÁ ï|˘Á9»ôèy¸#Æ›{ˆØ÷í„ñ∏ánÂ»õm™lu9c*Øo"»Ú{ˆÈ”¶…sSÕw\·ﬁâ4•Jï$∂©51QS'<•33	&›´öu49ÒÊTàÁ5I∑uëﬂøwóˆ›ê°$”n·∆™ed/Ss]wYk,ÂYG}c\TØ⁄•HH∂€bP!„Ív»#-Ê∑çH€~˝˚v≠_ØI¿íîN≥‘W©¶1$ŒX‹¶Xâ §zï$π™bO]oæ÷Eï‰™ÎjΩKîÊï?^Ω*tÎ“∑un¶¢’›X◊Ö<yS+çqØ>T©Û„«è2á¥!ú˛;≤{ÙﬂU+˘îó§«§=-4¢q®PÂ ï.*,x¶πRíü5Á¬«0°´\kúÁ%4◊©K îî©pí,séaŒIPóûI*Cü+Pí◊8Ñ7ÈW∂ËµKL§°cXc«»îƒ…÷€» ïéd∑E-≠∑™jìNjm[…Vq)HD)ñ7C1›e˝Æ˝zßÈd˝µû≥<ﬂ±_µRÂrH!)éÁ g^Oj‰Í¨£ ùYmT30ärÂ¶õìè˘¶ÌW}˚v™Hô\µhzZ{g<(îäN|LL8·J^\˘Ò·B∆£ı¯P„ îÜπƒíkú‚ü>R$C‹Ìè¯ñöÚÂ√âè<yS•.4◊ü<Û1)ç∑‘Â˙°•*Tp¢ì◊8óï<Áîí‰Ø)$éRç"N9p·.yJI◊c-∂”ó§=∑ÌU:€ïâcP£ûùv…ï<,‚ñÍù]MM/‚òéT(Q·BûQ…ñé˙OÍÌ€ßN©¿ñËm€∂ƒ’vLdæ¢%±∑y¢«©P]Eem¡$ñd$áÎ+)„r›vk‘R¶ﬁíÊa,T™JÍ’Kö\B<˘sÂBÖR„\DçsûyŒqOÖ*x=5Œ%Æ$ßÀû)Ò„ è©Ú„ [§—¬I%≠¥óü.\ÚN˜”ÆØÁµNùzÙ≠RhIi∂ +HÊísŒP5ÕJ§w‘‹⁄9SŒ$"_z=≠6ú‹ﬂ•]c)”Nõb"fijõ}Lùu∑¶öB(∑t€Ö•Àó*&x£œènfx∆7Ÿ ¶ËcJV<Xú8ÒÊ¶ÊîÃ·xndD*W59&˝’U´ÜÿÂLå¢J Ö+)bR7c"ØGØS~˝˜∞Qò√1äÒÁDò¶%	¶∆©R‡Ñq îøñu4˙Ñq¶˙àNXÎﬂøI˜∫o§íá§íkáZKÀûmèS><â™ıÈRiÈÍt€ØIŒõÔ}SmæàîÑ-7LNôÕ7‹gÛöÅiíΩ1µQxÍFúm9ß~ªŒq**Ω{˝ìj˝˚tÎ£)ˆH˚O◊yÁœO◊NqÃÀõ2î)Q8£B∆Ò˛Ø‘∞˛ß<)™ñÜXüÆéLi&ú©Q8ñ√˙‹¯Xﬁ+«qQã<ÉÍÑBKΩV≠få—ïe¨óë\[©zÍ)7Tîıô€ë°ï§÷ôﬁ™óﬂSj≤,å’ôÃÃcòJZoÆõc\D.=u<9©ÚßRJeê°5J∂ëﬁß“W%NûíÎØI°Æq!åg]:È-	9Á9ŒI;c$C§Ôi∫ˆ®c‘ì2â8«MÍöm˙Ùﬂb°˘˝n*yåoˆ~⁄…ÌQ»ús)èLiéΩÕÀZm’[øIê:WÓ≤VUóˆºé˝´Y^Uëd˜5"ü<8Xˇ [ï>y£#±CàôÖ)„NT~ø¨u€Ö]»›{Uó§S·BÖ2ªÈæ…ÀúäÃ7ñ˛ß+xp”n˝≈≈˛«ó“qR‰LjLïVúícò≤Zl°≥œ«.|Ãy“%‰©Ã˛ ˙j‚¶ÊÁ"ÃÚºä›:wÎ®Oﬂ[Ísë[ß]Á‰§1Øƒú©®p£«ü<yÒ0–õß^ˇ c Ú˛Ÿ…9&˙Ñî˘©pÂœü9$èHÁü*R∆HÜ=zv≠ﬂQ"(§î©HÛ2 g8«¶˚›B∆ê€¶rN—C~∫ÑöD-5œ.T9í\≥ÕÕKûM◊™ª…V≠_∂›~œ€6Ì\‹8s]m◊ßO#πßo'∂Ó\LTD)i(~•å≤∆uíôÔﬁKlÏ\ﬂ§Â™Uﬂ≤n≠⁄πr˝U€≤m}UûÃqóáä∞ü¸ÛÇq~Ø‘±~©â]TØ◊ª¶JôD6Û;$ïJóôè
%áÙ˛áâMJfg$V7ãı,SéqŒ?hÔ∑~êâM‰çÈ	5¡—:cO≠™O\C\„MyÚ·„˝j%I-?ÿ≤´lc^yœ<GÆ	ı”jR”MyÁï)#•Jô$ï3 +I∑TÎ≠∂vH!™e?sn˝ª°Èπ®jV9ôLÁ€≠!‚¨iß>xÙäUç‚Xúiû9äHÇı”ç9Û3KÀNùˆF¶yÁ«#nÈ“j¥õmºÒ©$ëNtı#ï+≠”∫™°L„XgôJx÷”Ùö9ƒú±ﬂÏÙŸâN≥A#)LÃÒ)ô^yiÕCâÑëI√è÷¢ffSNπs„¬Ö3-kúï«¸"G¥7‘"Z}cMpbuioø«9ŒJ$≠ŒõÔuﬂJÑ#áeˇ ‰∆p_¬€j•ÀäeÆ≤és\S0íjùSd:ØR˚Áñ#ÅÍ©k^ù3î"FËƒ˙ŒsÀáâ„QÂ¶πe>¢"q˛ªƒ±N)ÑzV™k”ß≤r;˜wVÓ\µ^ñEë[%$ﬂßEÎúÚ·À\Ú¢aJI)ùyP•œÖl•ë4Ik§∑N›˙Î}D©Ö}ππ‚“ô$ì¶R…%s îöôòSÂî!é|µ:zÁÑIÂ≈GÖ<xQ1P„«è
Rq„œîê∆s¯Í•~˝˙tÎ◊^•™ı4€}[Iˇ R1Æ$ä‘úcÑ"NQŸ'Msçm∑¸/ÌíN•À¢∆zÎ˛y*G§1Óµ$â”ΩcqR˜î3∫±5^∏éÌ5I— )∫˜í®J'D±•*Z¶⁄◊NõÍ}(≠@µM‘‹\‘;}Nã9P±∏•ÕEBè)'ÈT”øj•≠-∂ıÀã∆·DíO◊ä\ï7T€ñT‘ò¶•)ëëZÖ+äxJàòÚ’ïÆú§ëZ[B$ìÕOè.|˘S	ÕOï.\ ÛÁœ7Œ?Áæ˝˚˜Ì“©gˆEÆ#ú„◊JÊ–ã‘§◊ü<ï)î2I˛∆w¯zÔz6öâ◊f™¨Ω-?·ùreÕÀ\r–ü[åwF—å≠HÀ◊Q#¥∆˝E6Qnõ¶rg¬+HÌS“ûπƒ∏R•… ßO©ÕEE’uWZJg«ñÜ3éXŒıW∑ë\‹‰õˆ´”ø~ΩM>9âKöÁü)5Â$zwÎ¢<‘µÅZ‰§JK)d)˛%JÑä™´§ﬁêé%Kœü<‚I"Zz µt˙ô√ΩÌ7^•∂Î◊{™n•ˇ 0#úÁ&f|y‚ñûπŒ%(c}N]jRlzÁï#g8Ö¶›6ﬂÛC}uÈWN˜≤–⁄∑m“iKUÆ%330Â$∏‚°ÆRﬂï-59dí'÷rSW-)òÑ$ÊßÃ£¥X◊ü>T…é\ÒÈ¢VökúÙÿ–©€zÏ9ØBíGjΩ∑UU41ß-==&™.i6›{˜ÈZ∑Z‚EM1*“:ﬁ§D§≠5åmD#3b]ı.e§’~«íÆ©4Ÿ’^ï:⁄‹ã]G86ﬂDºÛLÎnô‘˚MøJï6ı+úKÑìÆsíßO^ª¸ı>∑Œ	úm€ÀÓi4˙È≤N$6ÈÌˇ j•œ<Êíîã}Ïçy„MD¯Ò10•œ∫™m6q)Öèı∏¢TØ<Í}uÓo€|RÜôÍno”b)ı±À\R¢bcΩËŒ4“K◊8’í(pÁ√áRòX‘q¶s∫£úsP•Ká4S"—˙?B≈8Á≈x‹•0·O9Õ"O/]O≠˜æ∫ìôûIÍÌ‘4ºsìNÓéyÛ*]=6Î¨BU¸ØÍSB”‘ù◊ü)rÊßé|9ßÀèØı,o≈˙ñ7>˘Û32ßœ”Ôî∏yÛŒsœîíiß>$é˚wÎ‹ﬂÏY++Õ˚=´Èﬂ^ï*mˇ (i$ëÀJyﬂjìR‚g◊•J’™°2Ü€Nü®!$∆síì˜V≠[∑~Ω˚ˆØ⁄…˚*Í÷Y ≤{VÚ{Ì?^ù':ı˚;öm	9rŒJ⁄MdR•’;öR¢T¬ä∆±Ã°”∑Nﬁ_ŸÌeW‘$R≤í"¶’zG©€n?\ÀñêìZì≥N™ù+ˆÎ◊°—*èO%‹ò‘	9’∂$óß∂ˆé∂ˇ û˜HîÙöÆùÛÂ$™Y56€¶Ù€~ß\ÛŒsû|πsÁãHëmà[È∆Ö¥sçõmæ¶"∑Œ$”.ΩN•%∆¥∑œ-qLœè
TÚ¶eÕGî¶e9pÂûΩÕÕ”MSõTÂ≥íEK£ú◊j™•ıΩ6ôﬂ]Ì[ló-R™}T∆¥ú◊≠tìΩW˚í•=#≠–ìqù™DêKzm◊y‚· ó*fI◊®xøT‚òR¢gåEJôè÷Á≈¬îÜâM$”ó<˘Ûƒ#≥jÍ›1íÊÒ‰WÓn≤UHê∆˝*ñSuﬁÀoæõÈ÷˙©>ÀVÔﬂµj˝™U7Ô“•uu~ï˛«~Ω:oR˝´yOÿ≤~≈ìˆ~œ~ªÎ‘¥’:tòÜ˙'-æÙ‚:6ﬂz≠€m∂u[»Ú{VØ“ßWV˝M™VØ”m˙UÎ“cm´öñﬂÆû|y§ÂL HsQqKìrR.j&<¥àRsÀü∏®òÁ<Ò©\hKÕGãIÀ'MJ◊ï
T®rÊaGá<(òòSK¬á-sóM˚vÌ÷2R$[£©ßÓÔ◊[ÍÆ¬ï∑§!*\∏òp¶QB)y‡“âäKM∑œ∆„¬Vu3ç’;WVxÕ*íQ∫π°≠&ˇ ïÆ∂öØjﬁOn˝zWÌR•~’¨è5f˝ø±Â˝´'∑ìˆ{˜Ô€∑ëÂ˝û˝˚VÔﬂµj’zõ˜Ô€•j›˛œÿ≤~Ÿ…Y?oÌYg/ÏYG~∫€•Jù˙Îm∂sà‰åsp·DçÕ*Î◊5"sÊï^¶Ê’zmΩI’JäU"R•√ºÒ·√Ö2ízÎg.TÛœá<)p¢cœáè./’0°BÖ
˘Ò‚aƒ«ó>b\Ûç4I÷ÿ¥›?TÏrÂ«è•jtôK¿›S•Jù˚W5é’ª€“qsëdˆ≠[ø~˝∑—ÆyÛ3 ï.jDLLV7â‚xÎÍú+¡X+Á2˘øœ˙1‚ˇƒ (     ! 0"@P1#`AapQˇ⁄  ? ÜD–AA≈tbÊ¢ä(¢ä (¢ä,
(¢ä(¢‡¢ä+)»QEQEQEQNG!E5AAA‹é¢ä(¢Ê®“K™
.h Çd∏£ Ç ÇËqSàÇ» åÇmQE‘Q]8úN"hE8∆µidÅî‰(¢ä(¢ãπ3A‚q8Å¿‚òG·¶‰ŸÇ2y‡Q}Ë»'ô'Ò®¢≤≤ä/ï0LPA3QEQEiÕE%I⁄¢ä/Å6'Çpè¡èÀü–è·|ä“}aü>H◊$˛L4Óñø˙$‘cãJ„Eº~˛xc≈FÈ¬G·™∫ã„è˙ºøRTúkd~|ÂË#Û%ÈÁëëAAA4.+„QEXQ]YER?11î'*h®¢ãåfÇy‘\PLLA¬u(¢ÓU\TQ^Iÿ¢ä¢„~V]πE\îSê¢ä(ªAAdAAÅ'àÇ» ÇjQpQYEQq]*(¢ä(¢ä—Ç"º	z◊5–Ç Ç öA≈<à&	ÌQEr¥fª”÷Ç2 áàÇ Ç: ÇxE\QEQEQE]h#À(¢ä(ÆÇhÜ\êAW∆û5QE‰r9Ö÷¢‚¢ä+®Æ¢˛ä.ƒ… ¸â`Çkùq¯™(æd“ö$L£l2ä (¢ä§Øë|N»˝˘…|¥˙±ˇ Qú#(y˝9ÙCœÊŒµ$ùsÖa„W—Ù|ü>8¬?25∆ô¸y›¯°R_Ë˙BÇ2å'Œº÷}–w¡¸iH!ìü2	 åõß-êCÊN€#(z€Çeÿ„ƒ‚qNÿ&Ù|°¶îëêAAAÙQEjäË å¢©…NG#ë…B1AAJãö∫ä.*(∏.Ñ≈E\QEMàáàúëI‰(¢Ê§ÁQEŒPóA5Æ
(ªêO2	°A(¢ã≠0QYEQEQEWQNG#ê¢ä.
/ÖLóê®q8úN'‰Ç¢‚¢ä(¢ä+®¢ä+(¢∫ä.	ínQTSê¢≤ä(π Çfß$SíîÂ»ërOeÈSí
¢≤˛:`ä ûESë»‰(Æ¢ä(¢ä(¢ä(¢ä(¢ä(ß#ê¢ä.ÑÅA'àò Ç ÇfõA5Häq‚å¢äHä!†ÆÇ	•GL‚qM» ÇfÇ Ç ö–LUVA¸(æÚ´/‰'äŒ0\‰AM©©E’dü+ÑI-:˘#	Ú¶ú‡Ç@®+»òFàO ˙SÈìÁ¡?•o¨#-°ZtCG„^å?]Q¢?7NG—á ñ”æp¢rüg<â!	>$Ìåy'˜‰Ç0CËïﬂm$ëÎçëå4·◊À)≤6Aã$˘>êâ#üñΩ)ß∞à ÇrE;ÍëEQEQEQEÙ†ûu]ê‘ Í¢„Ì„Ÿ>8$ïj‘¢äÇä +¨¥Ï\TQEQEÕEQTQEV\TQEìÂ”ê´Ãè%eEÔÑ…sTRQy©AAdìÿô†Ç öZä*2ä,§QE◊yﬂÊH¢¢äÍ*äBdÇ Ç&§ßƒÇ:ä(¨ÆÇ"N" Çq8úD!•	Sâ≈'O%ıπ#B≤„…B‚π&( Ç ëÇ&¥A=à# ÇdÇ…í ö”√´¶¥GM¢+r9Öd!úî])äbô&	©'àÇ Ç&µu9îQNG#ë»‰(¢¯˙ó‰≤PA7®¨¢∫ä(¢ä(¢˘–M (¢ä .J+®π ÇyîQu'≠E“ä"úN'A4 Ç&î≈¡A(–¢äÍ(ß#êß#êß#ê¢ãö:'ì°kçlá≤ù‚q8úDAA8à Ç Ç Ç Ç Ç Ç Ç Ç Ç Ç Ç@Ç Ç Ç Ç Ç Ç Ç" Ç Ç Çq8úDAAAACàÇ	ˇ ÙAAAAAAAêAAAAAA‚Ç Ç: ÇfÇ Ç Ç Ç˝AA≈DASâ≈N'âƒ‚q8úN'âƒ‚q8°ƒ‚q8àû~ÖÆ2ô—y€¸øﬂ ˇ ÔÍF˝¬˜ˇ Lˇ Èˇ ‹„	ıœ˛œ¨„ˇ ﬁ˝Ò‰>≤á≤öpå:¢Hi+Eµ2‡¢ä(¢≤ä(Æ¢ä+(ÆÆ¢ä(¢ä (¢ä(¢ä(¢ä(¢ä(¢ä(¢ä(¨¢ä(¢∫‚¨¨¢ä (¢ä(¢ä(¢ä(¢ä(¨¢ä(¢ä(¢ä(¢ä(¢ä (¢ä+(¢ä(¢ä(¨¢ä(¢äÍ+(¢ä(¢ä(¢ä(¢ä(¢ä(¢ä(¢ä(¢ä(¢ä(¢ä(¢ä(¢ä(¢ä(¢ä(¨¢ä¢ËQEQEeQEQEQEQEE‰G”elÍ^RJä®(ºµQ˝ˇ Ú(_÷íHh¸?áT’Lº≈â
F]Àïí¢A∆„%ùtYE~eµ›(ø’ïW¡>K?áD’Xäq8¡
ÎáBÒ¢Œ(ß8â K:ó¶èÔÂﬂÔWÏﬂÍH´…°ìb¥c;¨˛$zk"*	üBÚÑè#í!»^mK”<OÔ≠<’˚Ö~œoMz§^\Ñ B4√ íF3æœ·’±úWÅ»UAUE\∫„-E¥øS∂ûáÙø\Ô∂Øÿ¢ﬁøg∑¶Ω_DÑ”åc*IÑÔ≤–Íöß	x«´ÀCI8—zzü“ˇ *⁄øZã(∑≠’˘TwiÛ◊ßËÇÑy#8iVÑ#ÀgÍö•§ç=K¬rÜ£Îòº∏äá∆]OÈ~…∆4ˆ˝ä,¨+˝>ß}O‚VM#Œ©h‚By¨¥:¶_bã≈Â∑©x÷éÁ¸bBë9O˙_·NP›ûøVã+ôNä¸ÆßœíU†Ü]Mq#%}ñáT DÅ>˚k4Õô«‡„
"Œ
›È~»Õ3ÏıÊO¿≤∞ÈögE˛OSø‚ÆôRZ“òI/YYOøáT…8ú`‚ºD^[k*ŒÖNbßêº≤ËZó·Ω#FÓ≈5~Ωa”}˛OSª◊‚∆2*ÚZ5.»&SÇn≥¯uLóâ»UAUv÷TòQd#N]Èì˝;îû˘ıVB¥Q›ÎÒ+/•%ë8ŒI#—9…Ÿ¸:¶Ÿ”XIOZ-∫•˙°ßoÙÓR~ÕÒ«ˆ(Óıú·È%°>∂KF6KAzÂ£?á_\¥ç<cm	U/”/yN?”π_ïÈK~üã>:;ΩhúglÎÑ ìÈ†Ñ+T<íÑú^SÑÂ-gÍõ'√D.5¢€´^˚◊8^ŒÂ~Õ˝?Réßw¨·´)◊%O¢6√ ¥#A:#\aogÎÊ¨Qì‰º#_FΩˆ÷VsçÏÓWÈVt[ıÛW‡—‘Óı¢EiMP“/%hhL$åGíı@Ç5„-∫£ÆÙ¬ù^≥R¥Ù€YY_ãπ_•XŸE.|’¯4u;Ωfö,≠í¨êË#H´…ëdÜQtKKBo]ˆ©ÊÎå·Ë◊æÛ≠ÈáÙÓWÈV6QJ[ı¸öﬂ‘ÓÙ^î—"Ø&DGÜï°ìzeuÿà&€?Ö#$n¨®∂EB¥Nv‘ZÍ¢Ò∑Ø$·‹ÍY_ØJ[ı”^	˜Ù#õ÷Sî„[·‰≤Çpïu∆Z1ùÇAÈ§≥¯Ry!®º$îŸ/mu—zgej˛ùŒ•ï˘◊¶ó
”[k¡.áw¢ ﬂZ•´¶ç2òCI-e:`ÜùPç*Ie°IÊËv¬<’çg~K+T…‹Î˙¶î∑Î¶ø
ˆÙ;„XF3‚¨>â>På·ÁŒv√ÀF|¥´Ÿ¸)<íJù¯∆w™xü“ﬁ≥ºo}Âecÿ¨ÔÙ©p≠5ç{ooCª◊Ü∂S˝)$	Ú^A…*Ò¢sí®ëH Oñï«¯GW≥°€uem‘˛¯/ÀyO3Æw˘uùØ^jˆ¶=ÔNõ®ΩøJ*ü$í"hï’®WEx¡§óÇœ·◊Õ–≤ˆ÷Ö“ˆ√[_ÖZÚÓud∆ı«‡Vt•ø_2G·t;ΩxkjØ!TDA4ŒE|í…‰¢/!UëÏ˛<óBÀ÷ZÙ.ä,≠¥“&4˝äŒˇ .≥•-øá]VÈ¸ár⁄º5±UIQ N9¿¨ò™Ωgx–≥í	Ú)$abA®™»âÖü√ßÅ2Ëv—®∑Î‚¢áºÎ8Rüπ◊Õ  äR€¯Vã+›>ár⁄º5¢Tï˘MÛÖe8∆p*
§¥<êí@™ß”F_√¢y∫œ≈EøFø≥Ω¥^é∫ÁÒ¨¨l¢î∑≠5˘˝Â¥ßÜã'(o¢TÑ>t…Œπ¬4KAÚÑA$Ú>à>r≥¯t€z∞ùV2òG–òQy€Np“‘^éø£ecgBî∑ØÿËw,˛·¢ÒÇ§˙>J ÇIhR§˘'Àì™	!•IRÑŒÀC¢5x‰ËvŸeiÍ◊‡¢¸∑ásÆ∏˜^ã+.•)o_á~_Û;ñ‚÷Vπz/9SË˘ÂZ1Ñ¸9!§ïhMB°—∂¬<a–ÓËª+>•ØÜãÛQ˝nÁ_…ΩV6u)Kz¸;ÚÙ;
—yHºàhÂì	V⁄eyÅéõ?áV≠÷Vt;+(ªEÀ´_É©~j~ÁO“¨lËKjBøNqËw-´√E‚´»UQhFñèB	≠eBEUh!4Ÿ¸:¯,ßRœÚ;·zÂ≠È|T_öèÎw:~ïcgC˙[Vö”"~7Cπm^≈TUVÅkji€ê.qíãúâÚ@™}ÇFª?áTjÒŸ–Ô≤Œ )Z¸_öèÎw:'ÈV=éáÙø€Ëw,˛‡≤∞ï%D!°•%°È•Â^5—x…X¡*BÑÚ>à#D·d™®ºkmù˛*k(•?æ/”‹ÈåË≠Rû∫∆ŒáÙΩı˘5ç∑CπgØïÑêÑ44„$e:#UÂ(K¡$)JüD<e-ˆJ°—ãÒÙ;¯aÌ®˛·[k¡8V÷Ót◊KŒˇ 
ŒÖ)zÎ«jœ°ÿ≥¯OîÚAX¡M*IÚô«™Hi%Z4NS»¥:#Q~+:¸ùä(˛·_ÉX[π”oB˝·≥©J^qÖ~MeGC±mI‡∂ï$Ç2ÜïhM3ÑNôŒ1BIÑ!4K¡“•ñáDÚŸ˛g%µ~5a˝nÁD€”Ú˙î•ΩhØ–ËYm^e‰–Ñc$mÜQtKÀ¿Ç:©…Ng!H)$UhÜUV≤¯ùÕ–≤¸v‘◊˘÷ÓtMΩZˇ '©J[RäΩ{+…–Ï[WÅWê™–Î,Ç4ã‡]∂ Çeƒ‡qç–A™§µñáDjÚtRÀÒ€S_Âw:!Eºh¶øeeyYE)oZ+Ÿ^::ãjﬂ*J≤"ç-2í!Z°ßE4„π*`ÇFV…!™§Ωü√¢5y'É^⁄ €©˝€;ß¡ŒàQx÷T›ø'©˝-ÎEkèxËËv-´tí≠B4Á,¢1ú#)”Fâx!Î-à’‰ÍY{,¨ª7S˙_„¬?s£^5ï7rø#©˝-ÎEz°<¥tR9ñ’ÆIx‚A9II¥#√KSNô€$åí–AﬂYY|NàY^NÖóúa-	óf£˚Ö~?c¶⁄nﬁYÚS[÷äÙ√_é :)‹∂≠øM Ñ©$<Íñç^ô#Lú4í–è$ÁgËY^(nÖó„∂£˚˘}éõiª~M•Ω~y¨£¢ùãjŸ$	‚ÇríãŒ∂Q€D®ºÖ>pùZ≤ºù≈7€Q˝¸æ«FΩΩø" ?•Ω~ΩÂµkUVÇ<	öì∫tC§!8 ä™»Çl∂ËÖï•5Ù,ø/R◊Ú˚ëˇ 5Ï£æ7‡Øî÷ı¯iÂËßw≠J™KC(π÷HÚ" ÖÌM)ï‰´…ìâ©Ï¥:!eh∂ó≤≤¢¸îqk¸ÆÁFºiØ;~EùZﬁø^éár⁄¥H™Ø£(y áíU„dmU!EUhA§ï◊gËöhºl¨®≤ﬁ<]OÔÂ˜:&t◊ç™=Ù÷‘üâex„â‘ûEµaÚJ¥4M$kº!•Ix 0é;•IRèó˙VDCÂ>âŸm—4—xKQx”Cœäöˇ #˙—ÃËöo+ı^ö èÈµEãjŒpÇrú%Ájy¬ÇZqí0ïh#	>à>â ˘‚ˇ dÑq"O£ÎmóƒËöØ*/‚OöèÈÉˇ [π—
!søœ¶∂˛=~≠YmZ®ï’-^[B4Á;Á>⁄Fï>à!F˙SÎuü√¢jº®∑ÖjkÚı?•¯+—˝nÁD:óù˛=Ë£˙[R=e^J/’Eãj∆Z2å§í0áïdDiŒqï%£5!êíEQxàÇCHºàDiQUwŸ|Nâ™Ú≠'íöÙﬁu∫ˆv:î^T^˘tKjM5Âøh¢éœD4©$¯%°TUeÑi≈E+B‹éB∑ä ¢Ø!AïTU_ñáD pº´:/ÀJZÍø-ÏéG]7ÖVµ⁄æßÙΩuÂøUv-´M±°UIAFYt•Z(¬D8àA"™∑ :®™¨õÏ¥:&˚dO5aEØÂŸEe_ìz:î•ΩhØ-Á^:(Ï–Q$Æπ 4@¢™í•»÷!$≤A)X™hURÑDI]Q£≥tOëÁ∂£˚Âü5ÈØd˘:ü“ﬁ¥WíãıQE¥ÑÎú£T´AO„8 B4´¡}+|Ò!æâÒŸ¸:&PÙÛ¶ Ú€WÊ^ö—?ÅmY )oZ:ó„¨%ÔÀEº°:+)h’8F4[KFpCJ¥h˚ ˘‚GíIh#	Ÿe°3ñÑi—$t/…mG˜|©	Îºc
∆ºr˜îË≤≥•¬¥Qz£Mg~Jk∆±ñ¨gT4ºÆZFí$ûM$ìá—!Û≈§≤^±çñö·Â3≥°~Kj ëÈ˛µÈ¨hºØ}Ô¨ÈKz—Y÷⁄Œ Ò—"™äÒ„ó¨´d∫äCH™§©D(∏*∑»úPEAWê™‘)
FÎ?áMIÆŒÖ˘;5“ˇ *Ù÷)ÛΩ|∂V)Jvz—Y÷⁄Œ ÚI*Bmçà#†ç^D	EdN"#√Hºïìàú[ó%U·ÂY¸:•uŸ–ø%µøÉÆ6Vä¸™Œî∑Í’óRÚ≠µùï„í^O≤"h≠ËàA"©"à"#N
ºŸ8†úHëy)+åxÌ∫¢ã◊gB◊…mG˜ÚÔO\i¨Ø…•√Æ0ıÎ≤ºRN>XÚÀ"!“K"!”Ñ®Çq‚|≤©+å5ï·≤–Ë[VT•Î≥°k„¢⁄º≤q≠w¶±¶∂í?P•-˙˛,¯'îÚ¡ºëæ[Â%I%†Ñiy>õ‰˘F˙$∂ßáØñáDz ã∆≤≥°~:-®˛¯e£œb¥VwÆvNrF™)p¶¨®øjÜù“–ˇ (A>…yx∆_‰¶ï%†˘'¶é$#})$¥)O/OyA9€tG¨®ºk~ûJ-´Úe¢N≈gE˘qÖ•Ωù“–üÉI-'ú„)!ßD¥&ô OñíTïh>I∆[Â„ƒ˛ü\è∑Ü¨$Çû˜[tGßá¢U°Îi„πr£≥Q˝Ú¢yßr≥Ø≈å-”)Kz—X—à™≠¥!”ÈOùR ÑI *ä™–Çq∆ERA
QWêºπíÑ<äe;,¥:&jV1ú5nFAéÕ^DÛˇ NÂg[´œVTRñı¢≤ø√UVDtD8≤™˙Q6 ê) HA§ïdD8ÒFëiBUUÊO$)ßl≤œ·—êH•°'t{+TÍ£≥WívNüÈ‹¢≤¨ÎÚ®•√Æä¸âVDGÇß¡"hç“JâqeQU°„ƒÅU’EhïJ;ñÖ`õk]ü√°˝ì«;ïÖïå·~*;5nç”‡ÓQYVò¸ä)K~ø£“A+¯–ËÑ#I-q ú%J>^I:À)·	%„Mk≥¯tnÁLhÓSK”…z;5›îCN¶w˜)
 øFäRﬂÆä¸ihi ç∞”‡ç0CJíI 4ººq ÇO¶ËG¸Ö°X^©xMvçe4¥7røãj?ª#èø≥Vu˙JRﬁ¥W‚ÀC¬îÈññèí≠|¥¥4í§∑ c'”AÛƒÖ$óË©hVCKC¬cK’e°—¨¨!π‘Ω3Á∂£˚≤¥œõ≥uŒã¸˙)Kz∆ûZΩÍ≠('t¥hÇ¥K'pìÈæPN($*\ây#˛3˝KB¥Nö-£Eü√¢5ïóc©djØ-µ“ı÷®…mY—{+Ÿy—JZø]pA=≤¢™≤'â#\eó5ñDLgêºââ≈Ky…EhoÚ?ÿ¥+√(Ò¢œ·—¨¨)£ô’„M‰∂£˚Æ ˜€SÀ”^UïyWmîRñØZ(Ωó‰ëWì"<	í¯—/MÍ≠£@¢™úóìqD8ÒC˙*™äºôÒ#˛b ŸY÷õ?áDk+.≈ay(∞◊·á∂£˚±EÙVV’ï5˛}•Ωh≠∑ùböí¥&à^3„Ç	¬EBFH Ç“*Úd‚'e‰}+∆‰™ñRaE˘Ì∫5ïïïÖ„"5·åkÛ/d~-ïùJRﬁº∑ùl˙hB	∆|êI-D<Èáú#âÇ®ºïìè‡ÅyìÑa˛G˚)ec>{?áD ÌïùäŸEÍå£*ÒW™ÙW„ÀQyY‘•¬û¸W™t}7 I8I∆ôh óÜísçﬂ/“}∑œÂI¬±Ë≤ùê§ˆY¸:#^Vv:º„8u;4˘)ZˆI;c¡~¯ÒﬁVQ(•´”ﬂ·˝4å·$nå!%·§íH H#8¬	SËÉÁàúxñ}):∫)˛«d)5Gä€¢h≤ Ÿ–Ôæ3£˚¯◊çµiî#ÒØ+(•-_®π◊≤EUhih∆K+D¥„/*“∫†ñ\~D%êïì'8ü—Wë/?…Oˆ;!^:”m—Ú≤ˆÙ;¯êG£˚¯¥^=∂€◊≤≤≤±≥©KáWºkÿ™¨àCß…m-"À"&ôx‰ïd rQrñQeëÅU®YUìàúQ•I\´/ÚS˝îÏÖl_∑Dk++ŒŸ0ËwÛQ˝ ÇxËº{kQpØ»Ïu)KWÈ¢ΩR*Úh!„4!3\◊ rA¬	BƒD!–ëUYN,™*´∆ó¯üÍßdﬁª≠£Ç5ïïâ!EÂ–Óπ_ÇèÓ¯ÀY^äkxW≠RGÜ∂v:î•´ÙÛV…QB4”&)‡ÜúaÁ∆‡UííÑ-'◊,Ï¨øƒˇ U;îò”/ñœ·—7÷}ÎÑµ¯(˛˛]Ëé:g◊X÷}é•.?O• áìÁ)ŒHÚN0ôŒô%ZÑ>[Î∆≤ˇ ˝TÓR4=<içv›ÛºcGB9.4v#}ﬂ…ÜÏQYu¸J∆≥Ïu)KWÈ¯M	áŒS·èíA∆RKGÑ?ß÷ïe˛'˙©›
Lkœm—¨¶ú/\7C±m<I‰—ïhØÃ≤äÀ°á[;ùJR’˙hØ4íÙN§·8œ≤3Ü¨$íû$#}Â-Yë›NËO#hÚY¸:&õŸgBÀhj/¡G˜ÚÏ¢±≥©zg’[;JR’„è∫Z%°ïÁ4ÜBwN0ç>)§ïH>8ààLã…I›/˛Gu;°PBvFÎ?áD”{,ËZóÖ¢¥WÊYEeX€_‰˜:î•´ıˆ™´"2µ:`ô®æ v$2ãÇ©"!«Å≈8í™rU|Kˇ çNÍw)ıŸ¸: ûK:•·E≤ÂZ+Û;VUù˛Oc©’KW≠‰óÇsú\„tj≠R é™§à'Uó"Z5S√…˛Gu;îûÀnÖÈMvtnÿﬁä—G˜Ú˚J µGéºTw:µ-´zÒ´√Hàò(´úx„ ∂I*J úP˘òQTU'mg˛Gu;îûÀ?áM^À:5˘h˛˙Á¡ÿÎåÈø∆ñ£π–é*ZøT+”Ùˇ $·-¸Á$k¢	xiVá¨'(iioû'¡ÙN˙¬¸éÍw'äˆWûœ·”Mºë¢Œçxﬁ®$ñÑ!J?øóÿ≠◊˘=ŒÖ)jÒ¡=KAI8¡FrF©j%^≠£
—--œI>∂FøÚ;©‹§¬ hÚŸ¸:&õh¬r≤8ñ^U¶p¢9JØ¢ºvQZ·ØÕÎ~ÁBîµ-∫hØ—$aËñèÂ9—m$äèA$∑…ÚÖ}Ö<4¶ÔÚ;©˛®u¬ﬁHÚY¸:¢ y—gRÚΩSÖS_ûºvu+}hè=hÓt)KWÎÁï$Å	èkç™Q†A"A**¥@¢™ÂX*oˇ #∫üÍáD¬ÛVçˆà^ã+j∆Œ•¯'(˛˙(øîVUΩ6÷ª”‹ËRñ˝|“–"…Ú^p“…‡MjÍ.J*Í*ã…YN"2Ø,ËA⁄Ç7˘‘ÓáD∆]<6›MV Œ €EîKÛ◊é +*ıŸ^NÁBîµzÚ¨º:C¶î˜¶R"£r9úÖIN"$í™*Æä“∫ø»Óßt:&J.4^j.ˆ›Ul¨ÔLëçîZ˙+«ÿ¢≤Ø]ï‰Ït)KzÚK√∆»'Ÿ-8Y"r8©ƒF≤Ñ‚ÑH´$Æö/9◊˛Gu;°”DaEÔ∂ËöomÊÑ&|ˆuÒˆ(¨∫óÍ≤¥V5üc°KÖh¢ıI-ˇ $ÁA/>H!súm‡íIoûÃì'”FäÒÙ;©›â≤ö7[tM7≤<1Ô≥¶â◊ÿÍVT^˘◊em¨ÏËR·Z(Ω2I#I‡å$Üùí—îÆ4Y8C^K|°ÚÑ™üXG´°›NËtŒ1¨'eñáM7™|ìü˜8’YY–ΩñV=éπ÷⁄€:´—E)oZ:ó¶H!ßThçQíÑÁ([CF0}4<HBO¨+◊–Óßt:°:È†ù∂Z<SÆı@Çá˜√YY–Ωµçïù˙4[ı—–ºÂI çë¢=≤–çä¢êA*)Ú' ëUqØ_C∫ù–§y”L≠Y”ŸhGΩK·ΩÍrÈOÔûŒÖÌ¨l¨ËΩïπ7VöRﬁ¥u/%QUH⁄õR<¥»“K¨≤ úHEU'Zã‰ËwS∫õßUîˆZ÷û
/8LPå?æéª´+:ˆﬂíäRﬁ¥Qx™´!-’£9—e†ÜRpURDA8≤®™∏œ•0ËwS∫ÑzÌ∫ºSÖÂyS[Oø°{,¨l¨˙ó‚üwRp≠^YD4ê‘^∏¬=≤FÇ©*B(A$˛C∫ù–Íö°•„m∑BÙV⁄/\l˛˙:∂±≤äÀ°~∆=6t)Kz”oÙICI‰ñç0OéHyyo¶Ñ>PÇI—)Ñ.ÿ◊–Óßt:ÎºcDagË_ä<Úç˝Œ|t ¥V=ä+*/Û®éGBî∑≠r–“§ëæZ
’9Fô¬Hh'%†˘‚“N™∆1èCπ›©„¢4Y¸:º◊ïÓß˛˙+ LÎ≈ï~Uïèc°J[÷t“§¥aI-OÇIh”9¡8…ç*}iè=e–Óßt)<P"&ûÕ–∑¨Ø9 Úø˜—◊jïèbê¨´“Ço¢ ∆ŒÖ)oqÜ¢E^M:iO
≤äF¯ÕpUoíEUÀÆÁ¨∫‘ÓáT”î]Z´/4•®ø'_Uù6#'Œ=äB≤Î‰_-V6Gî∂§+yAUIDŸ^TÅ”*»Ñ2ãö@ç'£°‹ÓáT¬ã≈EŸhtM0NÆ•„E¯(è=ï„ÏVu˘4Y^%Ud#L˙c÷Ç#I:§áçS·ËwS∫S)‰GΩùü√¶úçcE„E¯:ë%˘˙e+∂ Œø&µ[RgÙ≠Fô%£LláúÁ9$áú†Ño¢W\#O∑°›NËuLoœd*0¨!Z0≤ûã’#ã^S∫^±ù÷’ï~ÖîKjÀÈ°Á íHÙ…∆»h$ñÇ≠îêˆSGü°‹ÓáT∆ ¬ Ÿhu—GbS+i!˙óÊÍ÷∏V∏Œ Ò€VU˙=Zﬁá˙#L4©'Œ…€$<ÍñÜú ñÇ•„—Be^?Ú?—NËG∆⁄Q·HOü√Æéßr¥ÀBùK |OÈ~k+«mYWËı?•øVìÈHŸ+¢	Ú…‡Çq˙h#€DØÜáu;.Ë›¸:hÍw)ÁTØöãR¸÷u’" ô€VU˙Gó
%EUx”/c$–Ñ˘%°•^4Ÿ_Ñøs≤Ï≥¯uMƒÓVWúïµsBµ÷ä∆Œæ8‰’ï~ç‹PU‰—©T]S‰W_≤ à“∫SRµ∆Q·Ëw;°I¢DMi≥¯uMù$#¨µ&¥ÕNªÁ¬Œû>ÕYS^W¯W¢ùTUhß9%£ydÚ…[dD!ß“ÑhóΩùı;!IÆtVØ·IùÍÑ∆T¢•´√}tÒˆ)
 öÚøƒú©˛ä!iŒI#(Q£d4–CNRÒ·ÇqÑh$≠›ıS±’6ﬁU™–§Ÿ$a	çïç5ËåË˛˘ÏÎ„ÏQZ„Ò‡íqï>œí8ºê”ÑüDåx ¶ùÚ–è”QÛ™Û≤v—Ù‘◊Æˇ åˇ S±IÈ¨?áT sú°†º®≤ÚΩ_ﬂ=ù|}öøbTˇ »ßƒQÚòB4¥#…COé7¡8À¬4©:%ÏÇ0ú!ÔEgze˙ˇ )hW¶û⁄º›±Ñ(Ìùî”ü˜UµÎ≥Øè≥u¸˙—*/5 D¬ZTíŒZ?	∆ZîiRt√NÑL·D¯∫ÍvBêüE=∑_,©yŸy÷äS˚™ˆŸ”«Ÿ∫~MeY»´»A%dFUQtŒ’Ú¡8™´@àÇ§˛”‚Ëß˙ùê§≈wVõnæd—x+÷('™ŒÖ¯ª7]µ¯UîäºÑ4"4ºf™.•t#ZnY$DTUR}iií7ÙSπ€€m”MgBoíp¨iÎ—gObê¨©≠•Î´%UhL#eRD!1ÜURZ4K√œÖ#D!JËø-4´&3·é
©Ÿ
Oe∑M5åQ~	¬z&v∆´:x˚ô÷ı¯Uè“àÑhÑ!O¢H∆Hi_Dhñå§ñÑ í|‘[JÖiüE?ÿÏÖ{∫·Zaßë–º´(Vóú%•®á˛˘ÏÈ„ÏQXŸY◊·Vg¡	î¥#}+F–A8Nà#\¶	 ñÑ!oø=–ò÷’å„ÀBˇ c≤ÑÍ∂é-[lËY·úkÔ£Øè±HV6VuÑ˚©•O≥Á	h%°Z3Çv¡:at¡8ÀAB7“˛zcâ’Oı-
ˆ[QeméDq—Z•¨¨!
-ˇ ∏◊é≤≠èf¨lØ…¢T^J@à“)	Ñ®J¥îz ≠Qî¥Ç"¢Ø"W’d˚%®•;ùê§ˆ[Qg]’ïîV∫ â%ˇ ª–Ωïh¨{5e_ì(*Û(ÜñDBUëî\ßÕ·óUÅ8àà •˙ÏHÌìxŸE·Jw;!^Àjj/«e	ÎBCˇ w®≥£ØèªVU˘*™Jêå¨ò#*´$2˛D&J™»à'Tû%˛ëÂ¨z©˛ßd:·^™Ûv)•tCVUè˜
Ÿz+4çùö≤Ø√¨eYH ZßÚ!2UVDA8êI-‘Ìç¯g¬ZŒöHRüÍvBâzıV˚+;ï≤≤ß≤ºÒåËùõÆU™=øMCNM¬§¯„)—KAOíO•z;ceyaZZS—8uS˝N»S∆Í≤≤ßñÖŒ9gyQmXV¯÷ŒÕYW‚ŸˆAÚÑ<ÂÙA¸í^1æZ4K∆_OÚá 7ﬁN¯Ÿ_á8∆ﬁä©Ÿ
L·ßÀOeayV˚ ö∞¨++glÔÒd˙VÑkxx$ûMC¡ı¶±ü¥ëîøœæ±Ëw∆ÒètºhÑkhin™©hRiü„OeaecOy—	Ñ&Ç5aG˜lx´glÔÒ%EUd‚“)Ú*´"aËH∫k\Ìå§íî8ü—y.]¯Ÿ_ùyıS˝KBΩ’ÖagMÙö(ºk
¸eÀ∂ä¸%QUYá‚&*´Çä@ê¸Ö–ÇjQtÆhÚ§≤q˛äºâÀ°ﬂT¯+mÓº©NÂ¶I±!í5”#VtﬂOEÊêYZ(˛ÌO$.Æ˙+*Ù√I*»ÇcO≤`Ç#…:`Rt.+≤0ñN"q?¢™íπÙ;„nû˚Ÿ::Àhˆ÷èMàYD# îgXQ˝¸æ≈~B™µiÇrÉÂîï'LhÜï€O$dàáƒä≤/-=Â¶–”æwﬁ® 0Íw,Øw\+#éŸ‰t—-÷?ﬂMxªïú¯„\7”A…Dß÷PÑ4ìåhç”îÚK|Ò>	>µt;Ω4/·[FW™	:ÃÓRFÿﬂ‘º'Ug<ŒÖk¢Tî¬±˛˘Ì´◊‹§x∆º±ßÌ°3Ç8¥©¬”∂tNS¢0˙V˘‚|#}ÎËvz H€YOäﬁ^ñËwSπH”îc/®≤å•·Î>«VùT‘V?ﬂjç› B≥Ø4=aÙ—úI+î!	¶4NsîÂ$4a$ê'"'UE‰ª:ûºqÊáºØ.äwSπ[c}µ7RˆV}éç
&ö◊˝¸ØÈŸ´)’Z3Y 
‘àI8Æs•Et´VN'd^JNŒáoU˚+áe;ÏGå,≠6‘‘^7ù:˝œÛu”Z´Û;µzcDäºâB¬|håÆêË&ÂVH“¨úD‚Ñ……y∑©€ı-∫„ÍwÒŸN¢„mM◊¿∏O1?Òµ˘(˛ó˘] OoSíÚŒ⁄Ñ‹¢ê+S*ÈóΩq¶YN"ÿºπª©xWË[u«°›NÂ'éµ”t/T·‹é°+ÖïÑk£˚Ölø_rêØ¿˚VÑ#(B§åe°0ñè4Æâ ç2¨àá¡˝í¯:ñˇ ¬Ω1¶◊mXÙ;)‹§ˆ[Su/]héEeeo£˚Ö~?s™Ô˚Vé$a-#}9¡Jí§©)ú„8Ga•˛uJ¥q>˛ü~ßlØÚ(Öxkj¬Náu;îÑmú£Eí®uFÍ^∫ Z Ûˇ pØ«ÓRÓ˚oî qÇsÜ≤Z˛ZIŸDÚ∆Z0úÂæxüﬂxﬁﬁ•ÔÜü≈¨zîÓRaœéœ·’(∑ÇÒå)£:Á>J—+«‹§+⁄ºïìâY|¥ÍÜñ≤ûy<e*—£ËÇ0úÂæD„¿µ>‘úooS∑≤=UèC≤ù OwR ∆  ö≤≤8Â~ZÕ#*ıw)6GÇEÂ…ë tçÚ(¢°™_éåêL%æN<xî¢ÚÊNW∑°€—è/EË]∞òÙ;–§˜u,°+;++(WQEù©K+’‹Íõ´läºâ’9CÀ Ç"yï£Z≤ úQπrQUq∂ΩΩŒëÁYRu¶ı˙îˇ Bì
d¡
€t,¨l°d\´k)ÂÏÑ¸©˜)7V…UëåìTº<Á9"4ÈWå„	d‚'^\â ˜Ù;zØÛ÷= wBìL4†ûn•ïç∫FUïùZ©ËÖyL£
oÔÂ˜)7V…x—-x¬gXI8√Œ∏i÷àÇp?¢ÛR|›˛´+…Y÷= w)	’^:jyi‰VäÀπ—„
h∆⁄2£˚î¥Ëø_s™ze°·ß#o¢7K÷Ëi—Ûƒ¯$˚ HÙ;y£iÒ÷â√°grìLêπFÍj∆ ¬H¬qÓt)°ÏË’åcDI~®›˝nÁDÛ…Ù––BjíZ$åe‡ÇIh∆ÇtK÷πoû' G◊ß°€Õ_ñ∂t,ÓR{´zhŸ‹éY”T„’ØÚ?≠‹Ëû)¬≈ÂæE$áÇ	 Eóå(ç”ú¥∑¬úI‰/'è?C∑û?°gr±Ø=∑]ÖjÇZ9ùsÑiu∆qÍZóö˘kgıªù<≤¢Ø'ç»¨ê…ï≤`Ç	Ñ	UyÅ≈8äºîUWçw∑©€jk∂ø]e–µ;îò÷U·∂éRTŸ‹¨’§A’◊B	¶ù<˝Œ©‰Uy@Çj¨QBdÖÎM
.Ñt‚'•UP^\â›{zΩ5€†ç^æ•©‹§ ±¶A<YEÒ«!aÁ«^+’‹Ëû(eÂ»ïA>H#)…Ehu¬4ﬂÇÅŒDD>$^R/%%t(π^ﬁÖ·^9{ ΩtY‹§Œ|∂’ÊÏ’ïlß£˚∫ZŒ∫„s™x˛ö‚ÛîëÑ¥x{A!·©¨úlD‚|dµË˙oú)Á_C∂ÏØ°V›K;îûÀjV]ö≥ñç4[V5ÆK:˙ªùS≈Ù–AZ`í^5I*–C¬≠	¢ZuI+î$ü	—ıÆp≠›ÿWé	∆Z1í”dÒ◊‘≥πZgÀ◊MgYvÒ¡M%%¯+’‹ÍôﬁØ¶å%†ù≥úµa—d&ó—FØëåD„O$xg.áo{¨ÈØ©gr=ñ
∆2åk.≈y∫µÓÜØWs™gy”J≤&QÂù´°i\!ß/îï>±≥®§y°˙Ökñèmé$ÍÍZùΩ˝|ƒº{|›OÈ{ÏØWrìzØ&åë	Ô¡"ê$iï∆]0WApì‰HTU\ª&∫ﬂ–Ï[÷ƒ˜YD&∫-N⁄R	™œ·”¡E·G=ﬂÀÓuM §ËRD…∆rï$D3R0ë1óáíqÅUWF≤Ω}≈‚ô§	¯V5ù_æxÌW¶A(ézó
”_á{îõUU·§ÇHÒÀFh¢&3úhúP¯>è•ŒÀ+eoËv\Á”>: »„≤ã/€gØ-∞ü<Ò"wœ≥πI≥ÎLíCI$<ÆıCNîFSó…'“íVvu¬tV˛ál+}ïcŒ6”‡¢À˜◊ñãxi%£\&Ñ™ó¢0å+	#À‹Íö˛≤ÇZZ0úÂ0ñÇ7F0JíIN?'…'”ı-‡ñ≥´¡%g[˙ºuùaÌÂ£MøÅ[´EÂe9Væ^±ü/s¢¶Z3íÒå/Dkñå§Ç	h(íHxi«ÂBTñÖi‡^}qßú%5N=ﬁ™›XŸXNö,ΩSÂØ=dæ
ÒW´π’
–™≠®Vå$]àVtÛä<2®≠^)¡?$Û%q¨ÏÎç5ÂX⁄ÈÍvÙ#VÍ∆ı√IEóÔ¢w÷â ›EŒ∞¨◊$∆Ω]äB≥YdL‰QUí‡óÅ˜F•Rg9uQD‡qN"Ø%ó,´;∆Œ¨æN•ÏΩ(&ÑËFØ
ít;©<¥$à ûIFL§A1L®˛ËAŒºïáıªô™´Bhú+¡#	⁄Ç2ãúà"h\„≈‡ã
/%Qyr%^]Z±Üó≥©* õ£•˙´rFÙ√°‹ºk‘âƒºËΩı∂ÙQ˝ııv)2UVÑ ñçëÑ&3úÏå†íH¡rN(|Hº‰˙Rt÷]∞≤S)R∑ı/eÓØ¿É©‹∑üez+mË£˚∂ ıv)
√È°x—A$¥lúcL·Ïé'¡ı'”ﬁ1ÑêÙv!Ïú>I,≠Ù^∫ﬂ^—ÿ∑åßÕYOä≥ú)ØE‹ÁL)XNqø±E?—4íFà#”£L≤8ü(IıÖÈúm§íö>⁄ã¬ZGR¸1∂u∆S™éÂîö'ÕYI9Fõji”Z®˛¯k;Ò«"8î“ﬂ)å<„COñrç“|§ë∆	'€)Ø\>à!	%wQxVπŒråkuØ©‹∑èg\gd˚(˛·Z£Rx˚H™≠*+A/8F™–∫‰WVçü»êH´ïÂE„)Ñ:úéG%hkdeÆã¸˛ß¿ßX¸™∆∂◊™ŸU˛Idç(û4‘™.0Ë[FÖ>DDTU\Ô*/$Å>Ñ!ëDêD#√EºïùW‚&Æß|ó’OZßby+”~5˙JdDD∫jåótàçbeb|ÈC‡UííôﬁUù≤AMà&T^	Ú÷Ú!Gb∑Vô#Õ‘ÓYLπ û;n•µmMS·¶û'˜|µzd^\⁄àC‰ú‰å'Lx‰å„i≈>D‡OÆM◊; ≥¢ıKCY[:ù∞¶ºhûG_Ry:ù⁄ΩñÖÏç˜·£˚·ØO⁄ó¸!é$#I˝g%°ß∆tFπ!Ño¢⁄≥∑óË^Ÿ%2∂ÑŸGgáºh≤Ω1∂^ÒËwj—$xÏ˛h¬¸R–[V¯„çm¢¸ˇ m«Â§Çqè$<¥c—-	hCÁã}µîu€–ºÔ8GèS∂∫/ÚhºzÀ+DΩxl˛x”;a≠´h]ÏóÖ’Ù¨à"	Û¯Uå*Úh#LÂ-Ú',º’Ï¢∂ıŒãıı;~µ„‘Ó’Ï≥¯Qy¬c;Ï≤±¢éﬁ(ˆ»´…˛ZSA<*Ú—°H ëUZM3°‚úOËºπˆQ[k\ÏùT›N€/5¸éávØe∑R⁄±Xw$cnéÇ|âmu^ãÚJüJ–C b¨πQx¶ihGUdD!YDG]'nKÃú,¢∂—zW
∆7Su;k£πX¢â˘˛)ŸmOX—{m•2Vó¶∑A#
?∫!ØE¯’I‰HÇ&)¶p∂ù1¶ûZ2BI$åê„≈πr‰J„eïgE˘´U7SæWç ≈rÜA?8Î•<˝^±¢Ù«Üõ≥CVu^…›-d!ì¢Zà ﬁsùC…-I:æy©/e≤<◊¢ÚËw∆ã¬ ÛOÜ≤É©˛æÎj—EÓñÇtAM€DqkÚ∆ÈhRßL´B4¥4¥ça:!Â£¡*ﬂ<OÖSˇ "íπŸE~áCæ4vx{+€>ßv≠”∫€Æä¬H”{!Ô:!˛ÈüTêB<ë¶
Ÿ;aÔTe-Û¿˘ìÌUÎ.≈~ç±¢Ú≤¥G„u?’´)∆qçñ”«L¶ˆ¬ï∑S˙
tNqÑÌÑi◊<ö<…«ààäá⁄®≤ıóbø
¸±¢⁄0ÏW¶t€∆ûß˙µióO=gx÷w∂é˘ Ç|íã¯2)d´úxST4ä´Ç¯ä	ÒÚÁJ*¶óbø
ƒ,¨+OlhºßëX&õÚﬁ '˛FØe∑V≤±¨“7¶4w¬qîS˚‡]Kåí&ò∆%»é™…Çd∫àâƒ‰ºè¢àW¨¨¢∞]w‰≤û /:;cL∏ˆ+”~$j/+ éÌLõÏ≠îKWÜZÙ^+l$¨+€©§å£Rx`ùtÛö!ÚÇÚ%´
  ◊>—eaEÁ–Ôçóböp¨Ô…EÂÿ¨ªµxl≠î[WÜ[πZ†íã«Æ}PÛÑê“Û¯Ñ¥xë˘>…WÑ’e~%ïÖúpSæ=s≤≤Ø%c‘ºdÏV]⁄∑B=ÌØ7sÆ /%0£˚≤H!Î\íB<g:‰Üú·‰å`ù–”î∑ ﬁ5™ıœñp¨o>á|k*;ÁYQÆZã!Â∫ïÁ›´lxh∂ØµŒπQx÷™RK 6Œâ>Ih’ı≤6NÚ≠£û'…ˆÙ•È∂≠Qå˙hºˇ ÃÔçeGlËï∆ã€Yı/ovØ<h¢⁄û7—‹¨lË^¯‚≠~ô$Ü≤±è{ß¬HÅy(´ç∏VV› e!Ø>äw∆≥≤¥ÀFS∂ã ÛÓ’„≠}Kj'√Gr±≤±QuRñæ∏ﬂ„T˘ì	h(‰´¢îº+-´MzØoE;„EÂexì…0¨Ô>ÍÛ‚≠}K”zQ®ÓVTËË&5Ö+^KäËå%ì+TkFúU◊ÿà ºâ—J[—XˆjÛÆÀ+
——N¯ı/++Jk]S·ÔùÓ≠}K ı—‹¨´;¬1Í§*óÊíT¢6°düd‚§ê §Æö\+.Õ◊Ò+]TÔÖùÂïÎü$Ïå(Ô¯^õ◊(v+√ıS˙^õ’$´…c√?áOZ(∑¨ªu¸8]0“u:)ﬂ:≤∑å)°w∆2[VWïˇ ãÚˆ◊9Œ=Tµ/(Ÿ;a·§ç“JÈÇsñÑ”*ÒÑ!÷öz\+.≈ËóºËº#¬xìˇ ù≥°yvŒö˜… ’ïÁﬂ+#8”ÿ≠∞Y9ıR‘øíF3™‡üú¥iñáñ˘‚AˆNöj)p¨£ëEnΩ∑¶1¨ˇ …Oı¬ ;e€LØö	z€ﬂ+ÕÿÍ”≥æâ‚•©~iSËçËÇ<4„Ö-ÚÇÀê´≤äRﬁ≤ÏQ^ªÿÇü¯©›q£∂WÔå+ŒéÌ^ÍÒHØ‹Ë…≥æé™K‹à Çä&Î‡H,A6V®€.úPAWê™ªh•/Os©_ä¢ºÒœ¸TÓ∏—y_•4+eƒ<uäeMe2&•«π”uÂM’KR˜@¢Æ( Ç¢#Qm6":&#K¢mYYH•9/"Wu•ÈÏQ_ìYˇ íù¸u‚Qt÷ ;µxÎ:¬ãju÷Ça‹ÈùgySRñ•ÔUVL ºß8∆råßDΩ<ÏC‰Åy)+æäRﬁ≤≤ä¸ûπQ—NÂµVÍŒ∫ŸG|gMx®∂ØsÆuùËû*KŸˆﬂ(A8B·9F©—iÇ^Â•°y∆Ëï›ME)zm´À^J éäwRœ·EîÒçeE¥˘dá≠îwOÉ©{#Or8ºÎºÏËßÙΩpﬂMÛ≈ß	Ú¬ïÆ2óáññÜñíZ>˜√—J^õjÚ◊Ü±ÇéäwyBÚç4_ÜZãÒ—›•3å„¡E˘{ùw^à‚ßÙµ 1íUæJ/lÛÂóåcd4êGü•È∂Ø-kÖ∆Z≥Ëßw¨£U„¢ÙŒ™;µ{∫óÑ4Îú;ï∫ÙRü“ÛÜFïd‡!:·È°ß|ìúlå‰ÅW…E.´ }ë°HL%˙Àj,ßMtÒ·¶å´e⁄Ω›KÒ çÿØ5)˝/GUQTÑ>Eÿ∏S(´Ç≤ãäã¶÷ò£IFU\´}5Î≠©∫ı´'Œéár⁄ã:µbô—{◊Gv≠)π1∂Oí¸	çÎA
ÕjS˙^ÖQUEU(çÒÑ‡Ç»&‰!”Df¢	≈ïyôV˙)K”m_â$àÇ&rQ—NÂµ5V≈ﬁëÍÓ’Ï∂¢⁄∑+KŸ[%Ø9Bx©˝/B™í$(“F»∆I#DËÑ∆	ﬂ|∑“µyh˛„X€W‚KFû•)ÿ∂¢ /ıhÓ’Óß¢Z6F5ïhï ⁄x)˝/?∂Ç8Ìïoú„8i∆Z
-‡ív…|∑”÷vV⁄?•·X€V⁄Ù ax—‘Ï[QeJe°ßDy®Ó’Ó¢ùëïeZæI{h‡•©y}4!; é/-ÀŒRØN®y∆æû1ó≤∂QGÙº+jŒˇ "é™v-®≤ã›o9FòWíHŒt—ﬂ:Ωiù}rÑ¬rú∫©˝/oë ûM”î:a∆Ú–V-/;‡ÇZ•}4‘•·X€Vw¯R—áC™ë»∂¢ /u˛=ˇ û∞ïu Ö]¥ß˜UoñíƒN9Jíå¢ë‰LaZã÷òC¡L´ÈÇâ)q¨m´ÛËû
v-®≤ã›{´L¯(ÔïkçiÖ=y:ÊÇCﬁû™KuUdDeÇÂ÷Yd¨!’£bê(¨Ñó™4®™Je{S5)Ø
∆⁄Ωw‰X:ãj,¢ˇ W©›´]x˙ΩÖo≠Q™€¢ü◊UVB	xŒQUrè
C°ä§¯`ú·ØÀE.´j¸9€éoEïæˇ ©˛≠XW´´—~+:˘-∫©˝,ïhBß)#9hÚ¬^…Våa§Üï”~:j)vu¸J◊GE#û5Ñ„ï˛?SªSŸXOõØüßí€¢ó»ûM#Id˘ŒZ1˙h 2úßd4˚iÈvu¸z’m˛Jwz 5ﬂéµCJËËwj¬Ω]IR|ñtÚ[tS˙[BaŒÑ<a8¬Æ^	◊ÀB4ÂäÓŒøÉ[mø»ÓÙ’æ¸u∂≥Ëwj¬öﬁ|µ¶ö4ÀY◊…m–ô,çí—©rÇZ^	xFí4KFåºaËçÙˇ ›ï∂ºîıç„m˛Gw¶¢¸ï≤1å„DùÌDøWè-µ'öŒπ![m∫ü“˜ ôC´√ßŒ*(¢Ê≥≠#8i\U°6¶ Ó —{sΩ¥w∆€°ﬂ/ızÎÑ≤«¢ÀBìÕg])Øª'»ñ_ç—qFïÕZ2ÜVWç*ºât‚qi‘ª©È|ó„ºÔ.ßr2_¸g–LS.áwR[´(æ[-Æõó+mïóbéß˜BÂFòRtK ögT4‚¢ä*í—±u”“ó„ΩIÊ¢»¬€¸îÔ‰øR4bπtS∫ËLk«Z´mh∑≤ã éÌ‘˛¯·ß8∆4F©xŒ|I$e©ÈKÒﬁò'—x—–Ó∏÷˚¸~áu,¨+: 5Ÿ¸+8zŸgR5AEÂGv¶ø¶1è,g; óí»C‰ír˘”OKçxc…cáe,ó≠˜Ìù]Âî–’Ñlç0uM∫ŒôŒVÚÙwn≠{„Tc“—Ñ¶^∞åg…/9Fäz\k}Èí5∆©”–Ó[SV©hG∂ù”îxz‘≤û ıVGÜŒæ:;∑S˙^§i#Z"c!”$è-I/∏—M%)k„ø˘z)›È´}˘/¡/–ÓYOe<g8Æ∫/À
Vï«ªQ˝/8jpç)åe/	•qQpH$URã(•-¸ΩÓZ2C¶òF„ËwR≥´Vî€mEËQ|» çy˜nÖ©z,û;c¬1H◊!ïTñO:¯(•-^∑ﬂ‰ÙSæK¯Wía:z›D¯ıG≥Wí∂¨„-m”T.úaxÀB<¥<Ëç“§Á~)A6S“ñØ^¸œ°‹¥˝Æár {:z®ÏQYY[kTΩî–I-m‘˛óúÁ8CC€√√Jí–Gí±¢⁄ó
ﬂì–Ô™IM˜∫¸}Âîˆt¬|”ƒ≤äÀπ[kDcehÍ§Iz å•qå•·U°ßTeD7÷´ıŸX”“ñı∫ã”>h∆qËwÚ[F”úc~*:©‹≤ûÎùlåm®Ü¶Ç_πM:Îmº·m—OÈ{ßtJ¥x·}∫ ∆ûî∑≠‘_éãÚÙ;˘/TÍøw,¢≥Ø=e‹¶å„œE¥pRUK]Èåº&2Ò‚ÇïWı+EeE¯Ëø/˘©ﬂÁŒıCt;©ÿ¢^8·/Y÷ -´.Âgc[o;(é*LóúoåUEÚ å≥‰ØÍ•-˙Ë¨®ø_ó¸éˇ ëyQlÇ	£°›K«©el¢Ù€QmOd#NKçhLl≠≠x ÇoA0_4
*Øó©xﬁiïî^ä\:˛«˘¸®ÎÊ≠ΩNÂ„[´eh¢ i◊[%´E)˝/¡$ÈA8íOö≤≤∂YEË•-È·?W°ﬂÕ:Ô\i¨∫ùÀ∆ΩT^P÷,Æ xhO)˝Œv«Ø‰ít^˙/+mi•-^ã+oÀ˛g”ùNÂ„[´e’órQ£LlØ4Òk—/§åßd!ì¢^∂÷òŒZH’KÖWÜ<Âˇ 3ø‚NªŸGr¸VV /9,Ñh¬ h{++)°°Œãn∫£—9IŒèíï>¥G∂±¢Ù“ñ˝K¸+¬<=˛	ﬂ%∫⁄t”w/e4/Üà\ßMï¢%¨¢1º%®Ï›OÈ~IÚK|àH™Øì™ﬁ¥WÆ¸±¿Ôïz®∑è5+w/ejúÌ©◊	Œd≠*ËS√Ø— B°-GfÍKı∆‰„˝8ä™*©>´KC^ä)K¸kÚı;Â^™/≈9—˝;V
.]u¶ä-©◊ë»QE\HŸeÍ…"@Ñ=›OÈyG·'8ˇ ^J/%'◊z\ï„U•´◊·ﬁ¥’‘ÔïzQØ”MeïÖÁ^>•µ:r8√^vVUí<ºÃH0¢€¢ñ•Â∆È∆q∂DC‚aEYü"S’-yQzcm.¢ºÚG£©ﬂ*›-çy_¢…T:‘"†ê^vS√”∆SÑr!	>àj~äK∆<≥îeÛƒ˘CÍI'ëIÆ}å¥ÖÍ¨+ˆ:ùˇ N4ˆŒºˆÖµﬂÙÑñﬂ--¢1Çt∆OÔ¢^1Üñé' D∑bø&¡EΩ~«SøÇ?"pøu∑MVBe;a•5AGÙø44´∆rﬂ("!*Kˆ+ˆkˆa˙ùˇ ˝wÓ≤–ÈÑ¶0[KA≤TUEâ:ÈØŒ™∫![‰DBTU\,é?á~™˝â‚v¸ıﬂ∫œ·—4S[/!EDí≤¶QYN¬U$Iz˙©˝/Ã´±DFU\lØ√ø˙ï˚óÔ˛Rã$¿Ç'À+eê$"óÖaE∑S˙_ñv à ´ïï¯wˇ Sø‹ø¿ÍXölD8âJùä ≥ÅPQylË|≥∑ÂïsÖ˝πˇ Ò·‘éBìî£¸
*Òe˚i∆¥ŒﬁáÙY]ãπExe]ÇãäËQE–¢ä(¢ä(¢≤ä (¨¢ä+(¢ä +*ãääÍ+®¢ÏQEWQEeQEîQEQEQEQEQEQEQEîQYEQEQEQEó5\\‘Qp\uu—¸)·Â°ÂÂ
;gM$xË˚ü,lí1]|(∏«Ê(∫¯.ï‘Teue⁄ª^Ÿ˙Ò.Ö?ÒÓñ¢»#Û@úÑAAHFGA¡AAA8à Ç Ç Ç	©AAA8úN'àÇ áAACàêqAAAAAAAAAAAA'A8úN'""N'âƒ‚q8ú˛N'âƒ‚q8úN'Câƒ‚q8úN'âƒ‚q‚qAA‚!ƒEDFAAA8à Ç Çq8àqAA’EÂEÂec{´»ûÙÕAA—>u'Z{”R¯•‘QEQE_∫Ó¶Lhº¨Ø|úÖD!YêA⁄ÇiO2ãÇÍQu Ç	¯IåÓLL
¡u ÇÍ.qä	!ƒ‚qÅMâÑä+ Ç Ç	åÂd·‘ºªsØG“¥p9ä(¢ä.¥r–◊†]( ödåîQE…
…5Æ≈_<©<[Áb°)ï‡àQyw:ÁZ„j*â|	ÙF !w/æ}s˙0“ö']¯£	ÛNSËï%D˘(˘UQE”Âﬁ]»LÎ\ÌÉ©–û{•^ÓˆSœ„CKKQ
–F3æ2ç≤“|êßF˙x¡:£ñä/Do¯R˙CÈUuGÏGÜ5√œövFYMc)Ÿ'(—$aNqÂú#ë[Î«X÷˜¢¥Œ§ˆêúgÕ:TYTe\◊—¯R<+Ç®¢ãúhVÑuuŒR–ˆ@Ñ˙+¬H~⁄(O
(æ5QE¸EuQv†ô(¨¢‡Ç	í$ Ç ÇbÇyóA‹éõì	$Åy‘Ç:a:QEQEB	ää,b¢ä(§jAWRËÌïµkL‰QQE≈ﬁéÇ Ç	äbÇ ô ÇzTWAA øÑÇdõêA…¡E¡÷¢ä(¢ä(¢äË Ç	ÇhVSë»U¡EîUEB»Ú#K¶_ùy	'Ÿp_¡á_zhQE¸©÷Ç@ò(§¯rA1H∆rQE‹Çiè"2bÇ/! Oëì«äZ	ÙÀ$àúZ…hÒO‚«ÊœûI”;£8ÒWñI!„œ#Lr:îO"qQEQE'œ:c/ïo£ÎLÂA;£◊?ÉÒNôÒœíw√…:#\'ØÂHHíP˙VÜùqú˘`çîa£ÒT\c	”±%<4íç°I’8FQ‚ç0Ò¯™≠#* Ù†Ç	åoQEˇ ∏©•<÷Fkäc9(§&h åÇ<‡ÇI$~2'Å¢ﬁtﬁj(¢‡Çbû%–Ç	¯J/Á¶ƒiÒ…†á¡3AM
(¢ä(π(Æò#Œ¥AêAL‘QPQ]E4	L'MÈA<iÇ#!ƒAA7+.J/‰&ƒØΩEÕE%pO	Ç	µFA‘WQu°≈N"ËË õe0OG˝eı.…&À÷ò«„.
.πEBä(¢ä(¢≤ä(¢ÆÖﬂO%°§í=3ú˛¥ºmD¸ıFâÙG∂<íN1úÍñç3çhÜü…è4~4~$Ñ¥e:ß›Èè¡Ç4…;°ÁÚNSåˇ ¯Ï˚ß’:%°2ùrÎ˙ëúËü$:fòŒ‘FAAˆ∆P»#†ò€†õFA<*. ¢¶•e\W5hÒ+(¢ä.j◊‡AR òÆ)êúW\4®©ƒ‰.j+Øµt“öTQv& Ç ábä(¢ä(¢ä)»‰(¢‡¢∫≤ärA0GAëßAA4Æ*rQE¡t Ç Ç!ƒAAe‰r9•]EÕsCàáâƒ‚ õQNB‰ß!NBär9úŒg3˛Cö)ˇƒ "       0@P`pÄê†ˇ⁄  ˇ å≠oÚÀ[‹ø˙ç≠Ùø˙9◊kZﬂnC»ΩÔ®!”kZﬁïÔßÃﬁ˘_ˇ ≠≈{ﬂ;ﬂ√∑¸MkR÷ÚØÚk[˝6÷∑√ˆ≠o≥!ˇ êˇ áœû∑≠§Ω˝Í/{ﬁ˜ΩÈ{ﬁÙΩÔ{ﬂ‚/√kR÷µ≠oä!∞ﬂ{ﬂ·oÀ{ﬁ˛È•˙rÿ}m≠kZﬁŸ•˙r¡∂˜¬˜˘¢ØõkZ÷˜o|/á¯ã˛4CYˇ ¡÷√Ñ0uûM≠˛}kz$0töÉ˘˛üÁ˘˛üÊ÷µ≠kZ÷µ≠k[Z÷•≠kZ÷µ≠kZ÷µ≠kZ÷µ≠kZ÷µ≠kZ÷µ≠kZ÷µ≠kZ÷µ≠kZ÷µ≠kZ÷µ≠kZ÷µ≠kZ÷µ≠kZ÷µ≠kZ÷µ≠kZ÷µ≠kZ÷µ≠kZ÷˛mk[˘µ≠kZ÷µ≠kZ÷µ≠kZ÷µ≠kZ÷µ≠kZ÷µ≠¸ˇ ?œÛ¸ˇ 6µ≠Ö≠kZ÷∑Û¸ˇ ?œÛ¸ˇ ?œÛ¸ˇ ?œÛ¸ˇ ?œÛ¸ˇ ? [îÜl!S3¸Ñ˘∆<ƒ0sq2!˛B|„bn>°˘”ÿc§Ü¬8õè®}ìƒ=Ü:Hl!Éç∂ûQ∆G»#hŒ+¯Ø9U„<£åèêF>€·WÒ^r÷k¸˘G∏F>…«¡5ûkŒB_ü(˜«Ÿ(«¡5ûkŒCI´ÛÂŸ«Ÿ(«¡7>S–`Ë5˛yc€!˚$#‹˘OAÉ†ÜØœc€!Î<‚èœ9&Øœ!Ã{d#gúB1„>Á!Éõ≥Û»sŸ«YÁå|rãŒC7gÁêÊ=≤é≥Œ!¯Á§Ûê¡÷h¸Ô!ÅÃm<‚éÇßúB1ÒŒ„ëÁ!É¨—˘ﬁCò⁄yƒ#O8Ñc‰=ß#ŒCY£Û¿``qMÁ∞Ñc†©Áå~eÁ!É¨—˘‡008é√åÿB1–TÛàF?2ÛêÁ¸Ô0yà{d#gúU˘óúá?ÁyÉÃC€!Î<‚ØÃº‰7êœÛºÍ!Ìêåvi
<g√<‰7êœÛºÍ!Ìêåvi
<g√<‰7ö?;ÃbŸ«YÁ£∆|3ŒCy£ÛºÍ!Ìêåuûq
<g√<‰(Ì4~wòô;»G⁄!¯G9
?2Ûê£¥—˘ﬁbdÔ!hÑc·‰(¸ÀŒCüÛºƒƒ‡!ÍôåuúÁ9
<g√<‰9ˇ ;ÃNR©ë«YŒsê£∆|3ŒCÄœÛ»r0ÖdÑc∞Ûä~∑òÛê‡3¸Úå!GŸ!Ï<‚ü≠Ê√<‰8Õ∆F	˚D#E8£º¿¯g†‡37$#Ìåu<‚éÛ·ûÉÄ°â∏áQÌ|‚1‘z[|»`p17Í!ØúF:è@£ÕÇ˝rTÜ‚EÆíB1÷CÀhBéÚ>ı»Q°¿PÜ‚EÆíB1÷CÀhBéÚ=VÒå?\ÖÊ„¨£µ¡ÚHF:JÛHQﬁC·L?]9∏Î(Ìp|íéíÑ<“xÉ!?}#ƒT‹uêé&áÕ!Î<‚~gı»TÑ#ƒT‹uêé&ÜáñB1÷yƒ(¸œÎê©Gà©¥Ï(Ìhyd#fì√hBé“ê‚<√?◊AGà©¥Ï(Ì|“é≥I·¥!G∆=?◊AGî‘TÏ(–ﬁ$#gûQ·!ÁùÆryMEN¬çÔ“B1÷yÂ˙Á!Ú˛vùÖ√#2èíB1⁄y•$*˚D6˛π»QÂ¸Ì;
1ÜFe$Ñc¥ÛJ;è\‰˝sêÁ;•ZûëÏ<‚|;x§32)˙Ë9œ$´C◊!áúBéÀ{ÜÉ"üÆÉú⁄vôëÒd#®©‚HQ˘rüÆCú⁄vhfGƒ5êé¢ßài!GÂ ~πs…!¨ÒMd#%O4ÖxÈ)˙Ë9œ$Ü≥≈5êåtï<“}„§ßÎ†Á<íÕ&„q¨Ñc§°®ÒQ˘rü¨qÁ<íÕ&„q¨Ñc§°®ÒQ˘rü¨qÂ(yFF%\ç«I«IS∏‹B˘Fá1O◊A PÚçe\ç«I«IS∏‹B’±hCòßÎ†Á<íŒÉ†Ñc§°ÁC£ı–sûId9»sêåtî>ƒáGÎå°SúÚHk*Úù#%>˜ÛÕ¿$4~πJúÁíCYWÕ!È(y˜º<˜h	ÆÉúÚHq>I«IÍ„µºóÑ58ªøXúg9‰ê‚|íéìÕæG£lZö‹]ﬂ¨qÁ<íNì¿!GIBßí˙ó2cB m!M?¨qÁ<íNì¿!GIBßé—°œhd‘Å§#âßıÉ"úGíC€!GQ
ûYlÑc‘WıëƒbqIlÖ$!SÈ 1Í+˙»Á7I«IË£§ƒÚ@ÙHyT*tå$Ñc§ÙQ“b|ªÅd;
˛®TÈ6òG9«–!GIÏûÈΩ <≈LT;¶ŒB8∏ûÅ
:Od‹⁄ÅF•b¶?™«9‰öœDÖ\Oû+v dB<∆è’
úg9‰ö y
8∞¿˘“å[ê"Ê4~®T‚:$ÕÑp49
4*√Ê»Uhô˜~®fFÜ≥åÜífÓ<rhUÜÕêå[¿ÜÇèoÍÜdhk!ƒC…!ìâC¿7£ãÑ∑1E†j!Úö?ZMƒ9œ$ÜNL<q
8∏ü{ﬂ'B¬5åyM≠&‚fíC'áÇm!GQÛ%ñ!¨ÖSGÍÜFÚfíC'áÇm!GQÛLh@£®ÖSGÍÜFÚÁíC&é'Çm!GI|√På!G∑ı†ﬁCúÚHd—ƒM§(È!çr3 E÷¬{Z‰9œ(……áÇQé¢töœÑv na
1Ï˝sêÁ<£'&	F:àQ“k><ÄòBå{?\‰8Lè$ÜM<é≤tî=„ïåj¿Bå{?\‰8Lè$ÜM<é≤tî=„ïhƒBå{?]S…!ÅG3¡(Î'Êéí(ÀXá
=ÆÉiRÂ<ís<éÇ§¸—“CÂ	kr£⁄Ë6ï(ÚûIßÇQ÷OÕ$>PîÖ≤üÆR•S…!¥J:…˘£§á…ê9àQ°“Sı bÚûÉô‡£D¸—“CÖ_vÙ∞sê£CØı†Ü√®Ùœ ÖÍ'Êéí"rhu˛¥ÿbÚÚJ8πûWY?4hfC‰@#ŒBè1üÎ3qã»C…(‚Êx]d¸—°ôœ¿ê*Ûê£Ãg˙Ã‹bÚü.Bé¶ÛGIj(Øæ@!ÉŒBèoÎA„ü.Bé¶ÛGIk~ÅãŒBèoÎA„ú'íÒàBé≤tê©d≥R d√òÖﬂ÷Á¡8O%‚5Öd(È!S‡ 5 ∞Ê!G∑ıπO(ÛBé&D(È!S†Û/y`ﬁr{YÕO(ÛBé&D(È!S†ÚÔBóúÖﬂ÷D3wõ úÔ<Öd#$3W¿9Ma≠Á!G∑ıÉsê‹TÁxy‰(Î!È!ù¸î‘@÷Ûê£€˙¡Ñ<bÑ<#y
:»F:H|8ry?¨B)Bâ<Öd#$0ø¿6º‰(ÚX4!‰*B⁄B1“C·Hny»QÌr!‰*B⁄B1“Bã6ﬁ«òÖ◊"«„ê¡Ú»m!¸¡ìŒBèoÎ"«„ê¡Ú»m!¸{§…è1
=ø¨àsGò˘d(Î!‡|aØ9
=øÆ”àÛ,Öd#àΩHmy»QÌ˝vî8“QÚ»Q÷B1¯ì2\BéìëÌ(p	§£Âê£¨ÑcÚ6∏d(È9Ûy3á	˘d(Î!¸Åƒqêå{^y∆`–´∏å|≤uêå~@‚8»F=øØ0©Œ–´∞°˘d(Î!GàıÃÕi
4:ﬁ£à©õ¿–´∞°˘d(Î!Òπô†Ì!Fá[‘pê©õ¿‘ÃÃ°‘Úm!øx§(ˆΩG	
ôºLÃ çO Ü“ãÒÁäBèk‘pêÖv¶‚åhCy“BéÀ´&Û≈!FáIG®·!
ÌMƒ!–ÜÛ§Öó_ê<Rhtîzå§!sºF1Ñ<ÇW‰é”A
4:ˇ Yúf“Ñ9ﬁÑ#¬Al~á⁄h!Fá_Î3åÿdBÜÛC¿BcC…!GJØ¿‚Ñc⁄Êfl6°º–Ñ#I
<'∆òF=Æff¬¶í≠HPÕ–tÑ#ICúáòŒdTË!WµÊ*B¶í≠HPÕ–tÖ–ÚH`Bå^BY 3"ßA
ΩØ1R!≠©C6ÜGA
±°‰êƒÊ!Êê£∆j#C†Ö^É"Ã
ê©mHB¥2:Uç$ÜK»CÀ *Òöé≤z\àk0*C{ëõC#àÃ°–ÚHd¯ß]Ä(«“2!Wµ»ÜÚ§7π¥28å çÃŒ≤Y‘@¡è§dBØkëÊ)õ†È!F1Ü„¨Ü˜÷>âô
ΩÆD8ŒS7A“Båc«YÄΩ1ÙL»UÌr!∆or3tD(˘´"1ˆQèkπÿor3t]§(˘´Ôê3#`áÄÓuï!¬C">
?R‡Çè‚0túnD3uï!¬C">
?V@AGåÒ
:N7"∫ úfnì®£†Ù»y¨!è≤C®≈»Ü¢ï8Ã›'QGAÈûp◊Ÿ!‘b‰CQŒc7IŒBÑcS¬(Òû]Ô
>…
:é7sôú∆nìúÖ∆ßÜØä 
>…
:é7sôú§3t!∆áÆC0Ò,¥£Ïê£“`Ócô§3t!∆á¨iÄä>…
=&Ê9ë°Ão:På|6>I…z <°†Ö◊KÅôÃo:På|+˘G%· 8
>yCA
=Æ.ó3cë∏áAB1Ú»j<¬	
>âFÜ(ˆºƒh`lr7Ë!F>ÃF>H pê£Ëîh`BèkÃFá
õÕÆ≤ÑcBßRÒî¥cxƒ ©ºÖD£ë
=ø¨ÕÂN"7õ]d!∆ÖN•‰24ùñ „!Gœ*ÊBèkôº©Ão6∫»PåcÌ:Ï$8
>ÅG2{\Œ#òﬁmuê°∆!⁄u-âÇè†QÃÖ◊3àÊ7ù(QÎzüÙ ∂D7ê£Áê£R¨!GµÃƒ‘TÊ7ù(QÎjt-ÄË!Gœ!F¶(ˆπòöäú∆Û3'i«√5Pu}«§√ıôº©Ão32vêåp<3“ eqÈ0˝fo*l5ÕÆ“é£J¸ U‡5yWÄÖì3ySa®ﬁmvêåp5@£¬j(ÚØ
=ÆfNíß7Áy‘QéõvöHröä1ˆQÌ˝fo*s~wùE‡pæ±CEÉî‘Qè∞BèoÎ3ySõÛºÍ(«À<õ CI
1ÛçD(ˆ˛≥7ï9ø;Œ¢åwêÏ(¯§rê“Bå|„Q
=ø¨ÕÊGºÍ!˘d<kGîÜícÁòê£€˙‚5fÛ®ÑcÚ$
º§4ê£8ÖHbBèoÎàÃ°3y–PÑcC‰µ:HQèíbQ©âˇ ◊ôBfÛ†°∆áÕ$(«…1(‘ƒá{÷rŒÇÑ#dP£ÿBå|ìQâ‡;ùß!ºË(B1°√kyV∂¬»Ê!§Ö˘&£¿w>Á†Ñ!¯Gé∑Ñ(GAC3YF>Iº´“`Ó|ŒAB1èÑ 4ÃÕe˘&ÚØIÉπMÂM¶Ç£md335£d“q<gaº©¥–BcC·¿Fd335£d“q<fÉêﬁtÑ#Áû ND5}í{^≥êﬁtÑ#Áú¿B:úàj(˚$(ˆΩgÁAB1°ÄCÑ‚!±ıHQÌzŒ2ŒÇÑcC· àÜ«‘1!GµÎ9»Ñ!G·Hqò–q1ˆwΩg!‡ôÑ>Å°ÚQè∞CΩÍ27û9C·LbÌ8
öUÙÃHpﬁc#y„êÑ"Ø¿Ü1vúM*˙f$8Ô1Å»C«!U|£òÅÅ#I†©†Ö_H»á¨¡Í9xÂo~¿bC¨–T–BØ§dCÄ÷`ıúáéQ_$á9'ÇP–Bc¿yÄıúáé|3†Õ!F<êxåi>t÷BêÿÚ∫»BØ§dxåi>t’`ƒƒÜ«ï÷B}É¿|cIÿ|UÇÿòáöBØ∞qü“v@éF!Âî!Wÿ8çœäj;è@Á1»¿ÖÇd*Ï8L
úáÄ¯¶£∏Ù`1»¿ÖÇd*Ï8Ls¿zŒCËZV9!C†ÜnÉ}íé≥çÎ9¢%™«"§!‘p£ÏîuúoQÿP“CËäïr*BD2cÅÅÅ
:HxD6c®»⁄ıÕÖ$>î´ëRÍ!ìQ“C√6xMØQF£Á¿ƒÖåuÕ¿Üd(—ÚÕÖÁ®Ü£QÛ°kbBéF:àk!ô
4|≥aGπÍ!§‘CÁHfB1»¿ÜÉ©°CA
4}b{û¢MD>xÃÑcëÅSBÑ3!Fè¨Bès‘CI®á“êår0!†ÍhPÃÑ<ÛaG®¡¡Ê!§‘CÈHF9–u4(fBy∞Ï0pyài!§á-æ<Öåh7ú‰#>y†¢ç$>îÖåh7ú‰#Gœ(‚Bès‘C_ÁÄ¯rHQ»¿ÜÉ3IRwî<•Á®Ü&5~xï!G#Õ$9I˘£ºåJî{û£#ÁÂÚr0!†ÃÔ!GŸ<®»ﬂ˘˘C2HQ»¿ÜÉ3ºÖ{ÄıœìÑÖLHo<è≤sö^£#yÙ§(‚bBè £ÏúÊñ'!ë!∆BéEáI2vûa‡=G!#‰»Q»¿áQ2vûa‡>)§Ü◊„ç$!‰`C 0!GŸ<≈4ê‹|i§Ñ#åyDjBè≤xü˘˘≥IF9Á9ê£Gy®Ó0;?ÛÛfíår0!Œr5!FéÛQ‹`v>)´Û‰û·«#º'#B}ì&=/äj¸˝)«#º&√CB}ì&=.'ï¯˙RéFáÑ‰hBè≤d«•Ûˇ ±˘ÚéFáÑ‰hBè≤d«•Òè•!GQsÑ¡°
>…ÅF=/ü¯¡˙uÁ70hBè≤`QèKÁ˛>–Bƒ(¯D9îa≈ÖJ<∆ü˘¯SAs£·‰jQÑw<r(Û>Ê_Á‹k!	“`QˆHT£‘Ë<œ–∏÷B§çJ>…
îzùåC…<Bn(È!ìK§¿£ƒx‰1zùáÑC…<Bn(È!ìK§¿£ƒx‰0c‘Ï<"q∏£®áI∏–Q‡(x‰0z›áÑC„é7uÈ7
<Ü[∞Ô(”ÛÒ˜ø
ê£§Òh(êÒ»Q´‘˘e~~à©
:O¿“Q·!„ê£W©Ú 4¸˝Rtò0Ê4ªJ<!„ê£W†Ñ|≤ç??DTÖ&9ç.“èx‰(’Ë!8áÚ§(È1<≤xO ÖΩO(éi
>…
<'êBç^Çé'Ñh¸¯O¡ê£ƒ¯&D(Ñ|bjÙëƒ“Ùö?>Ñ(Ò>	ë
<!ÖΩ$q4æÁ¬!íßäBèƒo(`Bè	Ö±¿‰#âÂ~|"EOÖ'àﬁP¿Ö9
5cÅ»Gò‰> ÒHQıLF<$<rt»Gò‰> ÒHQıLF<$<rt»Gò‰> ÒHQıLF<$<rv»Gà‰> Ï4ê£ÍòåxHx‰(Ího!L#ìÛÙ§(È<√xHx‰5e3AÆ÷œÛÊÄzN(È<√Ø	Ü£å£∆h9??u£§ÛJ<&”¨á{∆C3ìÛÂêÔ:àQıLJ<F√¨á{÷i5˛|ªwõÕd(˙¶˚'Ä‚CIâô§◊˘Ú@<y¨ÖT¿£dá{â
Ü&'_Á»åc‹u£ÍòˆèıÁ˛|Ä∆=«Q
>©ÅhYÚ?>8cÏêıÃ|ﬂÎ"GÁ∆∑írêıÃOõ˝dC5…⁄m¸¯∂˜»ã˛≤4ê©º€˘˙c¸_ıë¢¿TÏ¸¯D ˇ X˝dy?üˇ [˝dy#{ﬁ˜ΩÔ{ﬁ˜ΩÔ{ﬁ˜ΩÔ{ﬁ˜ΩÔ{ﬁˇ ◊ı{ﬁ˜ΩÔ{ﬁ˜ΩÔ{ﬁ˜ΩÔ{ﬁ˜ΩÔ{ﬁ˜ΩÔ{ˇ _’Ô{ﬁ˜øı˝^˜ΩÔ{ﬁ˜ΩÔ{ﬁ˜ΩÔ{ﬁ˜ΩÔ{ﬁ˜ΩÔ{ﬁ˜ΩÔ{ﬁ˜ΩÔ{ﬁ˜ΩÔ{ﬁ˜øı˝^˜ΩÔ{ﬂ˙˛Ø{ﬁˇ ◊ı˝_’Ô{ﬂ˙˛øØÎ˙˛Ø{ﬁ˜ΩÔ{ﬁ˜ΩÔ{ﬁ˜¬˜ΩÔ{ﬁ˜ΩÔ{ﬁ˜ΩÔ{ﬁ˜ΩÔ{›‹–ÖN≥ŸΩÔz^ˇ oÖv¥!Saˇ ^˜øÁ¸8CYˇ õ-∞Ü&G¸wô?‡{ﬂ®»©˛‚zFEO¯&÷Ó*≈'9˛ÊQnw‰?⁄o•ä'§Fß˚ëFá1≤ñ∑ë{ˇ §≠c+ﬁóøˇ Z⁄ÛÎﬂˇ éÀﬁ˜Ω˛¢˜ˇ ¡S˛(µ≠óµ≠oıˇƒ                ‡ˇ⁄ ? ˛ˇ ¸¸óˇƒ "        0@P` pÄê†ˇ⁄  Ú7ΩÔ{ﬂ˛J≈áÒa¸Xÿ´ﬂıﬂ¯÷∑ÒI˘5ÔÂûqˇ ñµ≠˘!¯!C{¯CB\v∑‚◊á¶?ã¯‡y+À·Ω¸ÕÔ{ﬁ∑ΩÔ/J∑ø˚µÔ{ﬁ˜ΩÔ{ﬁ˜ΩÔ{ﬁ˜ΩÔ{ﬁ˜ΩÔ{ﬁ˜ΩÔ{ﬁ˜ΩÔ{ﬁ˜ΩÔ{ﬁ˜ΩÔ{ﬁ˜ΩÔ{ﬁÙΩÔ{ﬁ˜ΩÔ{ﬁ˜ΩÔ{ﬁ˜ΩÔz^˜ΩÔ{ﬁ˜ΩÔ{ﬁ˜ΩÔ{ﬁ˜ΩÔ{ﬁ˜ΩÔKﬁ˜ΩÔ{ﬁ˜ΩÔ{ﬁ˜ΩÔ{ﬁ˜ΩÔ{ﬁ˜ΩÔ{ﬁ˜ΩÔ{ﬁ˜ΩÔ{ﬁ˜ΩÔ{ﬂ‚˜ΩÔ{ﬁ˜ΩÔ{ﬁ˜ΩÔ{ﬂ˝ø€˝øÿGö˛˙k/Ô¶±àŒ˙s∞y‚LpôﬁSﬁ:Ád‚ê∆P¿F8/|ÆôÂ
¢3åBÖwLÚÖ√BdÑ5óî˜Hv»yí¶À {§;d<…SeÂ=„∂CÇ√Æk/¶hv»p^¡¨læô°€!ÊN{Èö≤dÁ¥9táláô9ÌC›!€!ÊM”IÂ=∂Ñ;d<…Æ˝O)Ì¥!€!ÊMb;•hC∂CÃüFÅá“¥!€!ÊO£@åu⁄òÌêÛ'—§√Y°ÈéŸ%∫á—§√@˙}AŸhCÃê’(√@˙}AŸhCÃê’(√YÂ4;d;áô5ä0÷y-v»w7√≈Mgí∆:ÌC∂yìX©¨ÚX¬ß]°vœ2k/,Ì4!‹<…¨lºñái°·ÊMce°«{ƒ;-M7√∆ÀCé˜àw7√∆ÀCé˜àvX–Û&±≤–„Ω‚ñ4<…¨lºñápápÛ$5Móí–ÓÓdÜ©≤ÚZ¬√Mƒ5Móí–ÓÓáÖ!™|tﬁKC∏C∏yìX¯(ÈºñápápÛ&±jºñÜS‡Âê€8'ô6çWí– |≤gÛ&—™ÚZ¬¶áô6çWí–ÓÌ4<…¥j¥9&âÃ;M2k´Cíhú√∏yìX£CU°…;Ñ;ÜS∆é±FÜ´Cíwwßå5çóñC∂C∏yìT⁄yd;d;M’˜çSi°«hC∂C∏yìT⁄hq⁄ÌêÓd’6ûYCdÃC¥–Û&©¥Ú»j&FÑ;MC\’6ûYië°Ÿ2sﬁYië°”CÃú˜ñC§}±Ñ;-yìûÚ»tè∂0áláF¸sû˙V0áláô9Ô•cvŒô«9Ô£(∆¯|a·OÉñ˙2åa
ëÒáÜ˘rﬂJ∆ s∂Á=Ù¨aß&÷∑ú6Mgé|ùñ0áTÍ0æÒ≤k<s‰Ï±Ñ:«LƒQVß=‰Ω∆4159*ÛåG√Bß=‰±Ñ;,hbjrtå≠nú˜í∆Ï±°Èàh›9Ô%å!ŸcC”–!∫sﬁÅ’cC¶tÉËÖoíß=ËV4:èD˚(À˝ê›9Ô•cC‰Ù¿Q~ò–›9Ô•cC‰ÙÑ
_Ìç”ûÙ´C‰Û&0(·cCt◊6Å’c|úC™a ¥∫‡cCt„òJ∆á…î◊!‘!≤nü√æ`}+&STáXá–â∫|ÏêÊ4<È†4Õ”ûˆHsSæCL›9Ô%–9≠)ë¿7Lg‰∫5°Ê∫c8è0ƒTÊ1°Ê'¬ÁcCt∆qYENc`˚!ÚË1°∫c8è0Áÿ–Ù´¶2çóñCúccC—.ì¶2èÉUÂù∂áù!V:lhnòÃÊ´À;m“]ç”ú’ygm°ÌX–›1ôÕWñv⁄’ç”ƒygDƒ–—1 wm±°∫sﬁY—144LgôcCtÁº≥9Û\˚5ÿ–›9Ô,ŒC|∆∆áó>Õv47N{À:&45»wC}ç”ûÚŒÅâçkZ‘8hnú˜ñsäH∆áëºµ_≥]ç”ûÚŒqC	–ÚG¬˝öÏhnú˜ñsäò–„<ª/Ä◊cCtÁº≥úPƒ∆áÁ.]ç”ûÛqMOrM”ûÛqMO"≈‚õß¿ÚŒyLhB>,‰1°Ñ‘8Êñs»bcBÒÀƒcC	®s⁄íG ∆∆»z√t¯9mI£êccd;§9∆Èr⁄¶°qçå!êÚF…”û–’5såla<lê›9€À!Ùrmjûå›9€À!Ùr§5OFnúÉÌ° 9∆R‡›9€Cîså§<˘≤nú˜pÃ√Ï‰⁄'¥7N{∏faˆrmì⁄ß=°…!Œ3‡›9ÌIqò˜Èœyd9∆R‡›!SpŒÚ»så§=¡∫Bß-◊5}KÓ”ûÎöÑ>é†{ìt‰mfâîÜCÑc‹ê›9€C¢e!ê·HËÜÈœhrHså$<€!∫möçcLá8¡ouÌ›6Ãß€CX¯3êÁ%Ó›6Ãß€CX¯3êÁãŸ”iÃ}º≤„√™√∂Ct⁄so,á8¯6R‘Ìê›6ÌÂêËêÓê˚!€!∫l€ºe!Ïó‡álÜÈ»>ﬁYJcV?$;d7NAˆÚ»vHrÃkÙC∂CtŒlüo¬C¥tHRÎˆC≤∆›!«>ﬁàı¨U˚!Ÿcnê€t⁄£!ÁJ™∏HvZõ§6›6á(»zƒC≤‘›!«>ﬁSßõ!G1‹7Hqœ∑î√)Œø:ÎîÓ§5Õvá!Ñ=J‰hv»nö‰5⁄Ü‡ãçŸ”\ÜªÀ!gõW@Ï±Ñ7MrÔ,Ñ1ûeã¢vX¬¶πvÜWpÜC\È∆|.ë”0õ¶c	vÜWpÜCT§CU]3¶a7L∆ÌÆ·>Ué©“!Ñ›(kÌÆ·ÚÁ ´S§C	∫P÷5‹Ó·5»r.Æ£B#”\Üªù‹!æˆ.´B#”\ÜªC+∏CœﬂY°”0›6vÜWpÜŸ4–ÈònõªC‰¿ÓŸjlúÖÿhv»nõªC‰¿Ó⁄6Œ=ˆZ≤¶¡ÆÓ»yµ⁄hvZê‹6wpŒCÕªmÀRÜ¡ÆÚ»kêÛÕÀBÜ·∞kº≤ÁühvZ∆¡ÆÚZ’!¬;ÕëÑÜÈòƒkºñÑ5HpéÛC§a!∫f8/%°l–ÊôÕ”ûÚZ“=#Cög7MÉ]‰¥!„Œ;C∂Ctÿ5ﬁYU~ç÷á=Ü&›(kÔ,áô7–Á∞»nî5çwñCÃõåhsÿd7J◊ñC·F˘C¥nï9è,ÜC¡^fÖ—∫T∆p^Y}ê‚¥<…§8,áâ(≈©+CÃê CÄËd<[Rß°ÆqM”9¿t≤)aYÆqM”ûËd!‡Ã',∆ôœt≤g¬¸≥√g¿Ëd<2ÆCàCÃs†mêÀî‚Û=¸TÃB≥¶sﬂ≈Lƒ!€7N{¯ô†B≥t¯9o,á∑!Ÿ∫|4ûXa¢p»C∂nõå4ûQ-·ÜB≥tÁ¥6LÁÉ9bñ0ÜÈœhlûH‰àvX¬ß¿ÌûHÎÏµ7Ms@¿ÌûHÎÏµ7N9Å€<c€a⁄jnüxFlÒßiái©∫|º3Ì€<SBÖJ=áD¬‘›5ÕÌ€>œ
BÖJ´œa—0µ7MsD˚vœ}EN)ïái©∫r∑qß—ÙT‚ôXvöõß9é„‚»}ê·î2¥;-M”‡è%é„‚»}ê·î2¥;-M”‡è¯wmo{¸4!À!åaÀSt°A˙·°YdcvZõ•rÿ˙rM&·ú°§qZõ•cNCÈ°Ñ‹3î4é+St°æf}+CÌ°GÏ‹25(isx°æf}+CÌ°GÏ‹25(isx°æf}+`:ÖM#ä–˙6	ôÙ¨aÄÍ4é+CËÿ8'Ÿˆ˙V0¬U oïhPÏê›>”Ï˚u"∆JπMÛ‰°Ÿ!∫|∑“¥;√∏Ct¯9o•hv
1ái°”‡„ïcÈX√Ì°ú”>œícvœ≥\°CéUè•c∂ÜsL˚>HQå!€>ÕrÖ[ÈX¬L!ú‡cv»}Á=Ù¨a¶ÁîcvZ˙5ŒsƒyÜ0á”õBá]°“Ñ9lhCÊ¬L:m
vÑ7J‰cîÒFf0á”ÅF4(u⁄›>9V>\Ã∆˙a–(∆ÖªBß¡À|[¥–áeç
vá¡íá5˚!·ñÑ;,hPÎ¥>lî9å~œ<–áeç
vá¡ìú«ÃôÏ±°CÆ–¯!≤sò¸êÛÌv∆áe°ºs⁄êÙ-v∆áe°ºpˇ ÂBâ°ià£ñÑ7Nü¸®z6Ñ9¶"åhvZ›9Ô•jbxf"≠ÀCtÁæï©â·òä¥;,aºsﬁπ9Ù∆ÖYà£ñ?$6N{Áœ¶4(rÃE–Ï±˘!≤sﬂ2}LhPÂô–°Õ11°ShÁæd˙>ò–°À21°CöbcB¶—œw}1Ñ;M·lú˜œüLa”C∏|%s>}1Ñ>&¡ˆC+C∂C‡Ÿ(Cò˘ÛÈå!a7»g;d>íÑ9èü>ò–ÊŒvZ°¢ß1ÛÁ”SòC+C∂BÑ6äú«®rœ¶§1ú#Séi∞©¢ß1ÛÁ”RŒ	ë©«4ÿTÜ—Sò˘ÛÈ©ê‡òJµ;Ö
$9œü>öôQVßp¯6Hsü>}1°ŸhCÃî(rﬂ>}1°ŸhCÃî(rﬂ>}1Ñ:Ø—·∫PÊæ|˙cu_¢√t°Õ{G ˚>¬WËáô(s^—¿>œÜ0áU˙!ÊJ◊–ü-´ÙCtÓ˜–ü-´ÙCtÓRæﬁ—ÀcC™˝Û& ‹!Öıláô0◊ø€…jw´ˆyìûÚZù¶áU˚<…œygiç´Ùy£ÅkeygpálÛFk[9
9^a˙âî£‰ÂygÍFR]]ˇ Ú˝ÙÁˇ óÔ¶¡ÆÀZ÷µ≠kZ÷µ©kZÿ-kZ÷µ≠kZ÷µ≠kZ÷µ≠kZ÷•≠kZ÷µ≠kZ÷µ≠kZ÷µ≠kZ÷µ≠kZ÷µ≠kZ÷µ≠kZ÷µ≠kZ÷µ≠kZ÷µ≠kZ÷µ≠kZ÷µ≠kZ÷µ≠kZ÷µ≠kZ÷µ≠kZ÷µ≠kZ÷µ≠kZ÷µ≠kZ÷µ≠kZ÷µ≠kZ÷µ≠kZ÷µ≠kZ÷µ≠`µ≠kZ÷µ≠b•w£kR÷µ≠k[Û3ÜP¬òO¯Z≈a¸RBÒXˇ …"‹Ä,Ù»˝ÃÄé—ÇèÓd(Ìÿ%÷πnœ‚√˛¿≈á˛>Ô{ﬁóøÍüˇƒ                ‡ˇ⁄ ? ˛ˇ ¸¸óˇŸâPNG

   IHDR   Ä   Ä   L\ˆú   sRGB ÆŒÈ  ›IDATxúÌ]Õï!ûı€:Rã˚HjHN[≈û“C
ôVíF6ÁMf˙EÎ{>¨◊Hií ˚Â„„c3√∑∂m˚ıÛKÚo·f«:Å¡´∑ ‚~;˛ﬁ˜w∏q@gΩüˇ	€‡)PUM˜ŸÚ?
Ùµ∏ ’<>íõ÷~Q·˚˝ÌÒ“Â©“FN4√z ¿B˜!ÍNöû›ñºI∆kıÇÚÄÓáóC.˜]O2d ¸¥j¿axÚWüË}ºêLö† ƒTIRgn<Êı5`ò6«tt—Àæø+ˆ[U:ûˇ‚aË¶Ôc@5me
¬x±–Ïºˆîªz ±"6Pü=Ì&üCŒñ¿F]Û"uîZÀ=Ü∂
Î©x\Ç¯ôp¥ë`–íŸt¶Çô+$b≥¿Z˚<ü´DA’(c¸HtApGÌKZ∆∏‹äq›•RL/—˛—EÎS$Íy √íå¡ÿÕº¯"%IÜ÷ñûCâ¶ê$n√†)Ì$¡ öÇêjïk?lˆtO0Q‘ÌR=ÑÂL%®‚)l ”à¢-ICßä1aî-I]êbÄêT∂Y∂:¿qU∫X”&B¿i g§úÒÚı˚ooûÈŒx…é¸∑Ù wà†~ú6H_#Q7 f¥GÉzŸ◊`TJÁ—"˜9µé4€ıÏ#Jpë≠´Æ≤¡’‰{lqŸG‘‚â‹9á{Á¨É≠"‹Æ|¸ﬁ4.i…’Pü8JrÌÀÅ_1ò¶-<¡ deáßÀ‹µÄfÄâ÷dª´©&˝(®ƒ‡x_•óáè?Ñ€üÿ≥°d[ÍóìH'9Zm¢,¬÷ô›ô2{¢Ú◊π‡æFŸ°uZTÀ·Z™#Ãr±Åı·8£´ŒgãÚò‘◊ _Ã‚Ög’√π1)t8W˝fRÍ7—Ï†u#±≥;ü˚®FOó	G√öP?√lG≤¶6˚ÛπT¬(âØ™Ã√£ıkb»~ëÍ.[ª@dÂÆ˝çÁó¥ŸÂ»m‰a„4¶Ló4Aû¿Ûß j“‰{œ¬gqË∞™ﬂH¯—Q–b™ócŸ<`‰˝ g§8#ÔxÚﬂ“‹ëp∆',p	B2‰≠ˇ·Ì‹‚Ú«têCÀÊﬁ™Ãh…0¥l˛0aÆŒ¯gÄ*eí!`hŸ¸a¬[˘¡å⁄@2-õ?@¯Zm7/tœé+ÚoÊ‡åXX °"ê$"≈ f¬kC≈¿Üô∞;‚'"Îg¬¶âHX2¿f|?@h`ÛL¯ 4∞y&úË"b&0∏ûR,∞ç„Èw∆oΩ¿ÛH$U&b<I.ã\Û<I4[`«
SPú€’<èDRe"Üœ#ëTôà°†Ri–eÆÊ”!Ô8#=¿y?¿ìˇñ†j≠¬¡ ¶µ_ %á(µ ”ZMó…Â≈f’‚ﬂzKÆuEd?≈¿[]*òâÑ’Aã/†o+®öÆ⁄ Ïúp—ÊŒïøê√ÅŒ8îˇë<è¶µö™Hå'î—^bÉÎ1jﬂ‘ÓMk5Uatm@]∫∫Ìˇ◊Çx⁄g¿¥Vc
ã)∑~GÏÃFHvÒºÀúˇu5√û}ÏƒØ9¬Ô,ÁŸÍ!©∑YÙ´vHäπ;∆ê!kAü¿∂≤AârN∑WG0Y9U∑.Õ,˙eÔí[HryçÎµKéåè∆ÉdÉ á9†5 &êëzŸ‡êß*sZ/¬£‘BYí%m« ¯äq®Q¡Ô–{˚7ñ†)à∑g≤6‘áô[íŒÄäqío|i¡qKRÂ0Öso«tÏπlI≤œqb»Wæ◊É—e`ë+à ˆ⁄o‡„iª¢U¡∂Í6Ò:@
º’¢ùVv:&/´
Êp2éó:T©8Áp<}ﬁ-Id9⁄i g§úÒòﬂHÔ°ˇJ    IENDÆB`Çˇÿˇ‡ JFIF  H H  ˇÌ$$Photoshop 3.0 8BIMÌ     ,    ,    8BIM    ˙Z %G       	astronomy cc0 creative commons creative commons 0 image 	landscape mountain nature nebula night outdoors outer space 	panoramic photo public domain scenery sky space 
starry sky universe7 20130801< 003429> 20130801? 003429P Vincentiu Solomonn rawpixel.comx ÄA starry purple-hued night sky over the silhouettes of undulating mountains. Original public domain image from Wikimedia Commons8BIM    !≠         £    È   !ë  ˇÿˇÓ Adobe d    ˇ€ Ñ 		



ˇ¿  £  ˇ›   ˇƒ¢            	
         	
 s !1AQa"qÅ2ë°±B#¡R—·3b$rÇÒ%C4Sí¢≤cs¬5D'ì£≥6Tdt√“‚&É	
ÑîEF§¥V”U(Ú„Ûƒ‘‰ÙeuÖï•µ≈’ÂıfvÜñ¶∂∆÷Êˆ7GWgwáóß∑«◊Á˜8HXhxàò®∏»ÿË¯)9IYiyâô©π…ŸÈ˘*:JZjzäö™∫ ⁄Í˙ m !1AQa"qÅë2°±¡—·#BRbrÒ3$4CÇíS%¢c≤¬s“5‚DÉTì	
&6E'dtU7Ú£≥√()”„ÛÑî§¥ƒ‘‰ÙeuÖï•µ≈’ÂıFVfvÜñ¶∂∆÷ÊˆGWgwáóß∑«◊Á˜8HXhxàò®∏»ÿË¯9IYiyâô©π…ŸÈ˘*:JZjzäö™∫ ⁄Í˙ˇ⁄   ? Úˇ œl»ï/EZéU•G :”Ω2Tï·©†4*pà¶ë)l%Qt¨m´˚ﬂLÅ'Ú	€óœ,åY ﬂ’%,≈[–b ØM™ΩG‚1‡˘-(»à	Rµ44a_†‰$Bîj+øAëà»(ı P}ê:uËwƒ©XTöΩ(§˝FEπ£t4qB@ È	™∞≥qx’Cs¸!òq¯∂=GΩ2qd®∞≥Å@|yØsA€,·U"Å∑°≠*z‰HVö=™OV◊ZÉ~Ωæx)Z5&ßÆ4˜ÿvÔëUk©⁄q)b8÷>1/
‰√ˆùá⁄⁄∆ïA◊oñ/0 !a1Ez‘@=9Pä‚UOé’˜È\+©±˚ÒW<exÓ!]çz¯˚‡V∏Ù©ßlU√ç:oJbÆ*Jñ„◊à>˝qU§`VÖAlF*‡H©˚b≠ZúP‹ê…Dd,(`EU∑W±¿´iäøˇ–Û QA„ôTŸN
“¥aEØ·ÛÀ"»"°@@#Ì|≤¯Ü@"íi@BÀÛÌ\òã0ò±…Î
N *cï>5a]èQ’? »úÌx∂ÅñG+”±¶còµ“åÓ è£}œé˘Xí∑ä∞EV55ñ 7ÿÉ_ø!Æ#ß^¯“Ø„@>„ÜñëñﬂΩWO\ƒ‚r¿ï¯aR†ûΩ(øµÒ|9h;%H¬…s…Ó•±ö“¨ÇÑÌ¸•Ü
U ¢µ
¸´∆ª‰PÈ!ê*πÜ˚&ùi∂V¥¶F’>>
Cò¸ q£j}±U≠C–Pw¿´∏2Ω
öé™√ıåVö-(åFYΩ:ñI„Rƒâ oÇñõx]Q]¿N@î®° v8“ê±ê®ﬂ:`§4A††≠0R≠†ß|VõP O$U©Z±
´<¬HaÑG¸¿ïã»ãVC˚TËø ø
ZQeÁæ%KD!‰jE¬)Zûò¥U¢)˝0*ß	ÊWzó†‰Y∫(!@=´—qUbØˇ—ÛB¸5™H†&ªB7Ã⁄mßzgëÆ›˜Ôç&ï@ßè|ò	jµ°&â“§Tedﬁ∫ƒç
=E¡<ªƒ°MÄ£û‡EdL®≈Æº≠ˆÅ˛_Ö™r~(¶W≥wï‹1m…•zuˇ o5‰í\r•4L§˛=È±ß”êêAB∞âS÷."‰=_L·+ÒqÂA üfπbÊJWà¯ºI•xÉMÈÖ-«±ßø\!B¥\VB\	#‰qÆ«Ω?ÜL%e6°ËzuN%ö)&r§ƒÃcW®˚j#«Ïú
€˙"s(Œ ™·ç8I+«âﬂˆÒ™;ëSªw≠ 8±4©¶ƒx˜,ät¨¨Mäì∞∞+â.‹≥IQπﬂjSrM|)Çï•%C†í
—Öi_äYŸ‰%ãwjìQ–ı≈V v‹ù«›Å\ îR§ÉOàol´J’k]¡˚>ÿêÜ®º}*˘bEH »≠Í)bäIe<à‚ız[~Œ4™u%π7ƒ{◊w„Z¸UÈNﬂ<i]"√EÙ˘Vü*Sïfù©„âÆä∞ä‰i\A5>“∂es á·‡¨\|#ïH ¸TÂM∫W‰áˇ“Ûu	 ˜Nl)»•¡*}“Æx“äA%ˇ ht°Øl$löW∑c≤±ßÍ…¿” ãE†ÁJÀÀ~„ç)ñ´dÑπòö ¢*(Z)mˆ°&ßø|†ñ?’˝Aı~e8≠y“º®9SèÏÚ˚?‰Âl™UXæ‘;¯˝ÿ™ﬁõ·˚ÒZióÏéÎZt•1(r≠~»€j˚bXé£ûŸ$∂^U‰	#ê‚√ƒÜ%VìÒ⁄Ia€Ò≈i∞¨X ¯í◊Ó‹å4´Rdë÷úc ±®
(Ás€"≠•P*?ÃWB“´]Î«€≠p+Az§Ù˚„KJ¢ﬁvEuçŸfc?yH(JÜË[‚]ø ≈E£+±Í>–ﬂoû•ÃZEÿ(†‰*≤úhk®¶Ù°¿ÆTµ4Wπ∆ññÒ˙{‡W.‹∂†ÅQ¯‚´JÓH`Cä„Jª–ôÉêå}5Â!‚~$
üR1§“ôSπÌ€b—]˝ºpR¥€Ù Sl+ˇ”Û≤®
IZ±Î^î#€6ï≥íÓ*†o„ÅW¢4aΩ<)ÜínEHE¯v©4Æ$§ÆåÃ©∆ø›AﬂÙ™Oeµ∞ÀÏÒ#©5ˇ çr$ Ö4B∆áßé "õô=UãÇ†ñ )ÂJûÁ£¡`!)S|_VÊ	PJˆ;äxç*ËëT7"îsÈñ`I^Ñ∫ÅÚ¶™Qkﬂıa[ ^˝j}ÛVäJoQæ4≠uÄ!´±^Éø\UOçk±4‹‡§SòÑ◊∂*”FhiΩ?V$-8 h	˘Ù¿äk‚*r†◊çM7ÔÛ¡JÊ]…°PzWﬂJﬂâA#aﬂñ)bfâ«r^¥⁄£ßœW0OH ßü#…´±R)ÛﬂS„”™√Ë)S4E–»+q'j˜¶˚Ùƒ*»“2≠ÃêB’i∏'mé‚ü<´
≠˝˙{bá1v$≥$P±'p;cJ¥çáÜZwCQ˜`Wˇ‘Û‚√(p8êi î5‚EkõZ.X
êFÉ„e«^‚ï⁄ô(≈ +: ÃZJΩ(	s^ÄmÖ4ÿµı4ï“ÇÄ·‡±∫xU≠Ù–h[v–ç©ÌÜ8”≠æ∂D‰ÄJzc8Ä≥An»æ¢êÑ∏4 ∏ZÈFM«T~…=≤$1R‡<>g#JæH„Yêj¸;Ú]»∂•Hﬂ·¬@CÇ)mˆ©„†˙p“ioN¬ïË>x)r’XêhGq€ÂÖ\âä®"ªı≈Zp›¬ΩB◊`ˆbÆZçèÅ‚ W¸∆!
íkM˙ÌÇñõp	3„ÖVÄ‘*:éE[‡‹x”`jv®Ò¬1f‹í‘ÿT◊a∞¿≠„ZN‘⁄Ωq•u)™nM+^îˆ¡IYƒÅZt¿Ü¯  $Ù4ÔﬂliT¯û¥€ÆTÙ¬≤	1bæôØ  ë€èˆz‚µí'£ÿ7V°≠WuÌ˛Æ*”Ä“9ì‡54UPI≠˚.5ﬁ´ey%~r1f†=h¢ÉÓ›
dv¡J∂ò)ˇ’‡©åú»‰§Êw¯Ä≠+€l‹’ÕDG
Û‡Bı ÌOjeÄn»4hÆxµEv=0{*™∆d®ù*+„·è4“2‹›Yd}E„≈¿oÑ˜≠æY∑}I‚ñ_Ç5J†âjTÒoSøSë…Eåê TH§I{äw5 ¿°l9!8|dûá⁄πU1¶˝=ÄÍp“”§HF#ÁœèÔyRú˘±OŸ„«Ì~÷BëKJÓ;‘¯dï¶P)M¸q•qåïÂQ€`wˇ =±§9„d‚YHºê∞•GJè§b≠RP6¶ı>¯™‚d~<ôè‚ÄùÇÓHÈ◊Æt"°áÆ˝©∑N8“≠(Hˆ¢ñÒ®Ø”ç-/1≥Nzû5oaﬂæÿ“≠10 Wb’Ÿç*⁄¶Àﬂﬂ∂E0,jw'rNˇ N¥˙Å±˛“*OA«~ÉW ~6 Ï›=˜¿´Ω9§yú€s'Î'√µZˇ W√ÈY@>ª$±°@ ß√‚[‚¡HXÒ®î¸5‚+@vˆÆ$*◊
\ëN$Ï¬ü~eÂ⁄£sJÙ≈ZS¿Ú†;Spﬂn¯ˇ ˇ÷‚í-„«7+!H¢≠¢ëƒr^£oçMXå‹F.},çåÄG¡y
ë'F•:Ÿ+JßQH‚≠v#~ô*¥“*$~Ó Êœµé¶Üù2@w&õí)UdFzïb™z„∫—PéÖ^>r∏!*P“ùùQK'µÑ°„±˛_û	D Ñêˇ (¯áZwß|§ÜÔIÄ˝∞R“ìFH˚4Ò=R“ﬂN¥Ò∆êÿ†âìà%à<œ⁄ØC^ıﬂ"ö
 CoC‹xw∆ñùÈìPw+–u€€[È‘◊7√â ˜!]È∞©'ZmWé‡PÓ∏;a*‚¨—ÏAç)D4≠÷û=1ÊßÈ˜;`U°`kä”∏÷¢¥©Ëz{`Zi÷ïR¥?à¿¥ÿ^!^>A®VBH°$ûﬂÀ««™E7ßJ‡•hØﬂ–ú•‹C2ÇD`—yoƒv©•p““õ-I4¶˚˝πÇ›\IÕ~=8ä
Rù2@•©c`±_âj8êH#‚ßF˘‰J“ìG‘x`!µ”ë\(bÑ®4Ò¿áˇ◊‚éÛ7fc¿qJì©5†‹Ê‡ªVU¢q PëZ±≠jk”$ ëFlïp¿ÚÈ⁄î€|ò	·m°î‚µ‚FÁíp¨åRSRçG
GcMòV∏	AL&∂IÙ¯ßâÑlß*~—#z˝„2ÃÄ,»∞í0‰8íC≥QZízƒëË“π Ï‚ÜÄÓıÔÄ&ö{~2ˆïzë∏'€ç≥ÍµR‚ÀZÉ∂"(•7ÅbïïYdPÜÑxÄ¿dCû„R?fª{‚Bê≥”ÿ|˙‡E4Rù1Wz~_@¨¨Äñßﬁ´C€zoÔÇëNÙ¿?‚ù¬“–ÑtZ+C”¶û5˜ø∑•E±I©Q	`u
◊q”ÌıpR)I¬≥3«¿vƒ¶ñ¢(`Xr ÇW•|EpR”@ ï<æﬁ’†S+øèÜÇA
@zöˆ≈V˙d–S~ÿK‚ÜWë9;(PXÙﬁÄW∂*¶ËI k∏Ì_ΩÒ*V∂>¯¥Ø_¥∞ßéXVòøˇ–„—ƒ¢º´ÌO›srµ§TIaE5®˚2¿wHøMœ£
©Ezoê4ÃqÈ∫˜ﬂo}≤ui§	”ùÊWòÍPxˇ VTb¿¡´¡ËO,q0hjB2◊â ÏG ßqáàÜ†§åô9◊}´LÅE"'f£’I èócí!ï9‚b(V¥ËqZ\ñåÂÇïQùã0QE W´*˛÷≥≤X¡.˛;‡;°M-ŸœBÕBHöS”¿dNÃH•èANò©<'nõäˆÒ¡KJâbX+$±w‡X)>|G„ÜîEËÀµç´lŒOGOåó
‡e·û‰3FÎ≤Ò>P‚¡Æz∏≠4ÀRM Øa”¶Ω0zÓo◊ëE7!y≥¸L‘=vÿP¸≤E4◊S_⁄#ßjoÅ∞"Ú˚%∂5;{`•ßj¨BìJ∑ xüøZ_ijjQ*≥≤J‚5`™XéU]ˆ¯@<ôæ“ (ÙÓ:bTÜ„3F	çùA%IäÄv˘úJ“ó§6$˚W¶äëUc±ÿK
ê:mÅÿ‘Ô∑oû4¥∞!ﬂ®9/ˇ—Ê($ê»ê¨*¿|∏ä 	¯ã˙ıÕ–çr#≥¢µëHo”%ë…m†6Å…>ø©ƒ∆SnkœïzÚ€ç2{€.jÒ⁄«
ö‘+
ˇ a…çõiuƒ;¥T¢–˚˚Œ@ë{5…N» ¥1£Té†Wjåw¶($U0‹˚£+@ƒu¯WÌb¥æ(ÈU§dÅZ]%π¶¿P–èÏ¬B“ÌÍ:n?œÆò®˝]é√È=2 1·Xaˇ û¯ö0u€∂
E4–ï ı®¸"ùÈêAZ´xçéJÎuzÑôŸ{+¸báŸÍ1Mñæ∞	˝Â¥/Ó∆‰ô\
°*∆œ $ÙÖ7^E∑ˆÆ4ƒÖú	5}˛~£Ö¶åVû¯“iiÜΩÈ‡NR√	Îä“„±3ß/¥8∏V¯XTP0"îŸà]¯ç¿Ï	Îä“ŒüÌ`ZZc˙1E8†ßÒ≈iØL£⁄òÛB÷Ñäê>¸'€ÿ‡!iI„ﬂÁÅäôZ@˚∆Eˇ“Äf‚ùœ7vÙ*©jwÎ_êÚe¬ò¨RH8âèR~Ï∞…ü
&ÍŒUå¡µTï‰ø˝∏∆ˆMlìﬁif-PÊøˆ+1¶ôc•∑+mÒoUbeP»;éµ+@W√$Os–[3r•K“Ωkﬂ+¨b™m+!zzt* ?ô¬íÊµ	!zê@Ô„âbcJ!ò—∫v¡eä„
∂ÎπËµËraihÜ3"z√˜U°Jr„ﬂà;r¶@›11ÓPxÖZï"øz”ﬂ≠hH4ËqZl#+Z¿ÌJwÖ∏,dûdÜ5‰Ó@E®'µM$÷ÂVÍm@ t⁄∏BxWMjäá‚ M¿
≤˛lWÖdJ–Ãí®îÜÄ`i¸ ’=õ#[11ŸxíC Åá(}A!Nï q•~–ØCçuÍ¢*oµ@Ø—ä≠ÙIÌZÌ\ii£ni˙∞#Ößå‘Ò˚,(v•GÀË≈§bØQ@p--hÕâ¿äZbÒ⁄Ω1E,ÙH≈i¶åbäXË
¬∏Bôéß√E)2vÎÄ±ßˇ”ä≠π‚ácõõz~TVe⁄!@ºËæÀπ•I˛\&[$ç≠3¥≥Ù§%©!BV™jµ®=«ÜYueb—”[¨…«Å V T–wƒ…DRΩ{L›}54„Ò6¿mﬂ"K¬“∆õèß"$”Kcà°.’Øæ<KÚF	‰ΩIÈÌâ)êQô9Pq≠;‚Kºt5  µ Ïk‡)˜‚
)∆ﬂ‚ÿm–d≠xVµµ+Qπˇ =±%§mZªäwﬂ"ä[ıF?keÔÄ·[ıR;o·çØæ¨Ã(z«
ªÍÁm™z`µßn‘∆÷úˆ{¢†¯“Ω<1¥R—l†ÉZÏ;S¨6‰b§.Ä¡$ÑÄ T(Ó’≠vßoûbFÍ-ïZ˛ˇ ”p≠6ÎÚ8≠,Ùá>Né‚¥¸pZ)I¢ˆﬂS1P÷ïˆ8¢ñºJ“@ÄûÇ§
˝Á≠)<@{{„∫Ÿ(WØæ(•^µ¿X“õËE Î¯‡¥?ˇ‘,[*5:äÏiõN7Æ·Wé‘äTlz·‚O
6Hâ„Om∂¬&¥ç∂â@HiähCPÜÿÌëÒ{©jêG:¬éıtØ—áçièM`∞‰@°ﬂ~õa„k1P{6≠–èº`∂<*?Sìêw€Áç±‡D d`Õ #ôß¬(+Ù·¥pÓ±¨è/≥øu"õa¥¥∂áß∂ıDë¬€Zx7˚±‚^Üƒ”%hX1b{üaçØ_Q;m∂G_S∂Á∑Ò∆◊Öi≥ˆ∆◊ÖØ©•jiN˚ch·Z÷u5A^ü√®ÉFŒÄq]ÈCﬂGõYµw,ºÃéÿ⁄⁄–Ù¶bb¶`*Ø—ç£ÖIÌ®<iç±•Ü'@‹vhÄ4$|∞ƒ≈
Ò{|Ò¥©:ÔNøŸâ,HRh÷ïÓ„(*ªN∏⁄)EîÄE>åäQd^%πoZzt=<këaOˇ’,"Ù‚·»…ø™Fˇ w€ÆŸgå^«{*…cÿ
‰ºd™-ë™0¯»hX—™πb3Rö&‡…SƒÔCπ…x¡/íÕâÈ”$2¢îÕÉm˙Ú^ R8É»|ÒÒX™9HPF’p<Ôáå1 4,Øèl>"xW<PmøZ·3E7˙<Ù"∏D∑˙=çj7Ôèà¥Ÿ”zW@it÷_à/b7 ı€øœàñù(Ïiæi£•Ï6¶>*ªÙP‹ïˇ W#„Ö·m¥í‹G ()∞˜ÔÄg
ﬂ–ÕO≥”¶úZxV>å’›px·
•+«l|`ºitﬁªaÒXh9lÌí!d¥#∑”áçâÇ[oùqk1B…zxÿ“Ñ°ä*öQ Ä‹◊r:˝8Ò0!ÈOßbBD∆ÿ“‘ÔÉâÎÿ‡∂ˇ ˇ÷ì$ ∂ƒmòæ#⁄êÆêè|F4™ Jt√∆äi†A€l<kHYm◊<h§<ñËèæ5•ûåUvHdCΩ5ﬂÊ1‚A˙úgß\>!UD≤SΩ0¯•
Çƒ6ÈÉƒ(^4Ò·◊äUPi¬ï¶ˇ G
t˙1Òﬂ£®ßﬂ®¸r<ihÈ™{c‚%°¶/ÜŸ*©¶'ÜÿEV]%+”"r*†—“ù0x°VæèZoèä®i¥hI<∂˜ª˝¯¯©.∏—–t˝Y1ïï%w:H€|óàº)U∆ùJÌìKç,û…∫S&2£ç/ö’Å91ï™PAÀmøaÌ˛ﬁë¨¡m£‰9ì¬£óΩ=´èàƒ¡	4Û4©C„@p¯õ01I 48|F(Y"˚Ò‚k1ˇ◊dò∫;Û‡áíR†…çh∆î˜ÕY«7∑b≠˛uy7IñKÀ•[¿µﬂ∞g'Ç„9e“úmFø=Øä_ÕäSÂ˘»Pû‚=n§GÜÇ^m0s ÖH

öÂπtÛè”ÍqÙ˝©édÒ˛Ìö€~ayNı¬[Íê ‰T"∞-J”Ø|«> Ê±ÑÒÀî¢Æ˛c“•“˛9!)w|Iµ≠9œ∫åü
Ôìór8BõÍ∂j•⁄Ê5Egc@π9/±1öÀMI∫$[j”P–Ñë[†·ÒËXr ¶1]DO˜©˜‰Nf^:)˛⁄üë<pè	ß∑·É« &6CèéúehqÒÉ®cåˇ V>:8
ã¥’Ä»ú¡ò∆Tç≈®˝µ»¯Ïº"–∫¥˛u»ú…äºwVŒ∏eä6ÏœFâ«$Z5°hb2µ.Á8¥?¥0¯à]»YÖüw¯≠¢2ÓKÁ;¸c$2≥‡)]“ÿo˚¡ì.î›&üøÔe£!e¬î\≈ß‘èTeÇe!)ªM9A¨¿eëëjêä[?Ë·ø÷€lò%®àw†&}4Óñ¢#ﬁÖêÿR¢e#ÁçñGΩ+YïôO”í≤‘x{“c]”,Ä‚yªBáˆG∂H‚ÊÕyóˇ–Ú∏g ÄHˆ∑ÎÛ…%™¯b≠oä# ÇTéå:åR
8k˙“Ä¸Ùèﬁ7oßøò…¸È|‘mıÀ{≈ºäV(‹Ñ§‘‘ı≠z◊æ;0ê7{£5o3Î¢òÓ&„nhMº_u»ﬁøN4ŸìQ9Û;%jJê hF‡é£ê»¨0|—gl-„π*Ä®Ú®wP<	Î˛À `»kÛDU≤MÛäˆ∏jVüXêtöÙÎÛR˚≤π`À≈⁄ÚP∂Oo˘…ÂÔ´´∏ªIO⁄Ñ(n?ÏπPÂgMnXÌ|uø"ÀÛ£ÀÔ#áöÊ‘&Í“Ç¡æA~9	iS’∆{√s˛~È÷‡˝ZKãÉÿÇèΩä‰?'hók@r≤îÀˇ 9¨<‘X§H	˚Uå∞˘/¯€,(¥,‰ókˇ ûæiö∞iw
ëï∫h«´^‡)™è¯c¢ÖŸkÕ⁄Ÿ9A§˛v˘æﬁJj2-Ù'πPé±@˚∞ÀCÀdaÌå±˙Ωh´üÕ_9Ip.mØV8ä—-“5hËMjyK}9t{?w¨˚W16rˇ ÛŒr1§çπ˛Kh£˙X?Î»˛Gz[	ˆÆs◊á‡ﬁâ˘ŸÁ-2NOz◊ÒT÷¥Wä}•‡„èZr»‰—bóN≈⁄Ÿ£ÃÒY0∑ˇ úÑÛÃ\yKk0RInWê=™Æ)LâÏ¸?“e¸±õ˙'‡©/¸‰'ünUí¥∑fP´Hâe`(Yy1nª„œ≈Ê≤Ì|«óJ£¸·¸ÃÅ¡m]¶†"íG˜¯UwÀéãsPÌ,ÒÎˆ&vøû˛iDUæµäÈÅ>§äÚBÃ	€a…VüÍÂR–«¶ŒD;g Êô
˛xyNX#˙›ñ©Ãi,i,N™æ!èﬂ.9étyAÿ¡À±é∑HuOŒ^ÊU”4ÈZ”ÅΩÃÙìüÛ2†+«¸öÚˇ +2qÈ•[ëm;`_¶;H•∂ˇ öÁ–uæ±g∫°‡K¡	Ì…YX˝Õì8MÏZ„⁄ªz£øÙK‘º˘Ê…*íãX˜„bΩ|Y™NZ áì]í\è
6k±8fπ3˚Ä¿ˇ ójé´ Îj˜æp‘n "ZÄ>"Éë'∆≠Z`gìY)rÙ•gV‘8:}fJ9´oﬂÁ€Üè]Î•◊5)#T2Ò Pï'Êr)9§z†IØ^∏µ?ˇ—Ú©8Uÿ´∞´x´T∆ïºRÏPÍ‚óbÆ≈]äª|PÏRÌºqV≈1WUQ.'çx¨å´∏‚€„j•äªlU€bÆ¿®àodMü„O~£È…âêõT{∏ç)ﬂÆ›2Fa◊€pkÄZbQ”*ﬂL`•k”“¡G\R§Ï§P
d	BÃä∂:‚≠bØˇ“ÚøíK®0´∂≈Z$b≠Ç–ÏU’≈]\
Ï*Ï
Í·VÎäµäªn∏´U≈]äªvv*ﬁ)v5Å[V ‘UYnÌ¸FLI[˙¬RøÜ<j·2·Ìáà%A‹±ﬂË …¥-¿Æ≈[ò´±Wˇ”Úπ…•¨UÿïkÅ\1WaW`WaK∞!ÿ´±WbÆ8´±WbÆ≈]äªlbÆ?O”äZ¿Ü±WbÆ≈]äªv*ÏUÿ´x´X´ˇŸ 8BIM%     ûÀ›∫vÓ∂÷éÄÉﬁ√€08BIM     www.rawpixel.comˇ· LExif  II*     iá            †       †    ∞  †    ˚      ˇ‚XICC_PROFILE   HLino  mntrRGB XYZ Œ  	  1  acspMSFT    IEC sRGB              ˆ÷     ”-HP                                                 cprt  P   3desc  Ñ   lwtpt     bkpt     rXYZ     gXYZ  ,   bXYZ  @   dmnd  T   pdmdd  ƒ   àvued  L   Üview  ‘   $lumi  ¯   meas     $tech  0   rTRC  <  gTRC  <  bTRC  <  text    Copyright (c) 1998 Hewlett-Packard Company  desc       sRGB IEC61966-2.1           sRGB IEC61966-2.1                                                  XYZ       ÛQ    ÃXYZ                 XYZ       o¢  8ı  êXYZ       bô  ∑Ö  ⁄XYZ       $†  Ñ  ∂œdesc       IEC http://www.iec.ch           IEC http://www.iec.ch                                              desc       .IEC 61966-2.1 Default RGB colour space - sRGB           .IEC 61966-2.1 Default RGB colour space - sRGB                      desc       ,Reference Viewing Condition in IEC61966-2.1           ,Reference Viewing Condition in IEC61966-2.1                          view     §˛ _. œ ÌÃ  \û   XYZ      L	V P   WÁmeas                         è   sig     CRT curv           
     # ( - 2 7 ; @ E J O T Y ^ c h m r w | Å Ü ã ê ï ö ü § © Æ ≤ ∑ º ¡ ∆ À – ’ € ‡ Â Î  ˆ ˚%+28>ELRY`gnu|Éãíö°©±π¡…—Ÿ·ÈÚ˙&/8AKT]gqzÑéò¢¨∂¡À’‡Îı !-8COZfr~äñ¢Æ∫«”‡Ï˘ -;HUcq~åö®∂ƒ”·˛+:IXgwÜñ¶µ≈’Âˆ'7HYj{åùØ¿—„ı+=OatÜô¨ø“Â¯2FZnÇñ™æ“Á˚		%	:	O	d	y	è	§	∫	œ	Â	˚

'
=
T
j
Å
ò
Æ
≈
‹
Û"9QiÄò∞»·˘*C\uéß¿ŸÛ&@Zté©√ﬁ¯.Idõ∂“Ó	%A^zñ≥œÏ	&Ca~õπ◊ı1Omå™…Ë&EdÑ£√„#CcÉ§≈Â'Ijã≠Œ4VxõΩ‡&Ilè≤÷˙AeâÆ“˜@eäØ’˙ Ekë∑›*Qwû≈Ï;cä≤⁄*R{£ÃıGpô√Ï@jîæÈ>iîøÍ  A l ò ƒ !!H!u!°!Œ!˚"'"U"Ç"Ø"›#
#8#f#î#¬#$$M$|$´$⁄%	%8%h%ó%«%˜&'&W&á&∑&Ë''I'z'´'‹((?(q(¢(‘))8)k)ù)–**5*h*õ*œ++6+i+ù+—,,9,n,¢,◊--A-v-´-·..L.Ç.∑.Ó/$/Z/ë/«/˛050l0§0€11J1Ç1∫1Ú2*2c2õ2‘33F33∏3Ò4+4e4û4ÿ55M5á5¬5˝676r6Æ6È7$7`7ú7◊88P8å8»99B99º9˘:6:t:≤:Ô;-;k;™;Ë<'<e<§<„="=a=°=‡> >`>†>‡?!?a?¢?‚@#@d@¶@ÁA)AjA¨AÓB0BrBµB˜C:C}C¿DDGDäDŒEEUEöEﬁF"FgF´FG5G{G¿HHKHëH◊IIcI©IJ7J}JƒKKSKöK‚L*LrL∫MMJMìM‹N%NnN∑O OIOìO›P'PqPªQQPQõQÊR1R|R«SS_S™SˆTBTèT€U(UuU¬VV\V©V˜WDWíW‡X/X}XÀYYiY∏ZZVZ¶Zı[E[ï[Â\5\Ü\÷]']x]…^^l^Ω__a_≥``W`™`¸aOa¢aıbIbúbcCcócÎd@dîdÈe=eíeÁf=fífËg=gìgÈh?hñhÏiCiöiÒjHjüj˜kOkßkˇlWlØmm`mπnnknƒooxo—p+pÜp‡q:qïqrKr¶ss]s∏ttptÃu(uÖu·v>võv¯wVw≥xxnxÃy*yâyÁzFz•{{c{¬|!|Å|·}A}°~~b~¬#ÑÂÄGÄ®Å
ÅkÅÕÇ0ÇíÇÙÉWÉ∫ÑÑÄÑ„ÖGÖ´ÜÜrÜ◊á;áüààiàŒâ3âôâ˛ädä ã0ãñã¸åcå ç1çòçˇéféŒè6èûêênê÷ë?ë®íízí„ìMì∂î îäîÙï_ï…ñ4ñüó
óuó‡òLò∏ô$ôêô¸öhö’õBõØúúâú˜ùdù“û@ûÆüüãü˙†i†ÿ°G°∂¢&¢ñ££v£Ê§V§«•8•©¶¶ã¶˝ßnß‡®R®ƒ©7©©™™è´´u´È¨\¨–≠D≠∏Æ-Æ°ØØã∞ ∞u∞Í±`±÷≤K≤¬≥8≥Æ¥%¥úµµä∂∂y∂∑h∑‡∏Y∏—πJπ¬∫;∫µª.ªßº!ºõΩΩèæ
æÑæˇøzøı¿p¿Ï¡g¡„¬_¬€√X√‘ƒQƒŒ≈K≈»∆F∆√«A«ø»=»º…:…π 8 ∑À6À∂Ã5ÃµÕ5ÕµŒ6Œ∂œ7œ∏–9–∫—<—æ“?“¡”D”∆‘I‘À’N’—÷U÷ÿ◊\◊‡ÿdÿËŸlŸÒ⁄v⁄˚€Ä‹‹ä››ñﬁﬁ¢ﬂ)ﬂØ‡6‡Ω·D·Ã‚S‚€„c„Î‰s‰¸ÂÑÊÊñÁÁ©Ë2ËºÈFÈ–Í[ÍÂÎpÎ˚ÏÜÌÌúÓ(Ó¥Ô@ÔÃXÂÒrÒˇÚåÛÛßÙ4Ù¬ıPıﬁˆmˆ˚˜ä¯¯®˘8˘«˙W˙Á˚w¸¸ò˝)˝∫˛K˛‹ˇmˇˇˇ€ Ñ 	
	
	##*%%*525EE\	
	
	##*%%*525EE\ˇ¬ ˚∞" ˇƒ            	ˇ⁄     ˛Æ-√ÀƒæÇãiûÄ≈:º∆V'7®hBüïLØRüWDöwËæ7üûá:<´üä∆uÉmÙ<Ò®9ﬁâÙo;‰≥3¨îÇwûEÿ(°(ZÉùDÄjzhiÖ$ÇíÍÎµ…z.0†•\©*]7!Û[¶+†ØKïÔz#ŒOË‡¸ﬁîæü<>p˝ÔÑ0Í·∞[◊´A
pÊ¡ûöBÉ5–XDè†È◊>œÒ>h¢!»ò∫{…pL,´v;Ñ√Mﬁo{Çp’’Ê®¢ßÊ≠RÆT&v:Ë◊Mk†ù˝CÁ`í9˚KÒœ}–p€Iû0ç◊a.Iz‹Lﬁ\÷Q¢ØOeFì/ßÛCŒ∂≤ƒTΩæ"“kuZ"˘	lUF∏ ÒÆó:L´@›’Mëy$™Ñ‘Õ—WdÓ/ìUk–˘˙€ùnKKÁ»“¥}y‡YËâ˘|Å`√Îq∫)ˆ8˚1÷óÔæqìfÔ´Àká£‡âÔms&ﬁÁÕ{ü	∞∫Eß◊VÈÌsâË|„ˇ J˘H€_Áv9,L©–Á∂b«™©-•3™8ÛXπ±Õm«V¡ehÎ∞g√√ ◊ÈØãq9∫Û,ë ?:ÀÉú1oŸyT˚ﬁ∑ÁU©πÙ?Ô¸W’<7	æèû¶ïçsöÑa`¬z\˝Ávd{≈≤ﬂÍœ»Vö≥ÖIöö!ï°nd£Ø‡2aÊÛ°Ô÷eÊnßÏﬂ∆¿´Ã’æ⁄•%êpÖ!:´ôÅ˙TfòÁr–WÙOÁÙN.®;}∂ÅÄ∆NæZƒ7ÆÚ◊ıøù¢œ1ƒ≥™zﬁ'8%èp}%ìËø√{êK√]Ø3S´»ÔŒ8£…^k∏òêΩf∆∆Aœ÷_ö|∂_HÎÁ£Œ¨ (»0wâS5$ÏŒß3E^Ìùt:™%◊ﬁ[eÒgêß)ˇ •xﬂ&Gy^ø>){ﬁó>h∆	ª|µ:Ïa◊Gã÷Ù^'≠«[±ÃnÃ*&∫•ÚÁËs‘”Íá4ï±òZ∞]çÅlsPEáçJÓÚƒæ€F∑›Ûıy≠e–/∏=›bØbùNäÎ±FÕﬂAV¥◊k£ÃuïqØ¥ÃyÖÒ.=©J?œ˙« LÍ√6(°À⁄˜çwæ2«Sá¶∏ÿIAÁ≠≈ﬁc	Ëw®un7V)∑˙˛_P\˝g,·vÁ4ˆ®¸øIOOÕ‰ÎØ¶¸∫V«&ZSZU‘ïÿ◊Sì–J·´∑ï€Æo™ªù4˚˙«CìÂ|û˚^uDo jgÿ˘Úrè¶;·FÎ˜<«_È?∞¨~Ímw|@

Ã¡ô"€ËrrUÕèΩ¸'zO(¥Ë§◊.®ŸŒÒT»jé2ÄD–%Tìsá3˙K·Z©]àHÍŸ≠Áe~…Ë◊ÔÛzæÅæ≠i∂¸óÖÂ}Ú⁄jôº8±´i6uÏ|6˙(≠Í|±Ú«Ø°¯Æ_º˘ÛÍ£‹„ £y^üﬂÛ<¶_W±œHø\˘Z◊—‚˜˘Õrl≈u¯ó[≠áQÄÁ‹xlì0s734mß3–Nh‚ÉÓÕ˝£‚¯Œ£ô;€ÜÓﬂUÔ´|œÙ>◊ØõÒy €\]AèS™†â›Û˘iútyˆˆD„ºP–˙LNÆ7_óM.ã›–s›Sí¿^Q¥C“˙ø∆ ∫˛ì√Î‘y«'Œ±U(ñ◊?Y™Ωﬁ?'Y÷j∑úê9çØú›~©¸Æ>Òj	å¨ÌÎ–qy∞˙à„~É 5Ë}oø¯'«ÄﬂwŒ,ß‘Ê}b˛V˙#ÜT ±ˆØê©ûî?zœ’˚ßÁ<QåD∆ËF_·˚¸0è‘gÑµó9'WíTﬂ–˛qå∂£*ÆF˙€‡|j≥—Âˇ s¯r8÷eXØbõ∆gs&&≥éèCì€‰≤¶Á∫‡ﬁ˘£{ﬂ=‡<R¨#›·lJ„]Ns`¶Ìs1Ì<¿EËº÷ºæq0◊¢ÚÃ ◊Så*üB˘ÁGùö≠÷YN»H:ÆóSŒ≠¨/µéV+ÿ¯í	ÒØØ’üî‹DG†=+ï“‰4ÿıS4ÿñ∏ ~¨—∫‹±ªÿ'G”./w‡9m1˙á„æ´Û˛gçŸwƒÅ§©¿‘¯˛Çèﬁwæß$O(ag±ıá‚∫d qwπ¨PrE•ﬁ≥‹„kq¨j±”CÅ≤l∂Ö»Î"})/:∞êy&1¨ËÈŸ:º|ÊÒ~˘1≠€?'h"¡;uIÆá$Ü≈»Î˘%µ]%—`UÉ“Á˙è-ûó,¶¶&«®/è˚?≈Ω/çø†¸ÌØU„Ù"ıÜ¢UL#g	Gè]‰ÁÑªÃı∆ÒZ ıæGT2&◊Í˙ª©ñ÷©éÜª∂eo0Wõ ˝èKé-Ω∞gK‹ÆG{Ü$l¸ÚíÒ&Pe|ı÷ «5≈Ú|≥ú[¡í%^ñBº&{¿9±É‘Â8¡Qzü.{ÔyãﬁaÊ0ñ≈“ÊígX˙e2≠ü£|Ûµ¬ÿı°j^s∞≤æ≥+πÏ<vÖÍuDe}Œ“x^|wº√â{~«À◊ÂjπﬂFÙ±®~Œp†W”BÏyÃı9åQ…ö!≤≥cÙ>vÇ.ó<«@ïô∞ÌµÂØÙüù¬üü‹Á°«1V oX–
÷VÉŸ{~b‰¢≠Õµföﬁô Ïfoóûó>Ò1=õ®YEo—”iI≤ÔµŸÁˆè‰qœ_Ãß[ª˜~u ‚5°Û£Y–”Aó9l‡$s‹xmhÜC^Î¡ÎØ∆Óyˆ”5—⁄6.ˇ  Ù‚Vÿ§˘æßÀ\€˝.È
1º^≈UN©¨j´XÅ´›
8®µ°˚Óq∞òÉõ!,)˝ûaÄÚ¯l5´Ù^uÄé]ﬁs\Ná*Ò◊åw;ﬁ$®ÌÖl{…OÙœï‚}Áù«å∂sÁ„†5=7ø∞¸+Ï#'Erzü7∞ÈmÌgéÄr∆”&a’∂ñ…£{Æ/ó˝+˘≥+‹‘∂˘¥¿`˝ô’Í!≤”*Œ—-˚‡É“˙ˇ =ÀÊ•Õ!∫h/]5SÈsä¶…’'~Ô¿Ω˜ÑsEÀ|ßR-ìI[bœ!o/qò⁄– Îl aÁéf≠rÎT~èŒUÍ»ì"¢gÛô[YÕ’∞ûÀiJt©‚®ã—@œC™Oq^D˝ﬂ?ï≠ŒëRrÿ„ôı˙\–-ZYÇ%Û◊Ât%0e;›ﬂ23uπ•z“u≠õü]Œñ≥–L∂ë lõÙ∞£Çv±œƒ €£fXª˙7ùÚ2ûSXÈz?'˙ãÚÆ{à¨ú¡Ö´≤⁄:¡g\Óz:≥Ê≤2Ùzª˛(!za£W?È0JOÙ>√ÕUÎ±∂ìÍ˝'¬ÔI>≥T´é√=—ÊöÄ}QÚ,ÛòïùJíMá§çPÎy¶÷¬¬{™πìó5˜/äèΩ∆A‘Ùe¬aÔzO0πÁË·ÍmãaK Ã‚≠r[z¬?≠£Ï|jw ˘«Áí2<6L^g’>pßQÆ\´édm!Ëq-"…⁄Ê‰#en†°‡é∑D…“Ÿ«•˛ØÚ‹.÷
œe2õÆ∞Jvy:Ü^¨ªZòTrÏrF“Øpl5îòŒ=ﬂs≈¢ØTú£s˙!w–5›«G÷xØGÂV–síı˘$≤›Ø∞ëÖÓ˙Hø›ÚY≤ÿ˝œÄÓ˘∆€Í˘b·y–cùù(»}◊áèÉ}Á‘âd&ù‰l´—‘‘eRlâ4ôÅ3≥/°lØr/d˘q†ñ≥ëË[˜Âÿ_Z˚ aqf¸⁄Äl}é€Îä¸‡ä@OO·GÆäŸ©T”‹¢¶ÄHŒCoÛ$ÈÚÿLÈu2∆∏m°“ ÉﬁqΩÁˆ>5ïŒõ√O^áãkøÂŒ±^QMfÒFUÖŒΩáÑıøf¸⁄=oΩÁh{:∫»ÔÏ-á¢Ôu[¬˚zwº–˘zı\ﬁ2û=ﬁo§„)€‚äcfWÈˇ 92m±ÄtŸ„-ñˆî«QEÕèß|≥x”~ãÃâµOû’yŸ*º¥0õJí¨$vπûÉö.s4°ËyÿdÔ7”¿À#ÕÁ:ÌqÚµí¬ :`KÙ 1éè+÷®“M>ße#ﬁî]iy}ØÙüùÖÆnEèˆçË[{ôÓ|	Îx›0ü@k`ò¡ÌRèUWLB ö
ÍsÅS‡-˙è)⁄‚ÄÊ¿JòÔpd⁄Ûy◊≥˙ ∏…øM¿ÁÎ!:’PxΩÏ<Ów≤Ú#ËtóÌÛ∫;Û}∂=çy¯Áyéwœ∆c¶õ^| ä]–ÁAu∫àcYßÛ∏{G•ÛcÙ>F°ØeôOxaPmÙŒ∑†·3ÕWò[ﬁD¬ùÓ≥L™+d^ÁÁù≠z0T,ÿ¯ôãﬁ$ÉcÿKk˝ﬂœÛ…,√ÎÚùé’to•{üñ˘ˇ \§JÔ£Ë¸øò‘”@ïÅñ±◊Ê`‚"}$-Ùà∂ãÅïzõË˝‰€ÓüœﬁpBÜÑL0/qÛÌRNœ¶«#ˆﬁæ|0˝"s˙*ÓÿÊµÎÛBÙ~[%±ÒıXÑ÷1Y©Û5å_{—u˙‹ú˙N/Ø·NpŸ◊™‚ñêdΩˇ ±yﬂ´~eO Öl˙$º™”®ñ[" òÎá–¢Ëc9q¢ç•ªâr€\ãî¬7Kœëå+ª	Ö≤ù33Œ4;‹¢t∏ÿ—+*nôÍï‘Î™ëoŒQ⁄Á¬ib„ﬁ|ˆ∂˜7-Û7Xg◊∂Ïw÷	˚’ÊÙπ’—±…Ù›éíP“¸ÚÛ´∞∏:´e_æ|8ÈÛáZs±ÂÀêlµ”‰Qåºi¶˜Ã(= ã01úÄ!∑ÃÔrÉ≠©”
Ç÷ü1´≠@t9Â"O&\~ªÓôQ˙õ[ô^ãÀ$^c°Õ©UÙ≥Ù—Ù]%—ˆ=øõFX~®âu{!Ú˝V|óπÂ˝•˘j˘ZÚ…äÉ|¯Q÷‡z¡TâÌ3‰ÛõÀûë∏§…√ﬂÛ∆Ï 6óÉ#õ@^«…s¨7í9Õ√:Å¶≤%á⁄Á*]-È¯ß·÷ï†õ÷y
qÑ∫Á€
Aê_M7Ÿæ5€såÊ∫
âS6F∫]Vó$ÊÈÚt~"Û8;Jlg•ñÀ: ˜sjû®Û•»˙ß»ÔÏóõ.ΩwàΩ‚ÔØ∆4_CùÍº©Û–*ú—7‘Û∑XeR˜¸œ™ÚÌ†C..ß5Ér=∑gÊ{¿ÑÍ}æü…0¬ÒRë@}wˆG„çì’ª„∫~õ zè!é°X∑J·ÚYR˝áé%!Ã ˜∞W£‰∞qñ	ˆ<¡õ≥¬2⁄'Cü• 6y∑´›Ù„aƒÑÕgﬁx˛•ÛTÔkÁkÄ∑¢è7–XúÃ]g‘ÉÇÆkGöm.˜,òΩáôÈ=èÏy,ããé¥/¨h&˙wŒÏMÊı]é/†ÁGñ∂òÈØ¡Á˙ﬂbÔúÛ„r'†Û
jˆ ‚ıú_?f8ÙoôÌV1¨Q‘ﬁtuk2árª¸¶Ï◊E#@≤DﬂÂh 5¶˘Íg⁄xÍhi&"ÿûõô…œßÛ™]∏Æ¬ÆXπ++Õ@}∑[yQV˙√∂zzÓ?∑Ùèîkﬂ¯.^—ﬂ[∞Rè¡ÂÆ_2∫'ÂË+Ô9◊AJz(ÁÕu¯n∫≠ J£åhåÛ<oI∑È¸{…<Éô⁄(SÈ¶ˇ -n¿ØC¡*[®êXu≠tº˛∑ê‰¥EÒ∫e,h∞?¨÷˝?	8O®x◊Ùæœ_Ã}Øù‡”ÎyèBà<«™SrA$®JiŒp∞KîXKµãé«dÏÀ˜x¨háŸyOa"Á°Ó˛f\ãZ[9ó0‘sòæÒ^ÑG‘w„åõ'/^ﬂƒìûØ=7˚œ¡Ï}ü<WL~õ˝Y¯µ∑|æ'OíÁK“˘ØKƒˆ\ÌÛÒ…ΩÊ÷Î§. âÕòr»ë;2¿ñA–ƒnﬂa›zø!∫&7yÀl*UÏ‹Áà:«Wêa´3M	[‘Ù˛qw-mbï^œmÊ≠æó7≠¿Uº;\}U
0◊(r+÷>ÀCsü‹Ìy‡0ﬂ—|‹˛Í
wWcõ¿ıøXÛ?ÕÛ]Ì˘‘/¥¶†Ø§Ñ¬¿z>´¡à¢u›„îLXJ#‰Z˙Gœ√Ωzo6∞5euO±|õ´Â7BA99ƒˆ^¨"löPi}H°ŒÔ#:ZÍjó(∂µäPµ´˙ˆ‚GÎ{?)§˙_äÏrMŒÂ∏^òWÔﬁkÂ‹ÖÕÁ§”¢eCÊÊµ‘·Ö2TÙ>Xƒ
TUô Vl;Å#\◊} º¸«T¸óx„Ù\e}¢Ïkœ}ÁûáÕd—ø]·ç0„$√]n22tπê€G]ÆÉıêKV˘‡!îÖU>∆ñÚ˝∫¯6…ô∂ëÆ[Æõëıè∞|m/ñ°yõÙIÙ—ÛEoîV;˛[Èü&X‰<ıÎÇå^7úﬁ˜Ywπ¿%µñVÅ2§∆÷’∑Ã›¥¶Lˆ|›2ÿ I¨fŒ∫ﬁø¿&NŒ"#*≤<∏ûÑ9ü∂#W–lÓâ•ûÎ$⁄=U=>¯ù>œË#„|Oú⁄ΩæØÜ˝7úL©ˆ8Øôn:‚:d2ÖJVG°äÔ6P\)zI
≤⁄¶µ∫˛sCÍ©Ï|Å\¡	´tGWDCc'Çÿs“Á”ß@jŒnoZ¬ÿi+⁄„÷”ÿæŒ}ÍûÏ"ˇ †„tzöÊt¡«ËÛ|®Sc”u˚~{ìŒ‡µÈ=/ñ?%ﬁöà(›â˛axÙ´¶wÄ∫≠Ä€PÄµÕ◊€‡m<Ì>ø?'œsé1˝cÂ`’Ùy9ˆ~?7›ÛSmÚXùÏòËØÍ\ñ|288Q„àFRŒF-ãkÈ:Ëe∂;\œyÁWÆª$ËÖéG…≠Ëæ©ÛÓ®ÛÏp9Ω
´•=óÊül(üMè=œ YFÍ…≥¨¶÷∆˙Çgﬁ¸Î-P`#`ˆ>K´kZ˝a+ËºŒs–•æïNJÆaiì}õ‰’œ¢'teÒ¨’≤5πäà)b¢n}áM˚è∑6O∫|^˚[+OÛ9ûmé+ﬂT˘u›Al°Ëz ∆¬XïÙ¸0ë0¨%'¢Û¥…9≈_¢EwZÿßgÖc0nt9ÖÉ√ÿ≤…„3Zˆ¿Z9˚akÂ˘›~n≈ñ7œ¡†àLOr≈º÷˜:¨ÑÔ?Ó¡dÊ{òÓ˝?Ÿ~&˙q”cá@‰}≥‡Îru”kàœ;ÆóSßaMkË7Õ˙Ø…UX* £h{öÖ{òJ˜æüòÔŒ<≥¥±@ZhGá{ò{ñ|ÿ¥>¬8RÔmßk…∑~◊Úœ0ùMY5t˘Ï.ú¡V∆¿nÍqq4_µ,˙'Ë
∫DQˆáÈ–Ìt¸èDWÍ~l◊3áŒa^è9ø¢8AÙîc4∫ﬁãÖ "‚__[˘DS6Nßw2M˝C∞ïóqu&Ø@Õ‚^L8øKó}~hSw
ì=ÎÛÄa>ﬂÛ!˙œ,µn±•hÿ…ó≈Æ<ÁÔ¥H%:W›Íúãöœ§ÔÛê‰G|ˇ Èû_Ã]~8ö◊ML∞N∑ûÿzº§•-œ.
¥µÃ&¢
<ìé˙TùÑ◊W„Æ®jª„Ñnu9¸´(Í†4@≤	“‰o÷y%Nd€Rma1Wù≠r≤6[·ıy¿ŒÈi◊„L(„C\„Ìtı~p›˚}zﬁ/Ñπ
Ú¬ªÈ.Únr˜MÙz4≤ãe„ÌeFPŒa<qF2ÔßÃ∆5D∆√◊˙ÓS‚ãËCk=EP";«Sìú’Lå∫Àë#,©:+¶QEœ”újºüyÍy :	m|gÙI¬µïÌ◊aˇ ”ﬂôg∞Êæ<ØÉÿÛßR◊i÷2èiq∑zIÄ)–Ìy–X¡™(:|Ü— ò*UõgIêrÕﬁÛÿÑ¿/:∞ëÜπl…bŸÁVöTR,¬¬≠ïjÓÉ—Á¥ÉÿEV’_A#	;C?E9û[}L∑òoFÉ=/eÊ»_«˚O ™zˇ +¬º:]&√Æ§óAóâ»}.r”°ÃÊty>õœ(ÕaÖH	ËºæádŒvu¶$Y„‹Ïo'§åØ∂Ëº¢wÙÔïÏÄbòÅ$ÿÙætÀ[È†õÊòk¿Íè,'Ë•=Nˆø+“z3Ã•Âu⁄Ât«˜èœ]/'ËÄ5˙„zÆ8æï~«õ·‚”_£¬{òQ√–Ùl·`3ãÃ%3ûö≤'≠vÉ¡% P∞W•õR ¯µçëª»∫q,k:ÕPÕëmCÃÊ4ñ÷≠ŸÛª˝?∑‘‹À:Ù>•É˘oAÈ˘^ç„∏nŒØCÕ9ü:›wP|>k™ﬂóc†ËëkFÊÆrÙ¯$◊D2ê,å}ŒjüB˘¡«ã¢‡∑ŒÏÒL,j˚ƒç˙Û¢ÁÄ›VN≠÷CèYÂuÎ<iÙ˜X5*»2æÎb¡åç`‡¿-z–s˙ü;Í≥”˝X„˙.ë<◊ëßÁˇ A˝'ÚW¥˘∏è=ìrn∑”Úß¨Á`+[¬jnÅ›Ï|ˇ .%O*´eúã]ÆK §b˙%PWñWœ{áÏ¸ND@ì=V∞AÍ≤∂_Âü"(≈ë∞É!∆|µËºêv!¿c≈Ôı.m√X∫ˆ:åÖÆ‡Õ¡ﬂkó‚|ìÕtºÉ¸6ﬁÎ´Í<ü®ø;’ÛÂëmÅ≥ŸÂ<>C)õE‡+ñÒy5ãkÙ9Ái\àzıæf∆<ﬁÅZ.5÷·)¨‘ß—›NœúÑ(«B÷Ö_O#ëˆ8√ex8ΩL·SÆ¬—JœÏ(ﬂ¨∂Îv/V_∞|îÀßÂºﬂœµµ˘¥∑¶ÍtÚΩtÌqë‰sﬁ◊Kdµ39ˆﬁw:]ﬁ7ç∆>’—ü€x\‰]~X‡â°fµŒ8∫¸sâŒ{à/÷Â„ &G4æ
≥ Ä°ÿµä≈
µáï1B˝ç–/>ﬂm}v;‹Óá∂ÙKs|o+—˘_3¿‡u€ûonád\ëÙ9√T}õcÖ‘:√Wà=PKö({i ï’è8+Ve2+•;<“®&iF
î˜V‡‚„\ÍéÜE«º^1Ju˘πV±kß»œÏHÃ∂cdèzO•≤yæΩ˘ÔÃπ¸cücY~¬› Oè∑úKíôóÍYXπaUªæcX≠èå∑™ÿ`à–Í∂E≥æE2‹Z´,q`±Uˆ3 dLÄÈÛƒe¢∞SÈ<LV6_3#⁄˙Zû∑ûﬂµzú˚€˛Éà–˝i˝ò∫=uW‰{Ø=ø&∫æ\ á†…C∆Ñœ>ù;AúËL—WπÁ^fÅøIÁLÁ@Ñ◊Sí7±a%˜∏¸˙’{?«4ÇÜ_U‚ç‹Û•U√sMœ¡≈È¸™≈VıyTE◊†tHYiÂHW?dÃ	Ê÷oÙ«¬∫Ï1ËSÚ„˙OÁ?8◊ö‰	†Ñz’w4n˘≤z_≥Ú⁄^ÙoACU∑yd-Ûå#âBëÕ§3&Gí—S&uÚP’Ã¡cQ˘M}`m&T∆k!≤$N∞8∂	ê÷“[T∏¬ ô˝—lÑÊˆﬁ\Œı;ù¥'=o‰|OêÒ|<d†ËgÍÒ¬ŸJ€ò>ƒR£KÈ1ë∞i=èZ[ydaª`bÇ¿z∏J;bßV˙m˘ΩÀXlz]xuEßCóã,cv<Óá π@UWŒ∆˝Û€8cµaÍ±ﬂq\∏ˇ Ø[ x „√≠3Õy+ÎÙ¸{—Òsﬁ†ïΩ*<iŒHÕêÊqõ`8√O©≠Ôö|‰‚	1G◊ S9ﬁ ⁄¯ﬂ¨Ò7Åä¿{ﬂ)∆^ÚøE#r‚·¡WGñù≠∆
∫˝Ï¡kiÇ?1û{©€uﬂëræf™–˙
‡D7vrPõ}aÆÔ∏Åw÷Ê¶U≤L`T¿œY∆•^⁄ã^±ëôÆﬂéeVOêﬂ<âÎx¡‘°T	’¿<RÛ>≥ÕÛó*Î≤ç/†Prª(eÓJ’6y+hﬂ“ø:Ëõ]çπÈUzﬂ„Ô“z7◊Ô¸ßÜøŒˆ|´!pQ—ıæqÖ ∞iù‰}ëùß∏3bËcg"Óy”L0ÖÁBπ—„‰ÅÔÒ3A_Z^b⁄≠ÆãÀ Ä::`¯hØ•7ËºÅïV≈ä  üM˘0ø•g,9–Á0|ı–Â}áÊ]ˆC¡‚w<Ô' t|…I§¿∞€`úQ(òÒ’R¶¶ C°Ìv±Y®<’Ë´…Ë¸°hLR¥¿E´X1Ω)ï∂%Æí2‡ zúHˇ õäìü‘‚™Z
§¬tUéIÜ®ƒtÖ˝=l%—å\3n:>r˙_W„ú∆yLÚ™õÁdÁ,⁄^ël˝Ê˝~. äœ≥ß±u…’∂Sı^\pGN≈¢/ºôs´có±fKc"]}
Ò†‚'ïh+¿R‡{ÃÃ)ÖÈpèI;ÃX„\@
ï.%4˙ãﬂR›Y4∂„\¡Tºtz~GáÄÚwÅ2éñWlµ—œ?UíÅ“±ºB`˙T.!ÇW©ÛYCW®,ÏÄ&ÕÈ¸Ubõ jx¨üùßÑÏTcÛj+äDyNüH˘"·,
5¿«;#
ˇ ÷mÂ4V8©µÃ •Áì°æ‹~&Rå1gdyÕ,#¢›ö3§Bﬁ€W7M%/.ØB2¬5&÷ä≠W∫|hL-º÷≥•uú·|™¿'&ñYA‡	7Ãâ»∞í˙„[`¿UJØKx_÷ﬂ≤|ƒÙqd(Û™[FÁ,t9®≠å√(3Ìfë≠ÙΩuQ…∂A£ë6pƒÈÛj«®Tƒ∆Xä}QòaóK5ëE¡ç£ÆpáïUcKNx@∏◊«?8Qsr«iÁ!V`JåIg*Æ0–ˇ ±:€E≤¢æ¨¬Œ–π†Ldb&pqÿÚ1W}ZÀ¢ghÍ˙hUút’>ë@b‚“j®&}2Vlû™¿EÉï”*àÁû§Hi,é@ö…|Ïáüú/ê*œ43
ÑXW)É˛…8}¢Fπw•m$≤ÑT5*∑œ~®ÍÅkfôl”vI±ûz≥YebÎ≥¡(*∆2F…©E—!&öR@ØΩÒFÄ —
JÛVkû∏–:ï~y|*Äa’àâpäa⁄3ÇÖ€$—u`œ9 ´°`ç†–≈ímq2F}{|BY0¿\Ω÷
MLà∞;Ã’V7,÷SnÙyí]›e\¨æTÊEy˜ Ágê∫)Æ™
™≤Ë™∞–Û ‘•bk`IRŸZÄÅ˝∞gGf⁄.ˆmkZ_#¬Í a_îu€„l`˙
≠õSrò∫—u¶
K!qçgutnádÖ$g§∫ﬁ∑ã¿…Í≠ÂîKú>˘(s’Â¨ó- ¶ö"G*¢µ‰ PﬂSÒ'úÀ|ÒœÇ ˛◊‰Á3'¢ûÿJ¡•W ]E$H[%Ê^∂;íÏíˆ–∑sbN#çÙ9”7™I™)Hb±≤h∂b›AÖpW8'Ar<¿r–Só»\˛jH¨≤\,vòñ<*òÖ +å-˝üıº(—J]±ík%ãÑ! U»ps â¨e÷≠∫∂Y›l‰ﬁ…¢h˙(O±Ó¶7bÕÎ9Ω÷∂Rímùê§õF"ÛUtïIUÁ$ß/úß7ûí¡gãœQT¬ö˚Hkgö®Ä∏’ ñ°?≥¨mÇúß÷∑
V≤ä¯À´Kƒáa±h¶ΩÈ£[D!à¡¶)≤]óP¥MØ2±õ¢fµ∂¨ß1õ9vB °·|*™ ,ä©†íhrRA>b¥—EjJ0 .¢Í|(†∫°X\_ÿ„å€P±ùfb¨	5¿≤≤‚ô¨íàf	∂ÿ#-ÊaÇ€>»Böâ©3Y∆3áî´’÷ö#ií≤röïÅÑ@X*Æ≤J&è9Nj	sêÁs˘¸˛bIßŒÁ®äËŒ~U\U ,¢Îˇ Gêıº?EÙÕœçˇ .>Ùˇ ÔUä[ a,®B<Lf)ç£6Ÿ›3∆cl3≥òÏ⁄d∫¿«cÒÅh{Œ·ˆwHÈù3F`ªíÑ%¿ U ¢™•ÃSöß5~zH í<ÙïÁssÕYEòI`™öÈ´Œ]5<ˇ Áü›˝NØk√Û„œóäÁÔ˛œÈog‹z[˚‹)6H}ÌÉ4√Õ¢ﬁˆz÷ˆR€,∂VYf»1Æ1Ñ
@∆—ÑñR¶[e«l•—21ÖuQuíúﬁx9i¢í<ıPÁÚ˘ôÁ•¬‰`bÁÚÒH/Å‡	Úp∫È™ß ø7q?A˘iÙOÚˇ öÀÿÎQ¸óÙË?§—ıøœ»µ˙}F:ﬁÀ}G€}áÍüá:/Ù˙]óŒÛL∞€Ø0◊I«Z]EîI>ràq,[Œöå≤”}'3Ökz∫U
À&≤\ı‘CóœÁ)ÕÁÚ≈Á'%^G'Éƒ?7î5y®™ÆNt¯ [Ú?Úr\íI$ïrK´ÙÑ˛g´‚$˝O˙€Áˇ ¸ﬂÕìu_±ˇ H˝/Å⁄Ù$?Eß[a∂˜k—ª◊Ïûº”æl}§—¯áœΩ÷yœ¸â˙õΩÏ~{ÒﬂÛ?Ì∑}cÅ‘Ù0!ﬁG¯{òœ§˙o©ÚyÁ%yÛ¸Œ&0™CÊÚí ¡>œÛ‘ˆT•UÒ8˘GÌ?7Ê˛ÇoÂ<ü‘í‰©r§íI,·ïw*Æ{ﬂúíI™'¢Ûπ˝'˚„È-^Ÿcf¬ÿKúæ…Û˛DºûoÑ¯/Áπ^£˜7Ÿ>˘GîøIÔ8…˜ëıˇ g~	ı™˙≥{Ô…ﬁ˜Â^(z2˝O÷ücıo˝pœ$<ﬁw·CÁ˝ÁıOπ¸Á˘wÛGòÃï]O∑}GÚÔëª¨ﬁRUKï$ª™íI$ó¶“©w*µU.I™©Wusµ÷˚wÎÊ˛sü?◊æ≥À¯ü|◊Ê?>˘∫˛óÙ/÷øÛ‰í{ˇ p≤<U’KïÀÁı„ñ\üÇï‡"Záä◊s˜äü?˚ˇ „_ÖLﬁÖËº–™Â\í]‹ï´óRI.\ÃíI$íI$í‰´©%…W$í]”≠Ôg§Ò≤Æ•…W*V•OmÍ9x⁄æWì$´©%‘æﬂ•°Ûî∆syÕÿf∑∏h.™IW%\ªòíI$íI™ï$íI.TíI%…%K´íIu$∫íA∫íÆÍÂK©$óyìÈΩF¸∑Ä≈I$ïrTêûóµkc+dTäb¨»fR©3*I%Àóú…$íI$ó*I$íK∫©$íKíTπW.J©.§õÕ’I.IWRI©u©äó]û<óR•…$ï$ÖÙ›‡ÂjApúU\ï%]ISRË¸˘$íI.§íI$íIu$∫íIrTí\´óUrÍU‹™íI.TórI≠¡’I/Yí™Kó%IRI'G‘Ep°÷kã∆j«yö∆âùIÑdíI$∫íI$íI$íÍÍj™‰ï$íÍKí]^uU%…WW$öÕﬁnj«%\ª™∫∫©wRKÕ‘∫íNßPß_°Iåéhx™ïõÑô◊6•I$íKï$íI$íI%‘í‰íTó*I$íI%Î2§óR‰í•’…5R§∫í•…RI.µõíTóRI“fÒ3/6-UbjÔ*íI$í^±$íI$í\íÍI$©$íI$íI$∫óR‰íJ∫íÍ\∫íK©*]Ir§í\©rTíÍÍI4˚{¿˜ô≠f§–≤∫ïRI$íKπô$∫íÂ’…W%K©RI$óZÃóWRI.§íK´´©$í\©r¶™§∫íI$íÍ\∫©%…RI!˙Dòô÷ØYç@bI$íI%…yìuW*Kó*J©u$íI$í]I$íI$íI%‘íI% íI.§∫íI$íI.Jó%I$íKiª¨Jìu•–íI$íI% ∫ìr§©%’’I$íI$íI$íK©$íI$íI$í]I$íK©$∫íI$íÍIsxï$íI$ö´8qg9yπíI$íI$íI7R•\íTíI$íI$íI$íÂI$íI$íK©u$∫íI$íIu$íK®MUWRI$íI$íI$∫íI$íI$íI&•I*ÂI$íI$íI$íI%‘íI$íI$íKï$íI$íI$íÍI!1¨’‘íI$íI$íI$íI$íI$íI$íÂ\íÆ§∫íI$íI$óWRI$íI$íI%‘óRI$íI$í]]I$íI
)$íI$íI$íI$íI$íI$íI$ˇƒ            ˇ⁄    ıŸéÍQÈÚeÇΩºù<+MNª<'5“PÁùMQB6ôVSdM"∞Ù|Ù ÅÍ÷}WÁæÙóûú<—øO!ìä•{:€éSÙ|√Nwãæñ±#[ù§ÀA9∫‰ Æ*∞°4Ï∑U∫∏|ÆiøD˘:yz`ªøßŒY%çU-7öì<[%W0T™B∫yO∞˘[Ø´´≥°´√À√œ£ÃË„t/µ¸Ükí‹Ô*HÄ:9i ÈÇŸ%~w—Ÿpó◊¶GÍØ£Ëız[§|è'öØ“±ß\´ËsËŒæ˜œ»,∂ç∫πh°$Û·^|πX¢ıÛ"{7ÁÎØ°›ÏÒ˙òyœÀÇÓÆnûÖË≈aNk™™‚a∞§:x˙bàŸh∫YÙõøÃBz^_∂k>á~øcªÅ}>ñ^é~:#+7nß3(ùﬁ-A2ãNâ>Œ7û)µß5: ´Ù±Èçñ]ûøT9ÁÀ¿Ø5ÀH∏µ»‹µeö´(ëKrÎàjÚî≤N“GB‰\Û˙C^Ô5Ω.œOÁx
,dµûK;:e§¬Êû4"©Ig¯2•ïR®P}C+ê÷0ı¯9xi©¥Ë·Ã’≠"öìÎ‰V(
r>”≤iÍ@óI™÷ˇ EÌ˘&ªÒÃ€ûIGÊ¢áTj5ZíuèD2Q•"‚D,ÛÑ}∫œG=˘ÇÖ(W}cGR°π‘ß%z# Ö“ÿVmF„7UÃan|Ë®FV7eõ¢Êùπ2É?™r}8:$∫ΩÊ˘Ïßõ-eT¥*UÛ&ùñg£ù_ £J®àÕ¥≥	eû_≥Q‹Ë∂}ùú~D:8˘§πÄvì6º‘ÂÉ™)ÕŒh≥(Øë˘¡§Á’Õ”»°OŸØ[€ô˙=W…Úy{˘ºÕå…|ò‡¿å,âDSëïëf)£ä1ZÛösè§ÍÍ__œàªtä˘O7ùﬂr3Ü1¶	\™Í*Æ≥JEßä@ÿN7ãAÊ>£∑≤nyÔ—–ÇN|(€Nmîcä∏ÈÆó‰!ZLöntF”»µ◊ÂÇÈÍ˝/BÎ”XÀ¶4Ìno)9)35aäe 9=9eÅö∂ûTºL∂2(≥«Î:°>Ì‘:€¶‰·äÑFé»JÊV Ü`∫ìõÿ®!U¢∂ù ≠ñM9†˙˘Ωws	3Ôπ˘o=8∫w5&–Röd8WLÛ∏*àKÕ
„4‘õD≠˘’÷atê}\z.›6ú„m˜ú_!≈GÈîÁ’œ Ûê,ôîQhªL “d3‘ÄSÄöô2*4ï>°Ø—–{9¸˛ææü7É≤k—Œ◊–Â
vƒ·∞Ebö2d;i4ÒJC P>è•˜SR÷‰ÇWúG°œ¢-8y-ëîb∏¢–¨»Så≤‰ MyïRÇs£*˝t÷Ù9‰≠ÀÙ*ÿ´Œsò(0ƒd8:©QA<3	Üû»ÈäÃ…Né˙*£ıΩ:nﬁzh@gJu<ZPFPÖqy£Ä‡≈L‡Ë@Œ°ïcê*}XgÍËK∑ü«⁄;<îÈ——òòV\ßöh·_*Åì2ÆU\Í&äcı¶ﬁÑô¸ƒÍ~NW[&©iÃs“n4ò3‡í3®Ÿ@˘◊Ç∫ô$Oßùõ¢Õ´œπz99ÓÚ7á5m–$ëu6”©\ä
ï&J≈Pœ) m<RcOËK=Ìl#∏h—vâß2ÙªVq]%°ƒ%®°HdFê96√,√Kÿ°§}GY&Ñ‹N¢lÇΩ*·≈Ç∂Ã´Y°Õ7T≈N»ÄÖq3H„È]]˙ Á‘RMÉjjótQõ+1∂!pV	äÆV [úœ–⁄•ÊtËaÄRhÍÙ8m≤‡ò‚RGl@3W5vPõû]ù∆)≥’Ö6mT.√:•0Có!W.#.RN*|µb>©∂•vÃ¡Û¢æõ00(ƒA⁄yîK±
∫M¬e¿*¸æ9±-J3’ÿgqôÇúÑÇÖ6PŸööé«89≈pJ¸(8Ï‘•≥“éCú]Wl
†F\°g100r◊kX€T–æ¿©*SÕ0Ãs—Ë‘≥;3∞À≤âÑ
™íY.”gVÈµ_¶ùU≥0cïj	'ÚR≈Ì®ÙØM	f”iÇ)dTETTXËÃ≤åijŸ˙o◊z’çq$ñvo≈°	{˛∑«ª_¶îËË!ä©Tf√$“H™Ç`˘Al◊≠ØŸ[ŸÏÙegk3_ÁπeÎ˚¿Ú˘˘hÂﬁ=”‚úyg$TÃB§“hQtQî†+≠jıvtÙuÙ_ªß98ÿÖ£ç∂â¡≠Œ∏ <^w7477,W—Ø?°‡s}ó$ΩèKÊ¸édÍ˙]«‰yﬁª˛£–ö˚›‘YnåD–f 	e8l	ëŒ€À7ÍËö◊o[ÿÁèôÕZ2'•Nuö˘|6˙…"6-ßìmùFÿ≤â\qÀé#`vÿÏ=c‰Åà¿˜˙ÜQÁöÊAón1∂€m∂8‡qlvÿÆ«lN*6ƒà?°—êà§Süüm∂€céa∞ Ì∞;∂ÿc∂ÿm∞8Ç§mnÀçäÅÕœ=∂€jâŸBÇ€;cÄ$m∂¿É∂#`A∑mVoπ9F€m∂≤ÏT`6;≥∂ÿÌ∂¿Ç1€m∂€∂≈ï≠Œ6€m∂†#`0ÿ„Ü€6«Ü#m±ÿc∞€m∂€m∂€m∂ﬂˇƒ            ˇ⁄    ŸSv´Øù≥¥◊9Õ∑vò(äyâ†ñ!4¿%NêÄñ¥UgA·é[iÜc(™¢	®mT44‚ê$É@NÉM+Zﬁ9£÷yÖIö≠sS%BEJ3®i4!öÛ“%1;õOZ”kΩ3\ŸŒ1îk*Sá,I	†"MtYkì¨¿r Ó¶ã≠˜”Æı~W6\±T*“
I*ºú®b¥"Ûi$–ò$ùH…]˙Ê™Ôm∑Ôœ¢˛sôÁUTÕÇU(ïiMJ
Ü&©$–ÑKIì©–Ω:4∑◊…‰Õ∆Hhz4ï$&g5Pƒ&©"ZU,®@ïB=åÙõ'nù™rÁÊW2§ñ:h!RëâH¬≥•Y≤\⁄NfÄïS%«¨¨∫äÈﬂ~,rœ7o ÕQ-√r! húZÀMM“Â{#l≠ˆÛ„…I¿®ŒGEƒ±T&)…¢A§‰a-,≈p∑LƒﬁıÇ´À≥KQIË(dQ(r	Ài $—Kü≥y’ºçf˘gGûRâ¢m&ÊàÖUôBM ú¥&§RˆiﬁÀXôﬂª.,fBfÂ∏cpÜïÊ≠%Bc&S%ïöI?@Õ®ß∫€ØèáÀCS§°9õFtÜCrÄÑ⁄%9ë˝ Ù&ÙU∑wõÕœ∂|mº≈i)i%@8$Lr‰nS%Àd7	≈Jù=˚“∂ƒ™÷≥æ9\ŸhﬁH"H*A»Q§$‚“•éZ¨öy∏Ø§[∫&¥È|∏ìü2™Q-	Õ  ‘Çje”j$&˛í¶ÓÀJÛç‘rFZfÂ!HöCDßòÌbIπS6àT¢†î}UKﬁt÷ìô»åÒd©Ãò•MπH€Jú®≤\§êpLƒ}z∂izeO/kÀ‰Sq$,Ö
(T)*e\U	Ã≤j*o9p<Í3_]Uk•`„/V<ú∫
X≈‡É9rê…°KJ§*RuúàK2ACå◊◊ΩkKÈqü≠0ÁÏúÙ å¶3î&Â:â°r…§†MKr§ÃßıÓﬁÊ˜xG6y™—gxƒÃ:∆§”Nwö¢(íà*F“í`2ôA	˝¨™Ë≠Vkx‚Æn†ú≤SìJvÿîF*Z-4¶åÍ%√&$AˆöÀﬂMˆ’s„Ñt•%ô∆2ë0!∏)õÁŒ•“¨‹í≈(R¢b\˛á6tn˙+áÃ’añ‰Èç∏Œfô‹°M&ÂºÈÑ)	¢ú≥&?Kv∂ÎwØóƒgíÈçqàîﬁq3P—ñêÙR•≈ì#Ñ´6dú©Õ·2≥?SçNç,÷9|√ªkû¥‚ÊµI@&öp≤´Y&¢HBRJ"sKı{om?S„ÚÖüf‹ôúìd‹Bq-S®V÷j
îC%Dí†òŒjLˇ _o\=„eè-:sÂYLt‰)äöíí÷,Ã‰C‘L©2jag+ˆ[™”LÔ%—√Ê‰ƒ™ÅêgOLÊí@Lq*fHJ≥îÛÉ8!e˚~ÕŒìØOóö„,4TÊ)'RÜdœ;yTí£2"ÁôSåºÛò#˝Ï3œLuúr£>{◊çmRœd≥•7 íπO5õú≥Ö
0ŒVyNsú•ék˜+ôínñuêù($Jê’ç±4£zïé9∆QñQ,c8ÕDgú˛’¨L¥ÿ	SÕ8 ¶F™H⁄íùb]¶&ŸñQñxcé8∆yÁ8(Œ3ŒqàâBbnbî…Ê§ö°]'§"ú7Jõ•Õá>8gÜYFNy«ÓsúÃàBJú¢"$'UeïR‚öjﬁÆ©∏\¸±ÀÕÜK,„û1 s˝‘òï9“JëL®ï!ú†vÈ€mÃ)UwµS≠
úrÊÊ‰Áú1√(«,Á˜:⁄˛;Ê?Tì8âQ(âQîe+5•ÈnÈôÛrrÛ√€£´ß´MnÏQ„á>cñ¸ÿ¯øCÓÚ~EÚKÙ∞˜˛Ô¢>kø∫?7Í˙èzáJ#À'∂˚mN›)Â‚‚Áç:;:∑™∆1áü≈á7?,Ÿq¸ßƒÊ ÆÃyΩµ¯œ0sÙßÈ]Œsö'á<˛3¡˚œ§¸«ªoöÚ˛≥⁄„È”ó‚z}≠ˆ˛ÖgÛﬁ?OÁø	ÂÙ˝_O∆xöÙxº‡  –  z_g√Àı^7ÖÂ˙}z˝Xc…éîJÈºbw≠¸ÃÁ¶ M      –  ]œÖ ’‘¢1Õ&$ –         4¡  Èºµï2)Ä4             kSHëL††             µ©aî  ƒ–           –  4Í              à      ˇƒ C    ! 1A0"@Qa2qBÅPRë°#`3Cbpr¡—$Çí±·SÄê¢Òˇ⁄  ?1€ˆ$“;Û§k¿¿ƒ∆ƒ»¡%9Æi3∆ı¥V‘.0>{|'‰ü,«œgß∆ƒÕìúª¬c‹ÕªDí}Dùıàõ÷Ó7,ﬂD7.˛®4ùîóÀ°¶;»›S"xXmipì=π]:ZË(∆khŒﬂ2˛˝∆πÕ2oy®uàÏ^T÷˚÷Co.Ö“ıΩGLÚÏ7o∫{≥8ü~√LìÒÈàÇ¢HÑ·~U°I°m∑ÔµŸL˙W∏ëÂÉœÕ$´ÍÍzÃ,|0p£∂Ã9 QI£Ñs=óe„ΩjDB¥l¢≈{TW√vh6˚Í≤tM∂”*LT4ªj_÷Å<ˇ s§h£ò
Êäì&°ƒ'–7‘Z@¶Ù @øl`º±Œã7}1L∆A›nTDÉøf'DùÎe◊˘–&QàŸE™¥6%sy“ﬁihXå¬√-|ìımF8°qÅÆOz=èG“ı#ƒ=ØïeïGd¥¥¡À[ëß7Ï¶åqkÅˆX¯Éª(l5·;ùô≠L!ô€M1pò÷añ‚áf ¸Pﬁ^È:â$ﬁ∑#ÌŸøwÑ‹πÑÏ∫‹ó	√√∆ÒÑÉÌ˜ÙC¥1±dÿÔÈ∫nõ•Oà¸Ll§l;Q‹ãV*–ÖIæû£¢«¿kõgß1ßÈåøc¢ÁªáàÊà©≈i¡k<1#ı HΩ2ÿs†hÏ<F?)Q6µh˘¨,ªAï tM∂’êÂò∂Çl-Geõñƒç©4ì•Æ-2£µ5Ë:ınxkÄ 9Xònc‹”ªL≈¥òı Od .∂•µŸB3HG·Üú£`ù^(#*/q`…G⁄†Jã)–cÉFÂŒ3m ∆ºC·ìóâ§zí]π’:-0¥;iO-s…ÀÒXl6Ä	õhìÎö˜∞À\A¯ÏΩÖΩÄc–Ogˆ“7[ﬂY{]ÑKéS1]·ú)Úπ3û0òû⁄–˜ô(N†æ∞bò¯˛.O("‹’±=ô4i˝¬Œ–_ê}◊Â±ˇ /„dÚLf≠£ù}’˜–ˆ“2¡ø€IÙyNhEé#Ÿ5•∆ »ÌIà‚ì†n∫Ü`µ„#Û˛àhkAÂ´¿Ûgù≠ΩÆ-22tâ–BE‘(≤(Öt‡äˆ∞‹Êª0·$ïh”ßH Ûb‚2ÃÁ)„ä084rWS”bÙ¯π/ßÑ◊∏´]_eêàÛƒvàæısHâÁ[∫éôÕ&ŸõnAuÜ◊é.∑®£åˇ È:vc<ábd˚ß @3Û⁄∑m∞°4[-äwπ£Óé‘kÑ‹Jñ˙>jwXèœÔS$˚‘dáf&x†{É\Ÿ≥∑ßP‚˘a—„ƒÚózIäô5Õàä`ªb4Ωôõ»ŸbdŒrÃq5ö=Ÿù0¶∏≠ÈÚ≥!tÚ
íπ§Zh›˜ä=ıëˆ¢±á·˘ßoG†∆⁄ü”ëÇ‹L¿É˝GkjÑ
ÖzN¯^˙‚x-ü•BqY≠¬‚@–MÜ¢IØTJÛàw˜Rg@Rb*2eq@	QmÙ;√ÜƒÌtÃôºÛÇ
.ê3∆ÉIò©ëbø˛ß0Èˆ–	¡~hÁ⁄°ÆwÏ(ÊÂ=–“vÌ%AÉÈ_◊b;¶Qº2ﬁı∂ô£@<ß ‚.∑(HXsÛ‹M”ä:Z'ò‘6ù6çé∆fÃw+©ÈﬂÅåÏ7nﬂjq§õÌ´®,¬≈fFú˛·M\◊4¡Ö˝ÇØ¸πgkÕdÄ∫æè¶xk‚‚ƒjµA®â∫~+ﬂ ∏êﬂ¶hvˇ ™ä·±ÿèî¸71ÂÆGiŒs∑:À0ºêˇ 4›∫≠\Ì´ÂÀÚá=†“MÑËn¿s≥√áÍ®çË–+)‡¿tÉ*lÇÉIÚƒ ≥JŒ.!^≠cù06◊vîi}&45≠-wö#è}ì7&∂ˆ–
›∑}«ÕÂàpéúÌõ{ƒSèBwMy√ﬂXéQÀ¬üçéaàl[F⁄:~ã∆¡ƒxƒ ∑ÉI1å<G0»›ZÛKeﬁì⁄çq¶-=≤“—i¶.›˚iÈ:vcbev.Knû‹Æ"vEb3√öG›oO.QÔ@J¥›≥$á^v‘+Ñp√¸‡ëÒK@ÏÃ÷“Ãπõöbo©¸∑ä|Ÿ?ﬁ–>PÑGŒòù@kÅ˝ŸòÌõ◊õçıâ^;PhP4íb˙¶éƒ{£1òŸ≥h†oó7 ÷<ªˆw+ÿo V&#Òò…Ÿˇ Öo˙ø´ˇ 7ˇ ≈dpÅzø·ÜÕ28ˇ ≠FÀK¢√≤>Ëé„±‡$Ã´ïµÃÇ~Bˇ  ﬂ7>⁄Úˇ á2>’N˙/®àÌàÏ€îAç&ÄùcAÑ÷9Ô¢Â9Æ"!M˘S”>I≥ob´°tù$k Ëò≠ªQÓ¨éí˜Å6P#viŒ≠Eπ˜•≈ÊùõﬁÊ9Ú÷Â‘∂ÅˆÌ[N#Xn¿Í∞=˘ÔGhº‰ÓZò8^#£0tËˆæì°ìò,IÃuÄÏ1ä√à‹ÕõÖ’˛[∆wÉ98ùB˝ó¿Åıóm=´Sä5†áyÄçæt⁄˝ò¨ò°âµÍ<˚ÀD}Ù&ç0ÌÅ®¨[¥7F'L'7/º˚vz'eõTÇ;!q⁄æ∏¥ÕgΩ·∏1Ø·Næ*D H(õ÷`vŒwùπáﬁ4ùÍÏ<@∆∏∞ÜùæjZ[˜£î˝ ˝ÈÌßÑ“Z‡B+ä0√¥3$˘¶>qÛ§1Ÿ\}∑Y∂¯DÕ<ô˘∏”hM…ÊükPíW≈•M ç˚ØfWDÇé∞mje0mµ ùâ≤1∆í˘Aç ÏŒÉÙ5ÿ¡√œòyD	Û[‘„c!Ü^rÉaK£úòq„ùF¢ä¿oò†â∑+™gL◊è;H˝«ﬁçO‡º;Á˝.˚VS£É:á-qën(Lùa&ﬁìƒƒòXå,{öb∆áÚ_î¯≥Ÿ"=P¢≤âíä25—26DEMµõØz¯8ûƒè)1:1pqpùïÌ-=é>{V– ˜”¬∑f≤€ÿõ’éâ¥œz&ë‹â“b{B Ó´òÊÅÏS1\Õ™-&E∏‘)¢Nô'ªïŸsE©m ﬂi’d¸GøÍq6ÁE£Ê±m˚ êklïãÈäƒ'eÜ√ß„ŸßCr^g·9én˝ô“bVâà÷ÁûJƒk»<v%9Ã!∞ÿ˜ß[Öì√9òÏÕ˝?ı´¿±îbm‹=˚∆±óî ˜•®‹G0˘Ooßƒ¬f'ü;cdw‘V∫`‹_Ñ»Úë¡ÔF„F.	√Û4Êlÿ°z†4πÂzª'ñ'ÊuõTÂ„∞Ÿõ"◊Dl∑âG}Á≥:Dsﬁé¿0T°ß›3É<6òÛUÅ§‹¬ç z &Äi5ä≈	§iíMaB¡≈v§{B1Qßç Íiçä¸B%˘°†(§BõF¢gT˚¢◊6>vßÁÀñﬂùqdEsúëWí¶Mââáàˆ«ìqŒ´(¥ˆHÇá´ûÊ√Ã3õM·c3∏Ñ1˘õ¡DTB htÑ{>≤f‚Å£)9øn¿7”o¥ˆf≈léÈÿocåCæur∞éq{37⁄bÑå≠Ú˛ı-!éﬂ€Tt◊A◊í2ìpGD◊`yÛóyH˜˘CÌ¨\´éÓ ÙõwZ'ò—É”b„eãLŒùœ¬{Éáóét≈®lw’ï§P˝µM|2X];h"9ÏËòÏA–ltÌK{Pπ«îÿõŸX{ßñó€@$l∏Ì‚<87»qŒ´Æj“–nŸ–îÊ?DAHPª¸¨F¥õS3ƒnsõï÷·Ùÿx—Éâù±˝4á9≥'—q†Vîwﬂ∞¸,ø®1éptp†–s⁄⁄ßE®¸"∆Ô‘%øm§S) LX,Œ D€HétAø∆ñ„b7ÏÚªqÜaóÃEÑ◊çˇ öü;ˆ¢ß≥1≈í É ô7GÌCæÄû‡]9cÌÿ¥wA oÿ∑yπ}QA≠±˜QB)ƒ÷∞q7)dLÔÆ+”·‡ª?ââóÀkMÙÕì√p sp{P´[Qπ\v#] ç∆›≥Ü·"hÏúÓ‡œk	Å¯≠ivPN˛À´Èˇ /éYú;‰&∑;†"$¿ƒpò¥©“;XlsçìÅå√.ù@QﬂtbiÜ≈{ ŸuëP}ñUΩ#EÅ˜Yçë†VÙûYl≠ã^∑Eh· \ÇÃÆë~x\z;QçÃËê>Ù;ÌQ>˝óòÜ≈¥êf˙MËüÈozÏ≥!oÔËŸäÊ}&Œà:8§ï=âXMÒü/›~[ıym"yWF¶ı
oî}0eFãË·4ã⁄mÆ,/SóéÔ∫¡~ Ò0ÛH± ’ÓÃf ˚"« oQ€√ƒ…>F∫DA÷ËÅMäi¬[?¢ˆﬁH'hßs¢*Nå¶Í¨√à–Á@˜Ohn!ò{’”:[`luònt¿€Sòˆ˝M"êòÚ”≤≤16EŒ-≤	¡Õ@(¨Zñ‡VπQíÒ±∆Îæ)é:_Æ√$;ı0– \/	¬Åò£¢mŸäìaÿÉFÂÃ'naÃcj[X^lªZ∂Ù´[òƒ«ﬁÜJ!∂æãBÁH›?,€KrÕıàˆ©v1 ÿ˜–b’Í~#Ò"Oh˝ë-$≈DÕx\ #j6aJt–÷57/5Ú€˚£ΩpèI‡báµﬁ'Ë#A”	·°∆ò{ˆ[»–#[wQ'Fw‰À6ôç{ "(3q¢(‡&∆Q’&;V¨v∞ﬂëÌpã]gU˘ú\˛m™¸<¨aÃˇ e‘πÖ±<ˆH◊¥ÉFÉ+)P <≥≈vBŒ-ZŸpã≠‘ì)ÉdHˆ[—Ÿ&»Ì∫:?ÌFD¨b¬ÎÙÄ¡\Íˇ '9ßˆXaÖﬁgeºOe¶
qâß±Ï7jññ∫Å˜ÌF‚(¬ >PÎ.uÂ1ÿÖ4∏AﬁP“∆πÓÄ$ïNÎÀDÈﬂì4Zjt_πåﬁü#Ã˛†k}∂l; „ÜTÈF≈]çÑ+P¥IΩØ,pt⁄ò¨¬√-ƒÃHÛ˙Ovpº-éyﬂà÷>˙¸∞?ΩàÁeóLZ3	Ñ≠∑eÉ{ÒP.û‹é"vˆ“,j@p˛mÈì»c1Àçï…¶áúg‘ÃSÜ]óckÍ¥RLD˙!‘Ùß§ﬂ”y¿ÚΩøı–6Eõe9™Ã<€B¬˝ªR§≥∞°Gh«ΩM û;NkÑH:â&‰Í?}`Ïûs8ò±™pº1 ÊÁ⁄Éuãä`–˜QÛË2ªŸ˝’£kÍÒ·‰ü,Ã'DåΩÅ∂ô∂¶aóèt·"å{òd#àÿÿ(6V#Z"6Ó`⁄]ñc„CqpÚó´Öä¸,@ˆ!?‚b;ù‚∞öÁ4»:b“äíã\8§J`G «8>!⁄Zﬂct¿/ Ï°ﬂCﬁ^Ú{# xü3~Êié”ÒÒû∆5œ$7nÙhé…kÜRF˚(B9P2Ô†∆±uµ&≤h(◊8∏GzøÏk	PëSˆ‘,t∏0éúÁ5cÀ!ÙIäG†f6.9LNâ:oQV≤w∞˜[sFí”!`‡xÉÊ(ò˜´ò‡:~Qô§|´©ï+Çù;ûQäB(–`˜≠≠Æ ’¨sú7(ŒÅKƒ÷’Úœd¯yNn}µE Ô&L◊äM¢(Z`[zêB/qÿm™?ß1ÌâM«f-¶;QV‰égHhÀıﬂŸSLSÀîZıò{†áNNp˜)ò,8ŸN(Ô"ÿ(≈yQ%eoΩB≤(ËV\®—’«°-∞>˙ˇ j<4â0wÏ5Æq ≠∑¨∆Å∏X« ª¸6ët«dƒ´Ÿ0ò]Ê0S∑jﬁ˙ãà–N€jâ”ézSáá·á~≠Pk¬~&(sl‡∫óÙ¯∏^.h≈?S"«ÏÅÑõßÂ.0#_`öçØF‚‚ @;†)∑‹˚)A6Â–Ü!kàÜÔÅNÀ6MîO`G£{úÁfqì´∞;Ã‹¬;1‹æà14„Uµô] œƒ⁄ëŸ»Ïπ¢±°¢JÚá¸#aa·ΩÓÜÓ†˚Rj∑~k&Étˆ=Ü“Œú?ág$,hçC@õá%9∑(o∫ÊÅ9∞˜[Èç#,|ˆ!aú0Òùπõ»ÏÂøçÅãÇË{b”S™Ë}\~⁄≠kS®=6q‡á
ﬂÑ¸é§ÔŸ5ƒ~wLn9ÏÇFÉ⁄A*DmÎq1±qŒ‚PFÖ>pj5Â≥*i4ÇπXeÉ70‰+Iç∏LsrNk¨V "Í	±†P+£u£ŸF¨<7‚?+Dümç\TˆsΩ–câçàOhÍüö;/k]ïƒÎ;€}#Å
	Œ‘~+ﬂπ‚?•ˇ HX8Ø¬xsMÍAà≤cã›¬7:7:/µmú—62†Fò—=ËSŸ!Bù©z`fÛL√ip„Â8 ˚Ê¬*‘≈∆8∏Ö¯QQ'AÆGAtXsLVa5òe∏ô§yá±—¥++G¶µ[“”]÷}	@†0|7\Ê‚∞à#’∆à§RZaúòçvPË;äÊ;≈¨ È≠ê¶ò)ØÚDJw˜˜GdDÌ∫k\„ Iˆ†£1÷ºp·zEFãÓOÔ[Ø}F7‘”`¡4iÉN7EƒÄ&√m*äNH¸–EyÌ_π¢úE
tMä. 4}ëWØô«‹˙[!PkØm®2Õ”≤q[)ÚÎ*h%e"ÍU˜˜RàNä¥¸|†H Éìm´≈MÖ#ªÉb¬êk1H∂õT=ÕÕÍ–[Ç0ösKåÀ}æt˘`{◊√~LÒÂò–1[6: ƒÈãjﬁıÄl|I±‚#û◊¥‹,|gcbπÓâw≤ì€Gì√ﬂÕXA§Ì€∞o¨9¿õ”˘]0›†“(Pçlõáô˘s7Óà!J ‡‡©WÑv®°‘tXPhë6˘Q™)0AD…ö\]$û¿$TnùáltàtÛq˜QHS≠á?Ã‹√€n»Öj4√\-}S^Ê¥nSõÉ∏Ï·`5¯XÆÒ/Í
û=|ËgÖïŸ§59ò>!ﬁnE! ú›	’
)8^eÛO’B,(E®U¥E⁄≤¶‘¥gzÁvLº:{ŒàÌàÇ#˜Ï\œoîT˘@ˆÌGÕ<µì‚ü·¡ôû*[¶nâì§hö∫&ﬁÜ›∂Ôs	¨È¸yøƒˆ#@üÍÑ´–ª ~Í+¶~\Ô8èÈCK°dQW4ãv?jÈ”ÙÓ∆ƒ 'dA¸vé¢◊e-é«C]ÖìÕá?3
:SŒ#°^8∆oÔe˘^£ÜÊˇ î v€ı4è⁄ëË¡=Üëë?ÙVÔëÆ££∆¿k¢$°πw∫∑hD›rÑs€cCù¬pá3®n†Mfæ˝â@¡SHSñ(√Ñ‹ŸŸöGæ »"› MZ‡AN"îZó—|h 9ﬁ≤b(ì‡¯1ƒÕø.5fv\≥m„∞‹~°ªb;u˘ßœô¨›´ƒ¿?V˛í≤tßıΩøq+ÚÕ?N6ˇ ı_îÍ?í~◊EÆÇ>˛é*—. ∫>kkZ∑©âµpÿÁ‚5£wXòo√{ö·n≠L¶&(\‚–$¿ÿ{vRFcmsŸÉ¢{Ä)§ ,™4J"ë@ú)‚40˘o¡On\ª^Í(·X]õo(ïeÉ ÷‘ÿq›‚∑ÙwMÍ˙ñˇ µr¸…?VøÚˇ Ÿ”8«Ç·? Ô˚Ø¶'˝sõˇ 3Ïø*O”ãÜÔﬁ?˜NÈzñˇ ≥wÌ˝ë∂ÎÇ5∏í}—y-hˆ€@B¸¿VÁ∏jÁ9ŒíI&æ&&L≥Â<høj4”≤…Å"SZN‘ÏeIö`uß	ÿg	èi˜’ yµ`(AE{RVjeïî≈'DR&éâ±’
’µn ´T–G!F∏øiÆsvquùH\˝Óø0√ı`aüµîÙGÙb7Ïgˇ u·tÁn£ˇ S{k∑Y]ñb⁄õñÛÌn·ìumQiÏí¬õFòPf(Ê«~4ﬂDÆõßƒcÛ„dp˙gjcäJ‚Ü»¨«)
sH§W}⁄f±¢•π~õ˚ˆ§ƒzG:]9@VÓ ∆ˇ µvMçm¥~’(}™ËéœAÇ7†È#TV2¿2èæÇÍ·x!ﬁ'û~üÖ›7tÎö;,›6;¨h
LPÂ¥4¿É˛knBs~⁄ö	 iÜ∏@øˆÏ‹÷˝ë˜yﬁÄÍp√nB◊fñ‹F«AmÈˆFê}+CÂ9º(°	µ"⁄]˜ï Ñ%πcbÎÄ≠?∫-3O,ÓÄFÄYe>»iPAƒRjBñÂ˘†=íÇ1ÿÉ ≠ÙGb9∞E¡≤»bc˜◊¿B9ÏF≤ ÿŒãO5Öî”çg,|˜\”!f'sO≤Â@„d√ñ.S¥El≥[ezZÉÊêh(gA‘5rÂl˛†° ËàqÁG}scdhÃg1èhà~Ú5ó–=©≈«ácßN“ÔÖ¿é78¯„¶O—õ€¥/Ø YÛ≈q1àFnWàÏ€µÙÜ&¬†(¨SäÖ∞NQHQLaæŒq¢ps≤	Ü…ÑP√≈8.Ènıä:‘äBäŸ∫·m©çÃˆ∑‹¬≈¡~ÚºAâ$œq¶O¬Â5≈¶T–.}ì0±õ+g(ì⁄.ñÅ”≈É·Òö}ﬂµÕpõ@6Ó€µur¸PƒP¸ºKyîmI6RP w∞§yMˆ–bÑZXt»˛ãîÿë"Bƒ…òÂúºN˙8–hwîZñùì≤Ê1∂à\'9Œ2L®Ô=ñè+º§€e˚Îõhärú6ÏFíÁeõV4ÉÿY„∂{pW(¥Éq@“{±@yì±qÜ] mHPÆè ·{¨ø=ÇYQWïrfÇóΩﬁë¨#[Î r =Ã6ÙÁ3»È˘¨Z∏xòåú¶$_Hâ∏Ïq¶)ÂÀÚ¢†L⁄Ü-jêÖ~Í)	ÕÉ°≠ô∏€î)ïE÷C∫!È)jÇäÂò˝µá&«za…âèø`˙	Úù$G§$ü€≥mmlÛ	¶&€ç'“õˆH#≥ä¥" ;»V©dt›s}W¨ÌSÖ†ñπé∏÷2Â2>«¥wÙ\R=¥:c^SV˙€ÑCÛ?-ºø*4∆òÏBkt≈¥]=ŒqíTT}®Â6Bê]çÈî¥ßŸ9vJ„∞#ï–EπÌB%GaÃ-â‰HÏ≈-\QÃ ÊG("4∑/ÜÌßä¡÷)cûK[î*«Ωõ§P©“h1ÊÉgoÈsé‡w∆à†éU´ã”5∏-x≈i¯’*Îîƒ~ÂÀ* àQ‹ä8ŒñóıqÜÈú‹{PËçÓ;.õÅq« ãˆb ÓA∑f4BÖäÏ0Úa¡ÀÊ˘ÏóIWÙlvW≠~=K€Ü>óvHÂB⁄
~#±ô—(.Q3Ïå#∑¶!BÖd,t—*4@µ’˚\iÿËçŒ-õÇ˚Î:•b8Ω≈∆/ﬁì:à#}ØÀóÁ‘ÅQL”∫éÙ* °zö|«nnûY'(Å¢ÇÖs™NX˘˛
Ωö”vÊ∂›£à< Ã¢∆srãúw:Å¯VÌ#m'∑∆›ô(^çasæJ Ê à*SQnmëYŒRﬂ}3hÖÌ¬ç1S2∫&=(VˆÏrΩñf¯dd?Vê‚óäQËLî˜4ÜC ÅsÓÉIò’«j*mv“ˆD\¶⁄«7qHMG12M∫q(Ó°eDP1Ó€˜!1Ôg”Ìƒ˘g˜FIÌëH^X˘ùQXQ´/ñs∂ò’Õ-7““ÀfﬁÇjçıûÈ  ﬂ⁄ì´Sßƒ≈Õóé…§iΩÏ!ÇZp¸‹9uhPπQ§9√c
;QÿÖ'ûÃv£∏‹ô]-ø€W£HﬂdG=ˆ∏¥»®ÒNS¿Ã@tçAﬁç`û‹(“h¶‰3.ã)≤ÑBvà§òçfÊê`V0|)Ãs{Qπ'Ã|#:ÁPi3m¥Ea9Œ 6g.›®–cΩÌXÙ¡Œn«∫DzHYmHQ€çdhç@∏’ççÍŒü¸?ßÕ;˜·1å9≥?-≠Ú¢ê¢ê¢ê°Gv5ùØïé¸7‚K0Ú|i>â∏O"CMcTvÔ¸ÒòQzBÖ#Aâ∞§(PÇk}Ãjä¬Ö
(¨Wö∑hô—¯QãÜÿiFπH”
v≠¶)¢†®—nié˜ñ6˝‘R4∆à–O∆à¨R+Ö
R;1ÈoÍ„H£–EcDT73†~¡{fÁeãBç£\(§hÀX§(¨V)ä≈#ø≈DràmªqQ}¥ç’˝Xà2;ëX—
jäBÀæòP£“Oñ?»V¨P“—X¨vcDw°Bä≈!BÖ
)
(P°BäF®V—“€ü‚Ô-&›ËÌGfv·F¨ªR+
(P¢ëHYT,à·¬ÖÖõ(¨R;°E!3µ“¯<"÷{÷ÀÀ¸#¸ƒ€@è‡rk#¯Vsñ?ŒëHß=“?œ0¢ê£TR?»S¸·1¢RhçQXÙõ¿˛e˘‹tﬁß	¬≈?™cF“∞q€à’!HR?YÉÑŸô]G‚8ÿñPáSéxÖ`uòÌ≈l‚õ´¸ô(P°EcºÁµª£éÈ≤Ü{(g≤nQ¬Ã=ê!x—∫≈¸J>Ü˛Î®≈ƒ›⁄z^∏a‡w!¯´πb¿Í¸VŒÀÛ.ÀöÎ∆˘^)^*ÒWàºE‚/ØxÖxãƒ^"Œ≥¨Î2Ã≥,Î0Y¬Ã`≥)
E,≠Ë¶í•Jï*T©R§)R•Jï*T©R•Jï*T©R•Jï*T©R•fR≥,»ïôfYñeôfYñeôfYñeùfYñ`≥,Î:Œp≥^≥¨Î:Œ≥Öú,¡f
Bïò,¡Jï*Tßu'8∏”©wÈC®≈¨,wgÛ:…˝SF◊G¨wÚ¨Lg?≤	†H+1˜X]ahá]3©√yﬁóWWY£îÓπ†Ì+˝!˛Íg‚n!g+ƒ^"ŒV7S·èüdÓ≥®$˘°xòüÃS:úvlÚõ¯é?0P¸M¸∞&uXo+ƒ+ƒ+ƒ^"ÒWàºU‚ú,Î:Œ≥¨À2Ã≥, T©Rßª=âR•Jï*T©R•Jï>¢T“T“ T©R≥,À2ù2≥)5ï*S±a;«”óºç◊çâÓº|XåÀƒÛâä˜Ótt¯„ÈwÏº5àˆaÔ˝Î=öãâ7◊”ıp_˝S1Xˇ • Èÿòm›¿&πéŸ¿Èï*VeôfrÃVb≥¨À8˜Yî©Yóåœu‚∑˘óÊ0ˇ ôxÏ˛eùf+2ƒÎpªˇ ¢ˇ ItﬂÃ¢¸˜Mˇ ‘C  Ã≥,…ÿçhó8 è‚òyÏ”Ëu%πºF«›3è˙\‘`7|Fˇ TÈG$˛…ﬂä‡«Ïù¯≥¯√~-çÀ∞øÈûŸ. }ä¬«¡≈úèANƒc~ßÅ˜)Æ”!^í≥)Yëpc~-ÄﬂßŒõ¯«OkÇ?ãtÒi˚.üØ˚X˚/ÕaáÂ.ùäΩës÷w¨Ô˜YﬂÓºGØÀ3ë.˜W•ı_F'T÷Ìu˘∂«“èVˇ `ø6ˇ `ø7˛ÍoQÜ~äÖ
~Â°æ…ÿØ(9√î1ƒ\];≈5Ó	é3f%RQ≈$f6+úâ'∑‚>#1ÆYàﬂ´Ã1p_ÙπGfTË∫ø∫2Q3òZ›cuO√¥›?≠∆pâçƒ{¥¬¡ÎsXÿ£‘ ƒÎ˙™vg&T(MÃ” êúÏG}O%eYVEïdY3±Ÿö`ß~+’<∂˘ëín∞Òqpå±≈®‚‚ªwª˙¶ıCv≈ıN¸O¨v\ˇ ∏›a˛-‘3¥˘èˆXò¯¯üV!+Û›^@ﬂ¿O≈≈‘Ú}QŒsç…+ß¸E¯XeπCΩ••ø√ˇ T3eÅ¯ûWx≠∏⁄9XoGãøê¸Øx,^Ä’˘qÓø.ﬂuè÷tÃ0”õÏ∞∫éïˇ Ì2˝◊Q‘Ù¯IŒS∫‹Y¥Ö÷aüÆ…Éˇ N(_ïw∫∆~‘Î˚'ıø ±ÌŒ∞‚9MÍùÕ—ÍpÚ¸ß‚9›ÄH˛,· v.#∑qX]n37ÛîŒª€˘QÎ∫a…?≤ˇ I3˘
ˇ H·ˇ !N¸Dƒœƒ˘õ˝1ÒÂ3CâÜ7x_õÈøùøŸ≈;Òl?Óè]é}áÏèSé⁄4n#€±ÑŒ≥˘«Óº|,≥ôIæ∂øﬂA:35xü9Yè∫ŒVr≥,¡f
B≤Ã“v√ﬁ ôX?ä‚¥C∆oîˇ ≈∫Ç|† ø“}d˝Ÿ∆íÃÛ,nØ®≈˙üom~&'ÛÚ§îÏ\Gn„ÈÌD˜√ø‡\®Áz0ÌQ‹üÛÜg{˙`Ô¯.
ëˇ Êí•O¸ü˛Ûßˇ √Øˇƒ -    !1AQ aqÅ0ë°@±¡—·`pÒPÄˇ⁄  ?2≤ø t‚: ùWÑX_àér…xÄÔ ÷i@fêPk_0 @x0`˝˘“u	>êØjlŸá…z¿àñU>¿9|xà,—ööÖôÏy£\·Ë¯y_â8AÏ¬8~c"ÎÚs%záyn
(ˇ •¨QF•òEíZÎ6PÕG†h˜êì≈_0ƒàT+!ì«,7Å)≈‚P4F·ìs©Ã"%Ü3y≤ÂN<nPKáf\		Mä‘!)]ÊÔì	<S∏Ä(ÄÜÃ!ì?'GQ@¸√Œ®)Î≈¿H?î)P¡˜(63LÇCZ7Ã` ö X„Ún)F°,ˇ @`lT)‡n3C1≈F`Õë Ò&·πÃ8⁄ép±‡ æI∆@ß‹Wr—tπÒ
|“{Ä@‰`t.}» ë¢8ÓÜìX%∆G&˝<J‚“›˛Q„Î5bÓ)«pÇ	!Bõ¨u	ı8ö≈¬<*"†7Ê"¥Ò
‹ﬂ‡á˙™x√L1œÉ≈¨ ¿l∞ã‘a{Ñú`—XXNë_π∆^	÷/Ü€V|"‡ˆg∑¨©Ã±Üâó¬√ªûçù\)ä¬©KwÄdPyJ|V≤	h¬oîPº2ÖB@°=ŒF2Cë9x0(w6lsüºqUéq¢Æ/∏¥m
∆Û~ÿ –÷1·é¶û){Ä3¯¡‚áÒF®˛2IﬁP\X©( 0É{ﬂÒ>qäº9®Íá»aXù¶°"÷˝ì˝AØ‚ÁV@ZGπRóà”Xª"!˜Éá∞Á0à ‹¢a«} º?8;π–¨∏¡ Å¿@πƒrá/®!É 4 \I˝0^írEÓ<Ûü <Ä=4ÌxË∏i#à¿àÜüQòáq∏óÚÑñà‡Ω¿l9¿‘$ÇaáXŸ+¡Â|¯íõ0∆ùc~ còpäfEÖNéWtåÜœÃ(ànCÑs‡4öå+¨‘iC\˘Ò úÛ ®>T%Ω˚ÜË∞ˇ ¢åKwËÛXp6Î&©ı‡ûÒÀ È«:&Ô„œ»≠vı:m`ÈZ«Â˝sŸ¸A?g‰ûGÅºí?ØÃ˙wÓh‡6¶°9â%p ‘·@!		’`A6ÜÑR,◊∏ ±Åê`%Ópedúqÿ˙Asº
=M">'ƒu9úÍ˙uÛ˜&Â˜«¨ŸüqxÏs∆†7Ò	™—◊‹ 'M	u∞:[ÑöC xÊ
<~jÚXUÖÂÓ!1¬Y»ı‡D¨0ã¸&!,ø'¯tJ,<*ohE¿,‘'‚÷ÉıÓh∑◊©uﬁ£B	``EÜ</P,sÇÿpÿ;»°‡Æ¸Ä Ô Üƒîé"‡ECr=«YV{`oNsÑ?ƒÉõÜÆöà JåúWp 
¯Ü}‡mê>DÛkG√Öé<ÇIf"ˆàÉ=`kd(≥œà£Ê∂xóê (b/óU∏ı åÇ„\«h¶Å≈Á†˛1∞±Hw‡ DD1	Á êqpÉG©d*>∏ÄWQ>PHHÑôj‹A˛¯|o @$=\´ e°7’¯£îÒp¬ê2bÀÿ¬¶— ≠¬!íË∞A‰Na‹8øÑ+V#+Öçv‡$Ö∞ª¬ä*ÀuÉÄWâ≥ ﬁÒƒÙ·ã øa∞Aå∆g-Å!!∑?∏∏ÉUÇó◊â¸@^ÇØËU!N@ï€Ò
_„∞Éà ± @î¯¿
^— \_'Û+`¬63T °‘⁄q‹?ú8ôÅ;ÖP_Sò6·>Ê ¢(-d∑â~·ZN-üx4ì„ G‹«®Rê ‰wˇ 3dYAJ˜@
u®j! ™¬K-©«∏!¿Óoà)/ûF Â∑Íi‡ÙŸ{Ü8 p‡(À >*|Í1=Ò% P◊®†ÓÕ·¿ß˜†i;¨RÕj8ÒÊ‡Éí7‚Ã!x
¸∑ôw‰W=˘å`Na@2√p¶@%t˛`) \K{üpÄîøx`Œ{øA:‘Jk¨ﬁP?àf°IÀìà6 kpå]{C`õéag1N"üº‰9™ÑL±5Œ ›É‘ªçÑßƒgo∞*‡Ú.^˝zàë hr8öçèRΩÊ(‹Ê'¸N°c`∏ÉÁ/"ØY~π
ÇÆ ?Ã∏vn@Éb¡“ã¸¿Çvéº⁄Ü†wˆ¯›y !Úø◊^'L8Dqé`d<xPnmKhŒ™B∏`ƒvP¿@Y	¢…Ø®L‡≥ê≥’‡Ç	<cäaƒ"w&¢Ò`íß1‡EµÄvπıÜcB/p∞¿.‹ès˚^•C¶∂Pæ‡yÿ!Ç"ºàG∏GÛî:uÎëÃ$ó@ÍT=(Å—†˜¬GjØÊIhÉ¡á.‹%Òn%+Îƒ¡:Öï°ÿ>qèE‡åT*‡x—ª˝K `sã^Vg1‹êº(°ˇ ƒ+ûå‡_“8	Õ◊©J‚)bõ¿
ÓR2îÒ˛aÜ ñgZ˚ƒê∏BÀpzÑ·âU∆‡#8s~7∞D"I'p˜,Õû‡»Nƒ∞≠fó¯ár$,JX*’ä›˛º	7ñá¿A
nÄz¿eb¢'!µ~¿JGsô}+»ú7øS¡¿ AæîÄ mè&nYA•µn!Y&]◊ŒaùáÓÊÍvxıÖQﬂ‡c–h¿K∞·Y∑Xn„1∆cÚdÂx,<E‡~$◊·‰E®A®:ïgL`·ío"dAﬂP§¿≤c ÇîND•¬I˝‡MD∞Ê#‚ÖxÌ‰îÎ9ÄõÀå;á[|¯ø®l`uŸ… Ç¿NÃ˚ï`%%
ÂG¿π>º"åhpÄ¿=¨a¥ﬁ¡‘ãr‡x/‘ΩéDB%F|dùúeZúÿÒfß0Q~¸/»6/˙ ﬂáˇ 2÷a5ÿJ^ x©(¿}B˜
∞P7®w®™pí9Ñî&e·ÅﬂÄ„òbÑe2Ô®P!‹)ïÑ≤oY´ÒÍ_…«Eˇ h“U >Ñ†<JÂ∑Z¸«¯EBŸF^6 HöÙSE†'‡Û5ö¿] ú¿§O_Ñj<C–ÎpÖ +é˛&ÉæqœÉ~ÕÉ_ö´n≈‚0,Â_/ú®=ò∑ù=N<Jñ/Ø%‚ÌD¸—œ„3î(ƒ¿πÃQFf—J∏á¿GÃ–!2Q çpû‡o‚ Ÿà!çhaëó¿óP|NÂKCf °é–&*Î Ô¿Ó(‡ç©§gq<ZÄ®Xë–Í(®⁄3ÿ^¸k +‹FßPåÛx	4Zõ˘`lSäS˜√ú¬ù`ECMÚâà;xvÿS~.qŒ∏líñIH“8
ÔÚ ‡¸E √¡åØ09a√’]¢*°GﬁÑzÇ(&´n≠C'í˘{ó,Lu(\!È±;~ìác‚)œÉqZá®b¬…6†9o @Å#±ﬁ8É√å7ll3¯B\˘9`}dØúVM·˜>‡§È∏mò;zº¢¯Vá˝dƒ(_X¥>â‘º¡úêƒW¨üå2≤@r%≈Æ;«n•`Së◊ïVB.s„O¿+É`'r≈◊ºÌ¸)	z
 ≈¿1X ≤≤h¨Çvpn#ï	2ëªÒ©€"Åv«b$ó‡"=KlÚT’à Fƒ!"y8‚)0∫Ü!‹	,Æ≤á◊ÖÂI†œüDDÂXÊoÄ≤¯Jï[_q0cŒ@àÁ2¢∏¬°‡DhÀOr∏}≈Îˆº	(^ƒ`!Ü«xx≥ WÍå@!“•X“ Ω®j¯1√ˇ °13--œà^#_Ä˘Nk…Xr£¡$¡·}¡‡c ∏¿Üê(Ngô_É˜j56“ÒÇjŒqH	lq¸o®⁄∆•«á9ù¡,Îhµ;C˛∞AÎ
X_ò Ûh≈á‹ Ë&åßÛhçqëH:å ú¡,^nπekå°–É—ür·Æ)µ˛„ÿiazp∏¿ΩG∞ÍT∏H¶ZÄ'Cı)dÇøö#‘√0¿ªâÂÑaÈ∆ üGNVD<`dóïïöP‚≈π:®và©Ç«÷ë˛1ø3 Ñ°dF∞t◊ﬁO¨ÔÍ&∞S‡-;P‡3©|Ä¿6?å<T> fHáX~,ΩFBVH∑î[ë·[`z8_ﬁj\4rÅ†¡§∞∞yÄ~≤+ŒÂJ¡”#ãÖ˜+Ñ!vbúkÓˇ ∂.XÕN"áº°‡@‡øﬂﬁJö8aP∑Çù(V?¥Ø¸æ‚¿-0JΩ˛å<*N&•gò|Iú.sÔ¢ªpë‡B#7˘5(¯öÄÄ°®R®MJÄƒ±ÃqòPxµ;ñ2Í  ÑKóöºÑ˝‡Sx¨2`ÄÅƒ+ñGa	Çd ûº€Èãúà}s4u˚á·a®'„c=B¡≤ˆ>1‘‡ÅC5	ñ¡8@Ôåj}xÁ˛f‰•êM
πx¨^•ﬂ∏` ÿb¯0Ö—å÷w‚ÿÖ‹∞ÇA≤Íp£HÇ[É-·«2Õ€óV{a¥ÉO”¸ÁNUÍp	«ÄøuÊL|©M‚¸êäT:¿Ü]¥kåj°†ÅC¬ÜwëÃQ@!÷\ÜbΩÚ"2Úé õA˚bÃŒø¿√øx çåH*‹Ωr•ì∏√ 5:ã¡”ıƒ'‘$Å¡#û•)uˆzúÂ@ùÍwKá	$πÃ∏_‡„G<oÍ %¿Xÿ‘ -¥eRø†r´Óh‚ÒpíØùá∆PQb∆HçòØg¯ »¡8õMµıÇ≈–û‡$B…ã´w,H 7‹!(ãX¯‡,¯v!Fw‘ºTÚ¿π¶Œöó8âP‘”<	Î¿+,à£,®9BﬁŒkºàáÔ'„
‡	‹'e™¡é†®qÅÛÇÀ_QÅ%nÄ	42DΩ
Éz˙¬'ƒ€ïA∆B ˘8g
˚¬SΩ[ß˝(Ù+ÊßïÅˇ D*⁄∏ñm	pèÂää"“9 Qq\ A√ºn”∞:á»ƒÈG^±∆pD˚Ñ:~‹ u‡÷@Úøö∏¶·.(Î$<0±πÄÄ..é
"òÄ¿°®°`B@Ñ¬-Ép	,Œ∞¢ﬁLUπFñ[∑ÒäP«ÌõÒ[!„ÚÜæ#íª»ØôËœ0ôs ∑64kºŸúnTSc1ã!L≠C å7»¸„é*/a0„ÑÑ•œ·ézö» :uPé@¸≈óﬁ gâpi0˘d§˜	 w@«¡‘!ÀB≠WâÄQ/Cº5 $ÒÖÔ o"IBSL‡!‡Ç2@‚Ø¿„J%SØ~f¸Ã‹ÊÊp˝N£ìv2ì±Fî4w ò}NakÅT`¡Û‚(aSò°.,2Y `’áw‡°Ø07	qû`11ïR≤™pñ,ƒ∆®4_Ç&Kj¬E#Eàvß¢ˆåvk
±÷%éÊú;œﬂÄl.èÚHÔFèÍ!∂ß8‘"ÌB∫éÑ 0Å˜`ŒLpÍ ¿´≈`N≥ƒ_	ﬂùÒÎÄ§p%‡Ä^€ßœäay ;Û7Ê¸+Ö‡o/®† IÑ?8rú≠F(ÿäS 3¡Ä»@ı!ˇ åö˜9á÷m´r«¿⁄∞ –A¿ç^hQ@H6≈∞â˘ãt‹Be{ÇË´¿˘@VÒxDV9uŒ¯ó”P%5◊º:Äv˙äT‘b≈˘îR˚Ô(gÀj„p¸¡9â‰YBƒ0¥° è±6Lû˚Ñ
ˇ £ÄI,q?ÂÄç3K^?æjúñ‚Ú5êuQxsç5Å?òà3BÅ˘ä8_Oß¨‹h˙¡P %e£é A„™à˙ús´y±ßGÆ·o∂£Sg,–¿$}c©wã:¡«‘$±¥L.Ax÷,è¨‚áP◊gŒTx2√>êàøopÓ-‡hêﬂÇ`_Ç˜,}‡	ƒ∏>g–ºM@¡.Á1=è‡"∂÷èÉÚê@üÚöÃ GAÔ£ﬁ†ÿ±ø1Õ!Ä ÀõÕ8â/ˆZÜ Ï`™jòÒÒ•Õ5˜*»›·!?∏∑pΩ“´ñ†)Æ)æ†°gPñ!(B*⁄Hxçÿ÷•∑ÈQ!ø©œïpq˜Ç¸H†˘rãœy%N ≠r¬£¨à‰íA◊‘^‡(∆8\fºxRﬁkπ£8¡÷-‘Y¢9sòt_qDóí#Ò  <êtÀ’aEx‚"ﬁ˝„òp&W·∏˙9e÷˜ú¯
.s
 ®c∫˘</ùGÇ,•®ä{…Íz"YD7x°`8d√ék»zDaÈæ&SÊ˚á‚à}Ω‡MwN.¢
á~B0u¨,FŒ9ÖGHÖí¯˜õx
„ëùV’æÛÅºíÂ≈L‹ñ´óvFB“Ä¡«1BBJZúG°
e@}A£p¸A bˆËÁ‘®f*úã´¡»d ˇ (wP—∞å$	2$= w]b∂&µ‚ ùØ‚ ¶·„º0\a-87Ä@ú
@IFR (‘ÑÄ>·ﬁ/ÑuïÇ˛
¿\√çöFr2t!Üòí£íF26+‘ÁÄí¡®DÖºµîì®\£{é@ı* Õ‚ìHî@ÿÓ}J∞∞a0hTN˙ç‹)80 Ø≥Ü5‹;ŒêÖsÃ$∂Òn\XX—Â†Bº)Í!ÖÓ~\≈	‡/M˝ã‘[$µ0é4,|`åYÄ3P¸KƒÇK`
™œ(2ºYãü„.à«ˆúØ‚qº  ⁄ß•a˚ÄQò˝^¢ï¿UÉÑV+N˘ö µÀº)ﬁ;∏õÕ-`(mmîÏ&ïaño~®ÒyGƒw[ZıÜbÑQE ‰B…∏
:Ñ»¿ôﬂX Ëƒ ,lMÓgR„—}¬2Ábps9ñ$@’KÖÍW0¨I¨◊¨Å1Ù=Bä$πp	'˝P®ˆ‹µFsîÎ≈∂î|AcèÀÜóX¢“À2Àx~:mF>üËGSâ‘ÊP˚¿ﬁ∞p†$D¡7zœP££É4y¯∆·N2Ä4P.ãÉzùˇ i∏VèZp‡LgX”ﬁ8Äã\Nac @b# u] ëî [ˆaºi–‹î_ë˝`Óz¬º,F¸ Fı‰†nb|∆ïèCÄ&ëubŒ·´nñjÉw◊2¯@~‹$Ñ∆Å¥6Ä®|ëV‚€ÙÖ®ŒÅˆï(ì©JÈkürÃø*Á TX"òß£=<Çø¬È˛‚Òÿ¶Ã*ÒÆÒÈÉ±6¢ïé!Å‡£*l√ kﬂÄEÃÁP¸√Ñh ¿ˆ8¡ƒOC®ÿ`á«∏4Ísºå`+*À)uÑ@ò»q(ïFÑ]aJ‰ˆ(A¿oDﬂ`Pp|Æ'€«ÎÛ˜í'fT1HÎY≥œ‡¶C”¯ú∆ç	l£G∏√®3@u1>p$‡{å∞uÍ&>à]f‹¡	=¨@@|√ :ı(‘·ƒ;¡78î¸™¡ÚπºüÄ]CcC≤¡-÷Tà8 Éç@ns9Œ∆ı]´|"«> )≠x NqÉ†ﬂÈ_2Ìm¢-å`%K#v"°Uö€®íâ¡ä2 ïaû°Å%≤`¸N`ÉúdQ®.$¯Üí…†®èG¡¶Ãÿb,ûÅk#‹ÌY‰‡Ñ«‰ £&G"œÏ¬–KØ+…\*ŒA ÿyuá	„®`ÑàO|ƒ©ƒ!ê¿ Ä]≈ (>Qe.∞`@Gpò÷úqÔ—Ñ∏t ¿¢Ã◊Ã=`=π“©sòrh∆^4&≈¿UÄ}A–qîL‚^w)…ÜLwÅ‡N¡Ï¬ß0çÂ´o4	Öl∞ldå(QÄÂâd?¡∆éT`Ÿc¸4Ä9pÏ!ö≈aÁù@TU6w?ÄÍ	∞~ÑÕ‰ÑsKY>–7·„∆‚Ñ6jé‡äÔÓ>?PKÜæ[ ¢ò÷9Õ(Ãˆ(ï∆Á/Ï}$Oì#€p·A¥+ X?®%FiU7ÏoD"Í8˜+HÍq,QA®„U sÅ÷8!§cò™î6•R‡Éú èCÛ‘˛
81≈∆xàS∏2@Ì·qÍ3Äº˚∆RHÿ˜û1˜ë5êÙ0ñwÜrN9…1.–XdÓ·Ò8∏>ÄYw
Ó=éúw6â>î'Uê¢3à"úGƒ0I 9úµÒî%"-#úrµ9‹<¡é#C– ˚®ñ¶·5•qöXp¯Ùaœ(D±Vr#∏w	≤Y‚
L¨ZX® —Õwï‰†≈ F/xFÄI]8º #>ßﬁ®úgL6 S(˛Î?á‘¶:ã 8Ç&nƒî`wq˘K.zòyv#jÂqNï@ˇ p¡€ÑÔå	zÍPA/ÁÇ(/∏T¨T%ò˛ppñ8Ã˜ÖB‡ëd°©¿x®îº-Ü «Ôôú¡Ck¡‚Ò©vVPÏaV±À¿#kR‚¿`˘Ä£b_PßQ4‹!A
¡˜Òìä?
°J°‹?'á‘™∏0F 9Vó ïéÒ∆	w)	®b¿ò<Áè‡,Ïç~ ∆TFpÜ^Wêä¶ŸÊ»8‘qŸ¿7≤eH;@©T!ÿÊ	ñëâH¡ˆ#"kõå¶Ü‚Fµ∆£A)P≈hv·(ùKhÕ5oÍHHnu≈ø€+
Í(_ìLdCí
∏ßÒ	]ı9Ä4∏*^FQPÖâàÕjÒ˜2+·¢&é†ëÌ»ˇ Sò ·—óò \Jñ0%Óá‘icP!øpÑL∏é"ó∞¿ºΩ¡sôŒ)¬ ”GY!r?V^A˙¸Q9Ëˇ ŒNb–·…Öª¡∂É»ÑüÚ`A‡Q ÔPà(xÎã'Ä iKAÒŒ-éM¿Q∏ï#hÕ¬R€îLpFﬁ¶»ôÀzq4ã)áˆÔÔïÓ Ÿ58Ñ&ÁuÄ¯ä‘;ä6®FÖQx)XÉ®p!sœÖa™—M}‘Xº_Üòˇ ´ò4·%≤}Õô≥îb\:o†'^öﬁ≈èàu:ñèº˚CºÅ-‘$ÌC?‡â‹/qFæW8PwÒÌcâ™"(
`¡ßÓ_X(p∞AâÚ‚sƒÈƒ©ñÉP≠0¬á7ﬁEÑ4a¬äWXU	¡Ù s
˙ààå dï¥~‡ñ`±9Ä˝FÓ0™\\Á-¬YJ© hú:˜ÉzãK¥D	z∏Í\,¿ÆäÂ¬ ±ì”¨(¢ m”Ü¢rÜ˙á*±k&'úÛón7‡LE(sÄrÏD`$E®Løx(cT\∑£ù=u·X4–`ÑÑ	ø–"Y>Ç 6¡•1Øº>Ç£Ö˛‚3y(àƒ9˘…%/oá4ÖK3ôPâ$ú,;ÅÄHÄ0¶6Ôì·n_ÊkPËD	Ñ
ïÑe◊ÅH√πf&¯Çi sqâ¶‚'ªZ'1ëÚƒ(Xl·©≥éä¢Û4Ó"%@zÑÎ.ö9Œ˙Ü o‘t‚[cú?µà¿9‚z˙ü3«ã¶≤Õ8ùÂº,(	ÿ«1»‘Añá®Ü‡J‘ÛÓ!ÄA^ÚS.«O*„iKæG0)ö0ÔÎ©˚<X%˚EµÖC∑Y”£65
Xé I°1ìëÛ˜g ñ
NÎ<@Å‹8‘aDVøœàÄÈ]ıì¨
ıûf–yΩx9f4-¬…&Æƒ82Â ’‚ò&@®ÉÑAP´êìƒ7Ö˘Mı˜f7πc
§˝âÃ4 ¿ HÊ7Tf˜’)n≥RÖ÷h˜–PƒÍ¬&D4Œ:G1¨çàGPm‹s|x≤ÄÍV≈g^7‡“l‚Ñ8Ò±;˝BA∏®F—k˘«e{Çß–ú¯’*àb¿˘ú‹ ¿;Ç£û>2Mfª¬¸ pÿÍ !éêº‡ ´õBÑr´˝exÒÊ7·MâbT)ÉÅ–¡~°ÜÍlMhƒc ŸM¡®Ks‡∂ÃC@	£‘0X#hn[3ñ∞@x fÿÅÜ·
∏*L∫Üo/NÄÜÖÆ‚M®öpí∏Ω¬+ŸŒ±b)ÒÖ8ã&Qd<ÂBô ~ÂãÄ£[õ"Ä(l¿7=Ä—Øi¬∂zÑâ–~ êﬁù/Q!ïT~˙úYK‘ANeå∏≈x≠ó˙ãé¯öâòêö8£DÇê,~å=†üà0`¯Ô(nHìÀå•,÷ñïº* ó‹€P;Ñå!(nC<£2•ì∏øq6'*¿#á‘ó	 π§åQ· ƒ!)PvBåÊf˝s/†G£8ﬁM¸°∞ ∞GíK<ƒZÛ|∆¯ïQú1`©ƒqˆ!ûÅïD ©cú&ê¬!tqQìTbâ¯◊0 î^ÚK‰≈Mê\¢Ü¢«2¯≈CLAË¡AB=Ñ&^z∆≤|‰@<ê=∫9Ë<ΩxQ@N–${P®l+}‡≈Ñ√ô{Ä	ÑQÏã©
»Eí;øpàKîxÑ`U,õ2î0Z⁄„:ChõÉ…f‡áåÔ	ﬁ5NãFbsÑã Ùñ  h®G ˜‹`u	<=æ¶ÕœdÊàƒ÷˛'	ΩB1†.P,ÕKPK+QòSÄ§+®pâˆSzª˝≈ñ1¶ƒ~·à[;ˆgT ÔsR]‘5O«X2∆PT;@28Ü:ﬁLΩd`.‘0—€t¯ï+Éá›„q	eá˛'Û*oÖ‘Æ†¿áµ;<¡PÆ%ú(¶  Ü à¸à_8Sú}·Dz¿è* G8u9 Y<FÅ˚ñôﬂàÖ:É”¿	ÓlkÓlD#eõ≈FqxT˘M˛°z)Ë5 Í˙åùCõ‘∏|éàÅ;Å`æ:óßÃ∏(5Ô˚∆4bbπ∑‹$ì$ì¿†„|T:üpﬂ¨h√$ç‰êÿDÂü0ÅÚ`À”Å¡\Yúf¢»÷∑ìx◊OøI‹®~1ƒ‚pÆ≥Ò:T&h¶]ﬁ/pŸ¬ñ·ö«‹<Ø˘Ñ¬&¥ÙË-O©ƒÊa≈8Àw∆\Év&°ﬁBb‘Ìóπ«õ 8"V)√”ƒ∆•(e@ D$yÖÅ¥ò…˙Ödt¡≤ï‹‹îb0≈¡k—ˆj„A	Å‰j#%+◊˙ñ‚hPsF±˝∞t%‡ÉæQBµKÄ_ÃÊπ$o® \nRU®0¢ÄÆ;:®@ÕBÆ»ÑQQEB9∏Ç“©L¶OΩ8x |€?ôb.Â2w+d≈üø Œ|;∏¢ÄÇ–¢ˆÓi ﬁ?æ¬Äp	XÊ%>„Ñ!]@Ä£˚+q•‡aÒÁ "r° 57ß
Í%é Ç‚¬éG1h‚6c± †!ê“{QNb9aâ∂–|9a∑¬ä@ ˜"+∏" ∏áf ïpß®Ô$h@t`ToPÄ!¸¿ (Qﬁ‡é†ÿ•-
w8P¸PØho“˙äàä)∆å4o˘'Ó x¬ã÷˚)˜‰ £Ç†•∞„y´üà¶ï£˚ÀJΩ%œ“Ä}!$øô¥ÉZf?∂˝ax˝≈Å±PÂaNfß®q£»DvÑ#ø‘3D∑>„3ù√k¿P\Ãp‡Å^‚◊@>„˚¥CA‹~Á,D¶©ÕCÃÕa¶ÎU„&VlG¥"Õª¬«%x(+!ö…|ŒáX®∞∞Dj,bÌ`“0™áX∞Ç‘ø1G∑¿$#, ® yBéΩBÖ	PÉ¸N*‚¨
‰h¡®xS¯˜	Up|Bf…Î‚s÷N˝I⁄¶úW9à›Eäúã
)y"ek~≈ä™æqSå/6’_"@´±¸¬€?¥ñe*∫)ÿ OÏ(yr‰ Ëè∫˛:ˇ „†£P»ﬁ–Ÿ◊Wsy$\'E√Ù µ#∆ë ã˜òm¥ÑñL„p£ﬁÙ Ô'xA{ √"cá‹"2ùab»œ¶ïsSåÇPûß1‰‡0âx0°ë®∏D˙òÉÊeQ C*>wÃ ∆éè∏-ª¢l?àQCØ∏B0"W∏¿Å⁄P`o	¬D–∆°a;õuÜ∂2g81Dg‘”ﬁ@∑Ñ;jÍºúË/∆·n6[ÇEA∑Ã?±Äˇ ƒ$üÇôq!ËÉ˚8Eêﬂπo¿ ,N√ÄË;'Ñ0Ø≤GG~ˇ P¿ï∆^·ëŸ∏(øô£∑
îµá{^"f¥Á¿¿D¬"!qÒ. √¨^Wèp›Õ"9Qvä$`‘ˆ9˙¿Ü w©iIP¿ ‘˜K≈O®”RﬂÓ[®P—à˜>íN&‡˜"P°F*pÇ[öâÒ9Í¡~bç‘)^\uê¡Õ‚˚÷÷MT¨‘ê˛¸àãÑX0œ_T~¢•®ëÛ áF h√0“¿eRÀàe¿	(‰©K∑qN`6Â
$Ò®F≈aÅºZSÎhÍq⁄îÁ1Ÿ8‚•Í8BBÃ-ﬂâ4¢ ¬pÛõ®aÄ` ‰¬ÖVuÑ#   ¸˛Â\◊0õçÍ#Y1^¿¬'Úá• {e¬.!∏˝a¿QqÓT05‡4NpÏO+Á∏UW¬ú∆i≠Pà©ˇ ¬ï∞W{Á„*â†psÓƒXπ˙Yùcòç@	…¡,%Æa%≥XPW√jT†ú ¡	&s9à!ÉÂE—xZ«7pﬂK≈7%èP,ñÁ1y‘[ÒXT.Y∞xÑM∏°Õc∏~bäébüsò»≤à1ÖÑ°„R‚∞®¿EZ»CÉQõNsì@npH˚KCo[˘Ñ=5°ı¢£°§·Ü†Äò(C£«ƒ «‘j$t¬3˘˜6Åµ˛Âò@B„…J„ﬂÑΩ¬ÄFÂóK 'A\¯◊^ äq©±b•â∏≤@#ë"Iã¿Eπ∆T?ha≤™Q_ÿ lEÆKï+ ·
Å›ıïN
Ç}‚áÎ≈HÇ	œsºÛPó¿ÈÂ≥9úecåÃ8!Àuóx'ÜR¬¡‚3 .	˚0≈C⁄‹ühj:1
õPàF _pÄ
˚óD}¬HSçBmÑtÄàl·PàÍN!‡?pàãó>Seí‡““îÑ(	xÁ.AV79ÇÅÙy8√& —‡ﬁyõ¡eß_qOü:√ï◊Ö·7$âÿúÀblB@«î+<B0Ä<:îΩ¯4©”ëÔ√…2®«1ÙnTRÛƒÕ=¯ÜF†¬Ñ≠∆Q@¢è>Û.kZ>¶œR•ê§JG€‹bÊêò "IÃ:Tc=√Ω™äÄDÁ¿GÍP-ß Íp¢≠NXHı¸d> ¥§	(xå«†¥QlçnâpBJNòàÿ>∆°ø4NpéLãp˛
«‘ÅÀFü®Ä‹,uÑb>·4ûx",´ã¡&ÿ˚|¬îÍ=[pëAX˚¡Q˝BI» À<Ô%d√ s)ÖŒ¢Ü\˘Å;ãÒä/o∞å1*°—Ìcázù®—ú>{àÑYÙ•ÂE>rˆA˘Üb.;4‡s•Ös|ÀP.Ò§?"0AÇ—§K®é±5¡5]Ob>'º:ãlD†Æ°Çß∂’‹≥D‘MÈŸI\"YÎQl„ *≤^¡xÖ{ı;¬Ö$,„àDB\•®˝3C˚üP§ú¿./Y1àÇhk¡ñßP†H∞ 4ÿ˜^H¬B(qÃ)Çñ≥Ö
x(á[≈aeBŒwBRóó∑çy q∏*ëXÇT0•àwQƒP|C ft'jÙ‚∏váH°∂W˘¬áO®Hqí\ﬁ·û‹"Ö`∆zÉ(KÖ "≤M¬*0dshµ/àè∏ú˝≈t_G‘≠ƒbéÎ<≈>%®MV±qfº
ÇÏz|Áq™ÇuQÑ‰PúåûÒˆº÷@-JÌ≈O∏eæîn†û·X4‡ä™@øy 
ﬁ°ó¢ºåœç8¢¬óﬁ¶°$úÇy~LÈ‘J⁄ÑŒ≈i‡åzúÛ¯ó-ÕCJrü	‘ 
mÚ•E(@≠¸ƒŸÜC¢}√Ä0Ñ uÓjªÅ4an;ã¢qﬁ„ò/W®àµ-Õ¨E ®û=˚ä$_≈xUÁDVWØ  (¸Jù·0‰5kWÊ¢Ü˜πxÊ^	&\Q+-7ÖqBÕ‚˚á‡RPà|ß4_gq;sùy/5‡õ¿»B$~†˚ä†≈>ß1|¡k©∆Âsn(‚0áR0;á˚ı∂˜=PBÄŒƒ]EB*Ü©–Ñìj1≥°_3 ØÌ4xà|ú≤Å1¿ ˙7ΩDıúÎ†Ü◊®Eˇ iˆıÁD?sÔãOvøÿÜ,p RœÍU÷9‹NQEÂcGO¿	UJ,Ò	aB°¡A®<.}Dƒ„»–_ÃR¢°P¨Å(2∏˜É®ß1≥«Ö¢»+‚qç±yµ8ó8F›C )y$8Òeï
≈‡êÕËC·…9»∞EKÍ04ÊÇärÑ  Ô—‰AlΩJñªUœt⁄Åƒ;	∞äÜß	I“4eºÃ˚Ép`*ê√=JÑ«Ã∞YF% o–ÏŒ°"ë8à°®0†ä2j0È|k 2Æ,Ë*,{¬1}J ä≤¡EVe`Œ%"ÇFˇ ˛∞›åÿº(wÚ1CøåW®•‡ñ®¢P°'`´£¨∏FJRüN'0£\c_ï{úcÓ,*ãŒ…ÒˆäÛı.Z¡…{äêJä"ä]Bß!˙ä#‘ku?îAE‡©ΩDQÑ±
ãÇE≤·7ﬁ•GÒÅ©¬Q¢√å¬ÄbÑ;QEííí#ÿ<@ iCÚÉ,IÄ8∏ä•≈
˝≈R‚úEÑp&–CaE	 	€â∞=u1`ŒOÒÿÖï 	‘C
Ü≈>aQEöñ÷-·£'«rñ$≥ÿÛ.R‘3à
FäT3ùEÖ´ÚC° W2m∏bT wé#+¿#≥-EéßT&ibÿ≈Œ`ÅEzQ4âg61[ÖË¡MM7ƒˇ ·º›Bk'[ù@3«äã<≈ï„òHDfH<ÉP¿•´çU—á°>C®†Ä /
°ä7pÔÉã—ı>ßeNXûá0„¬Ñ≥©®ºyı`uY®™/<Xœ ú3úÄÁ»¡pG°~.≥Qyü©PÒ_pE
MK&#å˙Ñä,k‰@RÔpâ{ñ:ö8B˛`ñD#·†⁄ÂM~·Ëı˜+∏°x‚R0@
√Ωwv ≥Ò˙ö¶Ã(T‘E∑ßMB<ƒ*≤~gR¨+ôƒÆ±√«2†ä(¢OQQä)£®‰|KÍÁO
,˜ÑV)gC‘®Mß8äq"¨V#÷∆$ÉVo≈(UÃø#à•Ök5ê¶ P¿∏y~&0Ì‚@ÅÎ∆Åõ‚_r≤(>`àÛÅÀ‚Sä†>:±°7ƒ)R«9áNV‘"wXµÛ,(≠c[åëyXP(/‡aX1{¬Æ_Œ‚úE=î·Oº(±∆Œ"ã*T^·N∞Äÿ~£AÀì‹∏F~Â, ?“Y¯:»v0S¢˝¨l”∏M¿hu)K¢ã
∞YU®ß‘˝E>ºnsf‡¯* iDh<º/pˇ û0Íë™Òº
!á	Œ⁄é"üQC (D^†sg◊ú{ä)a·°_.ÄOr›Í0bæ%ƒÀò
*% Zp"ï˜5
ä¢ã
à¢BDí$æ@bnJˆå	ŸÜ¢à≈) ú¬†—ÇπPZ˝‰ªÇ(g‘QNXL©§jÉ‚,(∑Ô<˛~&‚ä(êÆ,ˇ h¢8 Î}DVD§.B¯˜¬ä‚>
!Ôo/¡/ıyGn œ‚k¬‡í≤rÊSÀ ZCø-¡ÉH&±£≤ûlEÄ¿ÉÃÇ
g‘∫QÅx|∆r—•o∏CÌ>;â·Ü?}URëEqJB(∞™(ÄÌ≈ÖNµ1N -æ¢¿B\WÁn,¨(µÇ#n!Ô=¬ $8äÃX â
äoÛÄaä(·`™(∑®Ä
S† fû¢ùEä‚¨(ÑY:Ü>ˇ à¢åM@2É†=¯8¥˜«Ö~&ﬂÛï‡â:÷w E≠ÕÔQTRúºœL7zR∑/¥ö#)Ó?x ‚Ö#QT073üàn(÷.£©ƒA‹´±GÑ®±a9#Ú#	$≤yä)s‹Pë^áQ@"à®•=ëüåQ	∂D$\-Ñ◊Eõ®≤∞QB U?sPÜNB)qj(¢îFïÃ^¢ﬁ
#W]≈_uK*)ÃX„.
ÜUÀ¡
‚àw	m‰C‰ ﬂö»¥‰‚, AÑ NpbçÕbπÃ2öƒ\'©ıpãó 8Q¨®µ8‹‰@\1azä±qE¸‡G®¢,C";uERô‘QEÏ—Æ(ë¬∏¢ä°‚q ä} ´Å¿€®Ÿ$SLcë\Päà(¢ÑE‚PãéÛÃh∏I_∞ıí¸ (—ÊU†Ä€û‚ÙÒø&QÚ^· 9/QapØ©∆¢«3◊é‚C®x1>®≤¢Ñ{sÑÍ(¢ä(¢3Sò°PäÖ:9Qz¬”Ç.0%ÉãQEE,(∞(õärñÇYÅ∂Dq–Ù7ê∞öMÀ0§{ä#®îGê»€ÍÇ1@B8G®L«På(¢Ü,qi|C/VLX/?Ø˘RÅG√ó‹"·ÿàNb‚(pä!+	à•‚ƒ–w≈ñ÷‚º9ÄN"®ß(∞Hé¢ä(°z¡zÇQ\W^¢XU5QMÉn¯¡^
(¢ºQ`¢ä„8
UEÍ>X,¢åµJEQÇÑE1ESà≥kxC$ûgspí>_À∆°øÃΩE‡Pc≈9ä,î^à¢ä(•ŒØ '¢ébäê˝û•á‹QPıKÖ‘R—äà>0QEQE5 1"ã¡E“|%ﬁÆ/QEw9ãàA‘d,\QM"»†ßÇãe¢¡E*ä(¢ä(DQEQ—…C¢«◊‡a¬Û#∆•¯®±ƒK¬¢ó†0≤ı3‡NTQySâG¯!à∞†5	"Iﬂ1Eí"äzä)ƒQsº/r‚ä(¢ä(°àZ≈Q,,)¸EXU4ä,QxP´fê¿‹S∏¢RìG®¢ä(åQE ¨\/,–Qﬂ1`˘úsï¯o»≈9ä#‘QaEÇä(¢®¢ä,(¢ã≈aE?îˇ ¢*é"ñ˘äB∫F(∞Q`¢ä(Qd¢ä4UQEä(¢ä*ã¿(∞^@X|&û1 ,PàG]EX$5˜ï‘3HÜ¨(D8Qd‡åC·Ã+$,(µÊºÜoÒ/xQayÄ! F·¬¬¿£FÌ≈‡°¡Eä,\Q"ã
(¢àdQEQEQdQEPò
/0 E˙ F!i4ÑÜDqP¬á¡EÑEã¿#É´Ì–ÅÅÈÈää_ÊîÖ±6«>oÕd†«b¢Ä@"ä(¢¬úa£A-í*¢ã*(¢ä,(¢¬ÄwQEQEQEX=ë¬·Ö#XDT"¡¬EQx•_ò˘ù‡˛í9Í◊ƒ~K≈aN:ÉÚ_àQEQEQEXQExQx/Ö.,(¢¬ä(¢ä(	 é·EÖXQEQEÍı¬¡s(Zâ,À¬ÄÔØƒ<à*#Ø
¸ øã*/ÖQx,(¢ ãuQEQEQEQEQEPà∞0°¿¢ä(∞"UYXQEú≈Ö·PÁüËØ/≈Â«wq„L8„¿1Âˇ Zè◊ÙJ,®¢ä(¢¡à¢ä(DQB"Ü"#ÅÖÅÖX,(åGí¬ä,,ë>$Ñ©4:c»(lÍ{Á≤s∏Ê:~ïF‚i?3X ›@ÜÇä(¢1¢1Fäã¬≈ƒ`ó·~/… ÚQaa\∞¢ãÕ`à∞¢ä(°!"!Q†	ÇEq`¢ú≈Ø#Åùpfzä†-T@≤åœhZÔèNåpˇ è8†0CâN3Ÿ∏˝«Ó<|O„é?~1zâ=PtfìDc¿~ó‚~ ≥Á$X,g‚,XëbEÛ@¸`<îë1!ëb≈ãî‚8¬+¬|.	»3ôÏƒ∞√Ÿ,X∏∫ÿ«√Çâ2ïÒØ¥jÇ/tÈàFÄH0î∂rËáò†˚ó‹}£áaHB'0Óæ7õ‹âÔq«1˚Ç`yGÑÅ∑Pò#˚·ˆ†M*Ís∑¡PdÉ‡îg™z£ı>0zAÎ A/tX&‹^‚˜„ác¿ò„˜8„é8¸ ÅÄ~xf?¿b0Éõá_q‚˜ß3}¬B‹$aÎ‡⁄H`ô„óép2$òÃ|ZÁ7'˙pÄMOœè‚_böx=ƒ¸^"|ßa⁄˙C]U∑âü?“.ø0Í=s Ê!Eˆ¯H1Gx4|Ø
¡sº =„ÛÑFÃ&A¯DIÎœî2xe	ıcèò„˙19ábÛ|ß±Ä`ÄÁ˛¢*øAöù£çR˝ø¥˛’øﬁ p£Ö˛KÇm¸14Ç03£∫∏I}`!bBÇha4'±!é∑ñüM∆@=Î˝O¨ªÉ4˘Ê o"{!Ö{Ö« 3‹∑0æÒyqıÍp“∫wè®≈
M»ÕÃ†Éô9©ºaO#
V
=HöS= {d!Qs_˛@8É%üƒ	§∫y*õ€±Ò5´Ë—Ä¢1D Q&haˆ0∑(÷…àŸÖ≥V·x(1´ÆQw%ˆp`CˆñΩ‚êòo`©¸©ó‡æx4!	àî◊Uµ$ùìIÍ-=⁄ióﬁ’ÿë}¡çøˆã~Ï¿0˚?s˘go I0H1ñ˘è«=ò|w\!˘Œ˙BÍA˛î®+t_ÊZ,3ÔÕÂ`˘·€:äøÖ5	–uÜ>¯õì:  ∞ûâWÛòv”ÊjàAÙã¡ÙÖÀ?_ÄÖÍœıeÇ0Ω¬Væ‚Aˇ C∏ƒ∫?ÒW¿ãœ?Ïàw˘ÀöÕw√˛Ïiü‹ Í`˙˙
ãÓ9ÔÇ6_∂&À∆Ôé&˙BË¸G0Ëì>c–}≈ÇßDf`G‘"˜= «⁄ÉÊá™Á¡'ﬁz'∆r(øöÉEœﬁƒå¯…ìõâ
˛Q:Åà9Ë°‚∞+˜ˇ ·† ä,1ÄEÇå›ÔøÈGP∏Æ(° s
9®øïØü¸E∆™$ M«⁄(≠G€ `¢¡>lˇ Ê*óÙ†gfÇ˛ùÊ≈˝mCˇ ú	c∏F4˙\ˇ •˛É–ìˇ °úòˇ Ëó„˝¸ˇ nˇƒ #          0@P`pˇ⁄ „1Q0±Zcåqxü ¥«'Æ5Xà¢ßîÕ=3””/>f51<f.m=g#≠Íé»¢—¶~,uZ&gúVòû∑§È8ùÌEE±à&5DT≈‚[úÙXÓ:¶:t‘ÙD[M¥À™¶j;äõ1 xœ	©ÏõÍ¯˘i◊sâ3ñQ™uMÊ9«D^mO-S–«(ÎãùQÕº˜M„Ñsü≥O(„=GåOñ=Q”<cÑÚüAïÀ<œ|ïæ=—EML{#∏ù8ƒ¨q=Tıë"`ä&¶èW1xºEe“¥‘⁄+W8Úgƒò¥qM "¶—£å˙˘Èãóxœô1·D⁄-N1Qò©ıèts”EE¥⁄g◊‡«¢â¥Û< <ˇ Í©È=ŸhÖû£Ÿ≈„ë◊>í<ÈºO∫8Lˇ %™ß¯ç54˘Á§èÒ<øèÇn¥}Í™≥w•ˆ ™´K…‡ŸU∫“™™≠/å™™™™™™™™™™™™™´·™™™™™™™™™™™™™™™˜™™™∂U•UUUUUUUrr…UUiy™™™™™™™™™™™™™™™™≠+ƒ©¨¥iüã,≤…UUUUUUUUÈUUUUWÜ[:~;l˛œ≥≥µµµ∑Ü÷÷‚]UW,≤À%W,≤À,≤…^ ‚„é!‡<p 1√oogccO÷¸˙æº|~§˝8˙ìÛj˙Z~ü„¸ëıcÍ~oÕ˘ß·ùÓÓ‘iöçQê€€√oo≈ÙÍ∂Y9eûLQ√_«≥ß·=æ‰ÎÈç_∆dΩèæ^â˛ªi˛)˛_ˇƒ -         !01@APQa"`RBpqÄbë°ˇ⁄ ?§ã£\^œw”∂≤w˘5±ó∆A†eæH|lÿıD;÷ú»é$‘—≈p˙·Áô5|)m/ãSÒê{Q7ô'imêl{£i^LûVïß§ü¬úvóâ
ãiä€bÿuAy°ã÷ﬁØN˛„~1âêuì+&ƒÿÄ7H°ÍºÉ:æÊwWWznµ™Ú»Y…y≈?5≈±◊'r”"Ä√˛„€bI|'≥ﬂ/˙ZÃ!èÃØ^∂›ènóß‚‘_ˆñï´j/ΩWWÈ„§—âg&À‚EÅŸà;f}…c§çŸ~Ù[8√|vt˘áR~e|ZÙ˚ÏÿÃ=ÊÃövæ6;sª	¯ê{u·[P»6®µNqôÉ¢∑O;Gê£«S;ÅÌ˙_≈ñøB∂˙U¥ÈÔ]∂¬ÜÎz“ ˙çÂ§øB¢üŸ0œÔ#ˇ n‚ÏQ}EãË«ºùAÙÔe%D¢Q#›D£Q(îH£ı+ ‘= ÚªïîBå®y∫ˇ %ﬁ%ïÈ˛(pÍ.Q¸î}‘|ï‰Ω5È®T]îCÙ®T*YŸô!—
ÇÖLä(˜Ed*Ç-BÙøΩ(tá¨üÏÁˇƒ & 	           0@P`pÄˇ⁄ ÿiß RıÒ
û/[´˙r¯•ÒÎﬁçbÀz˝º>ïO.$/u£öMÄÍLõÉ¡-Ü∞ª„¨&»ã·≠Ä√ãóhwÈa†\ºq”π∫F§‚  ∏q’zMjöÄ q\ù® 9√®  ,6ÖÄ·Ÿ ’E,"Ã6t .‡  mçÇI$Ì    üõl”ß¢L‹ìâÚ,˘ãUy¶∆≠^≥Õùd}    
i¶öi¶ö0Ë¢öiIWWâ^&&&%u¨GLm◊Uò˜L∫%ÏöŒ≤uA™™Ò1Vb$ˇ Ù!N∫b$ÍOª‰w2ŸÁœÁ“ygñ:ìŸÙúl≈√Û{¨˘ïô∆HÌò|UéV#",U^Kbg3YîúŒ,“ƒ≥bDã{]q6$ì™Uô|≈Á¥©]≤|a¸áˇƒ .         !1AQ 0PRa"2`p@BqÄë†ˇ⁄ ?˜r„¸`àÙ]Ω¨>å+≤l<åI›Å…
ÌÎâ˜dú˘u«!ËªÃ[üáqe_õü*∑!kÖ«ÈcuF⁄TÒ7—R$>ÖkUpTæYòT¿µ’g‚Îi∂∏ ‡å	oÂ0õàAÿ_`T:ï'ãƒ–$™y4™'B¢¸Ç}pC`‚ùÿZq‘Q◊aiêÑX]=ÿù Ç&ÎF¶ü0ÑÅŸvGD–$Ö–?™∂çLv6*õUCÂù7b91|GeÒ=j••°µ≤Ñy>í©‰“S2aUß%Voç¸
â¬§c«πNcÁ
ìN?ƒ«‡T	)É™™ßR®òq≤`Óúé©Á4B%ıOÃU^ æ™¥˘ïÆ€ßÙÖXÊ™∏Ï{p)œéÿQ·TaπVÎ*≥Òv·9˛Ëˇ ˇƒ ,     !1AQaqÅë°±¡ —·Ò0@`pPˇ⁄  ?!hCàVΩ^óõÙlëÉ,!Z¢4a‘ßÍ ≤„pÉŸp0alB£~à¿"5&Çà:ıÌÑ◊ ⁄A)¬˙2îHYÉ˙PA*BmQDõÙ'{:Ö,√®˘ò8Ê	ë£–`·≈ÛÅ¥ÊFyâ¢L©SSA¿N%9b\"#MÀ#PsX0wçq	Ñ9{DΩº¬˘p»,õÚ'ìÛ iÇ ŒMzRÑ#Íx;É*∫áQ‡¥ÒhQ=Õ¬Ük‘7òñ}	g—–ôØZü Û8>ñ  v–
3uàIB·§ ,à»Í*~¥ø}¢2√ØW5ø0UTdı	¸™?A£Ù< ^D_·¬¡zœP+BÉ<P!˛@ı Ωè‹Àç∆PXÃòk0R¡Ef°kõ"≈@IÄßÙRî0 ¨oÿÃÙ4Ê5B8cÃ∏)ßºP\Å(@eJåL*ËÌLˇ  ÒX∂˚òlÀ⁄ 
dÏ°` ÄÒÙóK#¢°fD∞}Œ`>õÉ¥bä v·fayê0‡ j@›FpÂ¥J÷*î·k0@5 £å.cÄºûN;Tiåa∆åñ>@‚ŸàpÙ"KsB1HÅgâáfÅâbIt=¨[ÛÖöÉ®D0ÊBNÓòÀ02yÙ(éˇ ôå`‰¡õ
 :+>cA Rm8Gpöè@@8Ë£PÈØ‡~ÆÄ ¿qûá˛= ı+P	ú—ac–ê·ô†qàçb
¿PÏV·±Œbä+üN†#_iA1∞%({Å«0S Kgƒ(Hå&}Ê'Ñ*;=°BG¥≤8¬iSü ≈ëçMD} É‘p.ã®TgòL˛` Î•
Í8!Å[òHÿΩ’Ì	°AA®dò	˜¿TmÊ?FgÁRÒƒ"*Ù,R‹¡l⁄‚|"€È5∞å≤T#¬b#-tÅ¿T¢.√@?A±M ,ò	,`ØDW•ﬂ¶£Êj¡GP∏Ñ <∆Xs4°?DF¡®*_°·Dk0¿Fœ•\~Ç*ÉπÑHÙ ø1√d˘ÉFÇ>∞íLó¸© <Bíˇ ¬øø‡·#èP≥GëÅË"Ó+πÉ] 
Lë‹U~âAf1eCál„Päé5†pFàÖjO ü¨*√BŒG–` Ø°‘9é( ◊è3,¬n¿ ¿ EË9Å¬_Â£ËHÎ  äÙCfIf‡"	ƒ.yPLpD&Œ‡>B 8€Y#ò@0B1pÕJçÉ1ò÷¬ÑömG!‚Pq
¯ ≈V3fÂîÆ"Â‚qÁ ,òé…'ïPó(ë´ù∑‹å ¢&T∆Àç7‹&
∏_⁄Õ¿=©≤¢œ≤#`np2@è„ƒ√c£4¶T#∏ÿo%‹@ƒá êGë	
z-G2ã¡Á–öÖrÀÃ=îÿ#GÉbc–[—ππKÊ8ÔçNq@Açπõ£ËØ4¯|˙˙Ëa@·bè˛*Vøã@5#Ø‚G´ôw Y^πÇ(HÙ
å	∞&x˝9Gë,Àq†
NF¡Üa∏%¶ÄÄ€på™0Q ¿¿.Ê*QŒ¢ÚJèp©ù\ ∏e8îˆEBcÓ !SË
¬ ˝—£($õ(U¿!¿Ä„—ÆÖ Ãò8Ö%¨¸ôÊPÀÒ	™J ÂÊ†JY'+dÑ≈`ì^'® Ω†œ¿íB ≠¢0°Q§…7à(«nP+]√±T!øN4h˙``o~=†Sƒ¿ú1È@‹yvgΩB· °wR•≠®0'YfLè*˝å1Ä ‚\Q‚0…Ù–ã[w(¿&ÛËJ{zRï¨AGnÂî®Å9à˙0 ÙO’k]É„üC8ÄåPï!zoˇ Ö@!plY€J êÑìÛ
µË.`8 Ê˙`Ç„åU@í9à°:‚ê0¿¬©0æ≈∏á˝ ¬Ó &NL`Ó[P… ‡?ò(…] …§8öÙ»5Ë,ÛK⁄y¿&¥∞5«"VXõã0 	 hu)AHÁ–àƒ˝0†"r√ÇTqà!™áê/9qÄlgPF/h·zHj´∏±bA∞F•”0å¨äõ0·,àÉ(B 1$‘"i¿ﬂ¡—Ñ† ‚)‹‹tµ*êÛË@ nTçÀKw‹9∞QÊc‰É[acﬁ	w]R<û‚¨É±àfÄµ	üs7Ã ;çwòQX@∂∆:>ä7Y£>SpåFÕ{æ!Cd0˛˛àP.úL@√‹≤;öÊTà‡È–Œa/¡¥º¿ÓEˆÙpNe˙¿¿h¢ûÚÜˆÖóá1± ó'P òX8˝/S8‹Í  ãÙ6îÅgò»˛)˙/R$«•„ü¸D≤ŒeÜ• ‘Ñ=•å∆Éq@∏ƒD5ÚyÖ ﬁ¶Jß1^M˜:Ê!MÍ¢6∑£&^πäjú≥ú2åo<?‘,‹ê"#®yÑ—Sœ0ÇÂF©c£´¨⁄~ÜÊ	 @/ﬂ–¡4AL˙ÓÄåË‡√4≈…#ﬂ0m,e[Ó*.˛" <j Rw s04*ÄraÉ¡(`y9( úÆ"º«3+$D°Ä∞<ÂÛ9á´<ë%Át7fI®	»-¬dúÊ:\GâlE7J…û"”ƒFπÒ†'¿·'Ä'r@Ê`§ u9s!±=•@ƒkE°ƒ√Ä"•8`#2‘}?ØCò¶¥.j"RΩM÷be3p*'—¨p]Õ¿œ◊~öÉ"@Q™9±∏RìøEPàÄc*ƒﬂ†≥ÊíI ™Ωo–/ á1düE◊®Ã$ﬂÒ5ÍÆY¡—ÉïKzBû%2±,†!¬ b¡â DÊ(-,à>Ü ∑Ç'3ì˙†-%ÈMHë‹TìNpîanPÏÇMû¿n HAÊ2ÓM¡ßpê‘4h¬BÃ*F˛&Ñ £à‚1óË•†¶L T/$'C#YW
@rƒâ‹ ( ∏äÜΩ
Ee\Ã◊ßâüe@¢!XÊVŒÑ Æ√ i‚(Ä	G$ΩßQ	«ƒ†≈ü¨S8¸ ;Ä∏ÊJx0∞zÄ› ˘∆ W¯òÇ¶b«÷ i=∑@@>xà<Œa8l¡Œ|ÃÊq~∂lÅÿ>åƒ`6ã1EºƒªÅ_©µ
¢0V{ä‰+Ù¿í –oƒ!C†ëFÆ
†Ù˜Ücà»”ïrf≈°‹ŸÇ‡QÖâ''‘¿0!û1@ ÌjrR1⁄X,zï10XQ:aÕÊ‡“Ù◊°Y/”¥ƒdéì`Ç9µ	ƒ’◊©$«ˇ É~ÑCóc:êoôo‘"å *!ÊL¬8ÙÉ%ó Ö(‰Jﬁxà˙E$5‘!¶xß≤Vw(:òT–qmå`√l¬éÿör “0H8Ü&åß0˜üKÖøB¡Ò‹#‚0√iô Ç8Ä†JÙ\¿9R¡ñ‘¨ e>¢Ç"ÍÌ:ÍƒQÅ!≤5PA¢Q≤%nƒ^ë …¿É<È ê´kÒ:'®D BÌ7x¡ }ÛdÇY¿ÒƒFT`c~fcgãvfgL¿Q¨©¿jè°@,π‘•‹F}
z#ÉâÌ5üG∏°åD@ÄB˜ïg|JR`É„Ìjn&‚;‚£›‘	∞¡Ï(˝PêõæLé†}∫åÓdPelzÄä‹WB#°~sF 8ƒ◊≠8	â®3®SÙ•F∏sBPÁ2¡ÑëzÅz2?o¸n(ïo–ßÈ~Ä¿¸⁄ÍòÆ‡‡Äè‰ΩóäœD#ä( ùDAPVI≠D\Ä\ÿ‚0ïô¿±òÖq"7
ë0pæúÕGÂ√»DB!ê≤ê¯*P√Rå∂f{9%†·∆uçznÇZÙ±ë0g¥5©∏‹ Hz
v[ñ®r£Æ> Q…"◊Xâjâ,`	‰ÀR¯ÛYLdå"0òn ¢*®‡‚;öEŒ=¿ŒüÒﬁTnH¯ÒcHRI_ëT¡¶9»Ñçèù ,Gë≈±—‘ ,»-»‹¥µÄ¥*Œƒ¬,ΩÃˆáS-Ñ–CñµQ¡ápãä¨»|§&µ›#ÿ JFåI&uÿàHj∆0(V–ŸÖÉ˜0 &ˇ ÿâÁ0R-ë*Ë¬R±·Ñ°Ã3Èç¡àl	ÿ\â∏eÚè“ eGcPÍ™/*#©©ÂqBÉXßF2f˝5ÑkøAúBÃ0PôÌ7<BC⁄ÿ#ÎÎ•Ëî∏˛¸:åYıQµÎ ºJpøZó+Ê@πÄ8àÖùÃ ªJá’◊†ò îJÄh‚∞‚ÜSÉ—ÅÆƒ Oº {ò∑‚\"˜©HàºôÃ!BlFqK‹'–ÄEtdB@±à~®	 ∆°wË0ùz8/D≥_MÀÄ ÆÇc^à⁄ ÑYÅGPfS0≥‹9‚#∞>y@N¯Ñc>“¬ñËÓs @–Å@pÒàE°L&K,.!‘ÈÍ£≈™ÀÉ‚êL˛"Ó[∞®‚®pÆé€B@¢XÛ kä£‹1Çrñ 9°;0πÑÑ ¨ Å¥LôcÎD!Ã«›(Eº)¡∏4ﬂÄ–‡á£BÓ36¨ ©≥‹⁄‡6ê!võcÙ!¡CÅXÖ`B`6‡°íj Eeê`¶¸`" ÑmCú±¡.2å™⁄4Dås±ªÇjYRXÏì8º∆h`"1zmTL≤Ñ≥‘+¬ı•	É äÒ*SØPE
œpë√Ö@dŒfdTQ~ÇÈB·(Ô¯+Ù	GÎ≠F£˛àH$01ƒÌ¢∏
8ÙX`4r?∏Ç™`ñÙ®–JÄCzœ«ﬁ#¿ Ë(&°9êqc¿á«0áÃ`Ö]áˆòoﬁ0ÄH N'eb"ÆLpÇº•‘Fåq°7Ë|D¶A!ÇF°˙$$«ò	0LE¢'–ñ	¸ú·ß06 ¡ﬁÅﬁVƒ%Ã≈QXTPá%rS¬3Ë¬q¿ºçFlå‚
î+!¬tK@ç‡¯ÜIÓv{ÀHê Ç¿•2PNàªÆ¢KÇ@@I28:«ÿ›xô7ÊfAÇ Wq¨πÍbQZXÖÎ±‹⁄Ø⁄`ÃXp:áø°'Ñk1Ü/Ç¿B@Ã+
 yû”]äÇœj€ìûÏ.üp(‹ûn9ßàÑÀàXl5√@¥‘-õÙÅQäå.lXJlw2nU…>e∆¡≤ãä‘5RÎ†P]ƒ`ß(§"4sÓp©ê…oCëTüB¢!, ±ôw0rÜd»†»d◊çƒ}¶S¥‹f¯4e·ëÈ¨z~Åz“¨ˇ ;Ùq†F`ÀÑñ¬=É|Ω(É(ôŸ
ÊXÑë 0”ƒsò†+ÜÑ ¿æ·≠Çı¿Rá'0ç®7âZ1Æ˝∏ÄÛJM¸%ÙJÇ8Œ¢≥ôEüo@˙–v∫Ê2!b‚$Lƒ‹©ã àB  …1:pDu/Ó>Ê.aóF¿Ïu0ÛzyPB^s˚ÅÂ»B»õ~f][P	 <D4T#"ÇáºÑ˚¡®h—YqáN5[àD≤EÕ¬%®‹¬`‚c¡“‚:P≥¬ÑT√0õ?≤>%òàQÛÖP$PÆ„üQ"cäÓˇ w=°O1'Ë¡ËHâcﬁ„ó‡‡≥P úà	—Ñ‡, 4lQ	,.∆‡à¬¸¡S›z<Deú√É qs3“ôÎ®Ç ¢wÏº	-¯ÄFÄ`Ü‡∏÷é∞÷¢%≤ΩgHP√À√Q5∞Sï 3qôp∑‘◊spTì(•)¢XAåg˜æöÊ;úp√¸ı‚0±ÈP√aü‡C z$%5Ë‘®H:ƒ"7.ë5∏E¬–Äú¿Øà =–®KÇ€ÅÜ.s¡˛<¡ª‰BD;}°$Çæ#‰SJ˘ó=CÆêÃ∞¡#c©û,{√–"ê»Ä≤ŒÑ(O⁄:ñô–Oƒ]< c°6©íÑi2≤#ﬁ°â¬∏,˛ìàxÜ¥0±ïzÖd÷ºM©_Oh, à@ŒÌé…ãGScòÑ6'∞ì‹d,¬ñà Œe Åµê!@êjblµPá»◊°!K ™YÏ8õ8åÒ=†¿"
¥‹«ÑX{¡Ú™P%1º%@áÈƒÄM+∏3ıæ∏Ñ|¡[FRç ¯Ä¿D@3c∏I2}ÍYÜ!…•◊Hl°?àÄ˝!#  °ê≥{Üçi	Ùtßb.ff`°9Qã®ãJ¡pÑ@ÅdMQû—÷"®LX„mÃF0pÊ+á0ûÚÆ?P°V°P@˝	'9öœ†$zîbÙ^•(±ﬂ <¥é„Ù^∑äÜ+‹µcﬁŸÅ94zÅûƒ,Ì¿.+åÃ4lC-˛&·Ü∞e:îé*g‹B•2	ãˆÄIaƒ·\f8] 3§`Œ!I0[g«\ îyåJ9Ã*'–æ≥¬ YˆÉn!8@‚/@–ıò#Õ"∆¯õÄûTß"SüòπãQ%ë¿Bú‘◊°b¨Æ≥e"∆$†ËÿÔ"†!œîÆ9ñ˙j€ed-¸«
lﬂ
P÷`/â¨Ù“°€Ù¿Qö  ‰v $Ω†¡ß¯ÑT2Á¥ßéπÑP∞¿ÅÜ3‘!Ÿ*ãÃ∏qòXÏ@A†aèYÅÄmBa∏‘'òy6¶√p%D√ƒ! á v;ÖOΩ£∏Úû–ƒw-$AgB[ëÅ “ÿ0ûÛÃ±U &â0‡ ˚zg—‡ÿDü¢µgNi~õä)òâ∑”’Ess kƒ?¿#9Ud ‰XÎ‘Õ˙ªî(\´¯\~É 0® †î¢É+r–∏œ1(’l\UÀp†J£(LÊçB:Bƒ“Ççòn`òc?àLï©Ó°ÿ’ ÉPáGP°Óúæˆë∞Îú√Q”GÉ•zÅXûP«¢ª¢«¶Ü–Pw0óù(€⁄ŸPòP˜+ãÙZ#SÄ0Ωˇ êT∞^†¥F–xffÉ|B$á®XÇ¥·5ß¡Ñ	ö=DST`¿´bÆf"nqQ⁄¡5hD6öˆÅâ'|MÉP /QínÄMLÅØZX|©≥p,í+˝ó–=¬=ÂâÉ
ä‹6B≥à©`§˛•$®¬*?2∏õÓ»:û! ±ÔËú|–o£ƒ∫Ü	.´πSb-Ùa™°82ﬂ/àA√”â·,Æ‡À!à‡Ö¶¬Tívû∫òÿÏbf∂2 _‘àYâ@A¡—Sƒ˛∆J‚,@˝Ä.√\GWòh£ [AËGE.ˇ ‹ã‰°.ìBá)®≥Ë Ö2ÑÒF¶ÒLB7 ·∏ÑCBMÀä∆V’˙1ób`:âç◊ò¡ñCS⁄\eU ‘F2LìU(]Ú◊†ÅÉYœàadâfow°ë6}B∑÷î6±	"†§g˝'îp@[ÆÏ,éiß Ôàr˜Öı;àEñÄ∏ä˜ è,ªå^a–âƒ‹ï)X+^ôÉ0§ÍôÙd™N&ç¿˘ú°s¡3&äΩƒU|@]BEfV%∏Éæ Aò32àëvóëÒ*¨ûa‡=€ÒƒòΩ^‡zaF@ö~Ò\u  Ù¥·Ω‰D•Pg'Ö≥ﬂ°t§⁄úÜ≤‘ﬂâk3b¬ÙØa†Ñ9Éî·c@”ˆû8Ü£2£!‘mi¨Ó Ç“)ò·ÃËìr¿t˝hé9õKö;ûaZ)Ìqa
eaéƒ©8tùê‰Í=-@{Ç^`AæxÖ2
f/[Ü¶P-˙\U	X®KÙAÃπ_MœÇ;zd√h‰üœ°Ó)ÌÍΩÆ»ä{@Z˚DÃ 9*'"˛‡.U‘0^
8Ä€Éó∏∏ÎúüXÃ#GPÕ	 %Ê[‹,Åq∑-Q∆ F«1D`äâAZ> ê˜	ñ&…öÜ N As∫‚<(∏ùç¬=.' "·ﬂD`˜,»∞˘1}`ZB»ÄC"(∆0 úÇCôòEŸı+è¨su_0†¿^ÒÓ1ôÌ8éãVdE0v'œ¢@∞å D "µDÀ$B¬ ‹Thì9Ó4à…Ê üﬁ‡BÌHÿ∂åWi ô Ω˘Ón!FŒ∞πåí-ü¨#Î	D°ÈÏqæÃ2∞…®_B:2n´ƒ*CGÃ=ë9ä
Ã6Üáƒ«˛aüë"è@Yå¬¨∂¶°3d6W£Jô‹GpbhJ*≥àÂÿYèÚ õ@à∆!“9 S  ‚éj'øE7‚T9ÃÒzÒË¬[óBRÙ¡ôA‚Ë,À|Yqzb`˙õ◊¶{x9ò4eà®Aå2ÓõA £6‹zBL[áÎ	w ∏; c–a¨=éb…SÖ°1◊®5¥jûÊ†Ã"ÕDxà1{Ç0 #Xﬁ˜ÃBŸ#§¸JÛ«Ñ∞7	Í{Ñ™Q`>}FÕñSó‘T" ±Fú í ÓÅ÷:åàDµC∆†'(à›¡»,ˆDe Ñ∞Aƒ“Ç»‘±Çó0 è“}‚1‹Ä—ƒÔXK^cl‰l7p‰«ô¿2|G 5n∑Ã"Y+‡Ó+âã uƒŸÄ"3â·Û2∆Ò¸C¢¨p◊÷Y∏l¨Å‹\AïÄ≤¥º4lA 5DΩâƒOù‚ ûƒG˙îG}[¢Yyòw®â(hPzM$*ùÑ˝f°/	$W#B†T:Wà	"‘Æ‡&A†‡Ö‚·∏qƒ†¢Ì*bÀ!¶ﬂ™n íCÁœ¢B=„ÜL0=ƒó“é°ÅùÀR°.v†øìee÷∂[·L¡Âå’hào:à¬}ñN`£Ã!5ò©Pı ⁄Ù åÕòÄpwÛ—Ω!¶SJ-„àJvc¿˚°ê±ã0CƒÑL‘n<¡ò•=ı∞ı,»πJ! U8†ê}‚ Q@èyj·%∏1πJ(fbyO¨?T°2E‘!±±E>≤#òË≥|€ŸGï‰w 0;PäTÄw"2= ∞aò±˜DÏà ∏`t`á0X."5på˝†ª≤]/ƒ∞ä∆Ê˚q≤•ÅÚ:ƒ!ÈÙÖ2±) ÿa®nW∞Ä™.bÿ=läí	¯ò‹@—Ò2ÇƒVgqÏ«IÆÅ∑
f/öíÔ§,íÏÛ) AÆéa{E·ˇ »Ç"4+*"Lof£|≈1,8@–é\$_à6Â< Bπn =@≠ò4é#ùÕ@ a0ÃÔÅù#å§‡l,¿cDBVÎ"\5≠Bè⁄ÅF$Ë¬Åî„Ä(ÄaÈxÜT2…ùB ;GqÜ%∂~a`Tı €Ãîçp‡∏øCL·≥ì3P≥q¬Ñ5¬¥!
f‡-, [é•Bh≠àQ/Ô‰å®üÖÇ◊ò—Åπ®`+ÊYs
$ Y@öˆî…yç}°-Çexà∏Å⁄@ DÄ9âEf&	Äµ3‹µjÈ¬ ,í¢à6‚∂eÃL‡ˇ ÷EÑì8x	P‰\,∞ft„â@¬Y
mzej(õ+U5H ÊOÊ+ã1=w˝ŒInSû¢Ûe¡‹-Gÿ"Eü†e ©jÑñfe–‚ 9B¨¿
2¡O|òˆB\–~àÃg.¢	|≈xÑæ*0‹®Ó
ç0•û^¸Bß-ÅmˆÖÓ4` ±`GﬁÏ 9ò5»Ä$YÁ˜3 sËySt€Ñt=D#IÄv%@ÿÔ‹
Ènwf‘Ymf‹´Ö!ñÇÓ≥∏N¡GF$¿ ÇŸ5—@Äáò  (Ã˜¢	à57à2 §Ó++<h¿H°∆‚4iŒ¡Ê¨ï◊¥|L`Ô˛ ¸ MZ‰∂Q0W94¡‰»á®âw˝E¬8W£7Ù	~£03JV˘ñ Ñ%ÎQã® xó`Ût ò4!¿Ú° ∆He°‚\@)©ˇ Hœ∏ï.a‚–pT£ß÷,Óá¿à]ÉÃBUû!w√B L%ë-	ˆáòn|tñÑö0"@ŸPÆaå‘b%ãÃ»b%ç¯?É5
µeEı˛˝6•[ú∏: D∆u«å™5/à=≤ÿzt‹)RäÖÇ”O+∏ Q;a∆	#–o”é#B8ƒ6Ç∂0bƒ®£‡‘3F‡E≤öÅäò«˘8Î–±µ√™$ŒgbˆúÏK®Y∏sÜUÂ£ƒÛ@“Åç—Ë3ìÑã`“‚0)iXÑÃÄ/íulÆ¬ÃrÅ¥–Ä¿Ä.«O“‚YçÊAF=ò.*ò/xöÇ÷¨ÉÃ‚f±`ÃyähêIÔàI$ûa‰L¶ìåúÕu2\Qr∆Âpu§}y!¬π]Œ~”Q†f3ãﬁf¬3ûY˘ò2˚°-˙(<1 4∞ ¥y—áAƒ"……,¿>VØcü"(Ú°ûÃ!bdk⁄[¡8ô
"\‰L¡òı©HGÃÃøCƒ"3È~ç á@√¡ÊÔ∂Ö	‘.†`yèöƒŸÍ úóÃ'maƒ9Ç¿
ÇÌ £‘| )yñ%qÛò_nJY‚W≤Ñf
,ù@4°zÜ—(≤†\A≥Ñ’Pëß !¥9Å≈@äYÄ]À∏Z°ß1I§Ù*@à=úC )m∫âåT-£ƒÁ‚Eb≈<"!ı*»©ÇN≠à&/Êd"Aâ¿Ã∞o¬˛ÂYÜ\çƒ\Ä£î`èÇÑ†ñ5/B!°1RÓ
pƒπÒÃ c_hsq∞+Àƒ!ç¿ÍjwàÁÅx?≤!`SÔ3(˘öÇ¬¿˝ƒ5Ã32-ì‚_HãUÃå™¡»Óty‚_0 I∞
0Ä"ßòX‰û%êTÌƒPxƒ5`.mŒŒ‚ (2^{Ç¨DÄëƒ.ôÅ.¡ €ï
jﬂù¿‹'Ó"n(AYüX	7ïP∏Ë»ﬁ◊^"Ä#*≈fneºîI A˚lYÅsÈUPpATGÿÙdò0n2…ÄÜèf<C H0≤_°P/1zKÙ^ÇDı!û·’Ôpò9rÛµÜqâÒ+ùLTß∫ZàºRGESãÜyÍU°.ã.<ç6úf§û WÑæcPrD(•	ÃﬁL¨ÆD w‚`D‚&¢#qüÑßì:—;p0∑H ∂CëSPY√∫ÙÓ\…:!W/Fó	+Û®Pë a2¯E~∏Ú2f9Ù'√yò sò&,áEÖ √Ñ(¡•é¬,√êJ+ ,{¿G6·…øyf!≥5#QF1»íiB¿†rŒ∆ƒ«ä≤ªâõI&ﬁ≠˙Â™Äµê£Ç†Ê⁄F$t—ÿ0∫® k¿ØÍ_µò∏ÖCÉas"‡A¡±(ãÅ$jCËÄf‚K yÑÎ8'•àÑøÏ˜àäÑéQ®Ù3	"‚p¨5êóXÄX0å£*©u‹zÑ˜îÖE7éÑŒB Z“+∞an]àÄM"nB2"∑4!Pa
≤?∏íCÙNﬁ pêDQÜ <ÒÃ¸bW@æ‡ÕÀ+ò0n)âsAGƒ"Q∫0¿œÃrŒ –Ÿ8Ê™(XX‰!Ú‘Ußî®3Ö¢ÙE@$≤!à4ãMKm;ÄCÇæ±D#hÉAêã¿æI¢πn H®Y≈íæî—¢â ê Âº ë^˙Ù ?Ña’@sN%t 3QHûb'YQG°¨j^l¿—˛°4V‡èA¥ùÄls.#5 kN ITÉêm U
|Xñ˝‚ˇ æèÂÒÑ'√PÖÕòõ⁄ÛFV—‚7˙eöó±b@Ú!7ìÇy\Chtd#.å’„@O%ÏÒ∆a	?§2RHÛ*s9“–‡u 9J¿Q ‹•ÂLÒ‹{πLÄõP‘¶ta .Yì"å¡d2±5xÑ÷¸¿UUÎôÌ	*ªs»Ü“1r!πoÄ`ÈÄúÓ1¥#ƒÀqÅì+àókÊ O™¯Ö`kD≈à\Yê"¿ˆ;âzz‘EÉ2 =·è)—?—Ö—]Bî∞Mïâ™Ç∆†h≤
Sñ˜Q∏37 jaa.iıÙ èC>áÎ@≠À"Œﬁ†ïë-ñqÃp^ù¶’RÏ·óÀ`h∏‡JøEÍÑpéÉ–Ñ}ó  úªÑOis∑xÅ¬8A¥Ñ›dfX8Ç¶⁄Ä∆‚&Ñ˙¡ ¨6.$√ÉÏ^‡h¬*hsÅÚ†€ù^¢B@≥Úî≤|¿S—‚fm ;@PNcNêånq Åz4GpßRÄi˜ÊÉ–=Ó.üº®≈w àûÊp"÷‚#®eÛpkl⁄‚DV˘Û∞@´Éja°Guµ" Ã,q9ÖT,

Ñ0ÄdDT ÒPo|A°@Ï'î©l ”áÌqê¿CÉÈëòNæ"˜Ö3‚Ñ0&íAØ ŸÈ∑SD=ﬁüòq¬$Öq6z©âÑ‘I{˘wD!(˜:Ä_EP⁄‘	}†8!&=ƒ$-8Åq∏≈Ä°eZÑA¥6‡a‹É1ÅZÑx‚ÑÇ›@	Ã=Bıÿ‡à≈^™êïÿöÿ;Å1˙8¢  â  è(V≈«≥YÉ($û∆›@)’‘Æ= 3+∑1zïsÌ*A]âûƒŸÄ8,{Fﬂ3D\CrîÏ&R(nZo–D(ÎüBp‰œ¶¶†(Ê]≈)‹@‡pdÙvÜáQ†.0„Î˚Ñéj ZÁòaº¡ÜàÑVA<Ü°0π—“!}ƒçsÇbT{Pt5à‡≥	ë€áÄ‹*¬à[‰b” _äô<T¥§Än êÉF∆ƒRÔ®X@( zƒbcó	,Ø¥!bTójp;\Ãæ]u∑HA¡ÇN35⁄Vïñ‚ÜERÈ Ú#16ÒÃèﬁ£‚%ÿÅ‚hÃ4< ∂TxQÒ(P◊Lj9â¿e`(Rë∑ºŒß&%∆[0®ÑC®≈AôK\D‡‚§√®DÊ%§BÏˆÜ˙Í[1:Ây‹QÃ‡(ÙÍ
PZIhÍå≈s¯Ñµœ`>è]Îæ≥	}A±ô!¥«âî£QA».P‹≤ ”E˙0¯ïüK%CıYHw	πÃ∫à≈/AZÜíò%5†vƒ§ùBvÑø5ß‹◊∏À(dlxóÃ"9©ÌË`q2‡Éê<¿î•—C™Ù A™ÒcR¯ï5Ë£ ¬AÛÑÉ,#±X `$*^·yÊ°aÒhà™ ºÜ°xÉ‚Cß‰ +êÒ0B€Â‡¡5ë-ƒ ŸÙÑPâB«º!Tî;Ï@aπ>–ÑF©ªTﬂ0QRÃ ê\Ä˝"¿±ƒ#è˘
2Øº@ÕaØ †9öéEû"öyc|ga∫ïsÊ*Ó{b*±´`É¿Ω¿{rúîáÃ∏OÃ8D∞ebÍdF}—˝√CÄxä `X*[íC9sø¿'P≥π]¬O πçœ¶8Àÿ‰;á©]∑ÿ…‚∂‡VnÃ9®≥pÑm±›ÓZN/“¢=≥˜óV|B8xc 9é!£õZÄ 'Ä<ëspMeœSaÁT|†Í2 eaÏxáÿîFÃ+çE)g¥‘À‘rø0vñπò62•äÍ∑È®XêcÜªõç≥∑s{ÑCΩú#‚1$õg0‡{YGï¢ìƒ8®ŸæΩíÃàm}b )˘á¬yõüHd ¡TD$IúK(/yP(€ér?ÿr!âJ{BYÉùE0ÙØNëîÊaπÃ1#à	Äv'_ê†Æ‹"ÅjàaÖÒ«Yng¿ç%ôöƒbrjtg⁄7Ä@?$®ÜÄÑÅ’˚¿d›ò‘”N"W\¿LXê@•H*áàÃ3≤˜ÖZp$0SPé@–T"íÃ(Iyç±ewè±àQKåú∑hÎ`àÇà0ä‘4Í8—ËÑØ¥aPÄ1µÊp:qà8‹Ge/πE}·f ¯©œ.hi‹µ4∆|f∑ˇ %àE±ˆP¢N∏ßl,ºgBb!|Ã®b„
}ë<Fsò≥XÅÀ†⁄>Ä>Ú˘‘-†ÅS˜Ç◊¥J†Ç5Éw_ò\yqâ'&"nﬂ…m≈¿g00_e`0√¢Æ!ÂÊÈKkÀ92ˇ ò@Ωê∞r%yï∆aZE'pÆB`ƒç){ÁÃ∏VËB;ÉÄÕë!<ãI¢¶_≥ÄJ
É˛¿pÛÙÉ∞‚ó]ŸÙóƒmRîˆö™òÍπ}ÿÑ 0bE±˛‚Éî›‘%ÜÇ˛°LáFó2—]s	êL1‹∑ÿ◊SK:1¡∂ !±,W åYôπp”ÌALà¶W±„ëË≥+âN(¢òﬁ!V%√Hå¶ªû–1ÿ, °√à\"MòÑ— cr"&,ŸTu9i–ƒRgŸ!†ú«–9dLh˚ åH°<	CpÁißGÃ$rπ≤<BA}ƒ#Ã&y∏4f9j5ùàc©/Ù4·Åûﬂa.†å”àW2¿ÖÓfb[¥ÄN˛<FJ Îw) ŒG¥æ±“xå@d√Ê.|àﬁﬁÑ#∫OPñÂ∆± GàQÉàHò@à± Ê7N"pdC,.≥Ê xÙÚ	Ñë$SsˆÑtƒmp¢ °)b}ß5®ç8*â·Ø)aCjX;≠∏*(N07=à2UÅH˜8Ã7¡K~ç
 ¬≠  ∞¬&Ãì∞‰òÅ™E'àÿN=•<BÍΩ‡`9Äxg›‚‰8ò?Xü" Ó¿¯Äm.üxgÅé`(°ª:Ñj<xÖ[è+öO›.py≈€FSG“Î‚Q]Ú ÑBnû!≠\-ØhT  0∂†ã …É,X:ñ0jofà:ã+)®™i6—Ñ“^ˆ@ä§/ÃW9á ‘`ÏMMENã‘Óa˘ã5
)íQÙ8<Í.Â®@Cd¸©üF,kƒëBà5+
B(	NƒCÚå˚àar‚e˘0ÿ–y4>ŸæàÄÆ)¢‡WêÄ7≤y3ÙwÑ∏ê›@e≥Ï°F@Â& äÜñƒfê˙*@Cn±
(ƒ*≤¬a m¿b'X ∏QF‘Æb¨8
ÉƒGâ`+ãÀ®‰0@:«ëòÇÅ¬òPÓ ¨à¡Ö7Å¬W˜>Ä lı√‚;ûD{Ä¬0%ø0√ê@i¯âé•ñ∆¡ÿû–èd≈Ò=£K’ø0`6ñœp’?Aô%\[YÖç@ ≥∆Ò
‘7òNyè˝ÑEÇ± †πú≥ƒa§“E1πrœ'e¡à-å¸‹F7Rô7S &°(àA≤$ƒ:ÖEƒö√ »Äà"∞{âæ.	 $T◊hê$¥xÑç öh*2Äõ∏ØP-/h† è±Ó—úf2± ~îGNw(Ÿ?®PÄ:∫yáÀÖXî5Ê[w®p¯.†)(€Á˝Ñ‹ ŸŒñ2=0[ÚÁºN°® Õì∏Ø?D›8É¶©v0Yƒœ‚\ ‚#ÕyF>ë6åw0A»‹‹NÊVÄ}F£ ÃLÅ	†¸√B:âî.O0—Œ=0a/«†iÉëã…È]ò§@Iﬁ‹u£†naÜ'@fÌˆ!†I˙¢⁄ÒUÓ.q7PÄJ‘ÛNTTk[wÑ√¿O¡á¶{:{N∫à≠{CDÄ%ëuˆ±†Îæ(πMb5 f ‚4· )±âeƒ
˙ÑPpˆjàÊ·LÎ˙äìÄ·˝√ó“v"˙M7^ô(ü;÷ê∞|Ã°≥”S{B"˜3mœc7òñ∆Ky eı†hTb¢OQê±˘®±PÓå‘ Ø‹ #">–ûLDÁ&ú∑-TÌÃ√òP‰'ÄÖ©ÑD  ˛.79»AÄI#/Ã
‡XÄNYœPÇIàêåI0
«ºIO=Õû«÷2¢ÄRFh©ëÊ9yîn∆yôÖhääÔ  ıÇ'Ãl8B 6ÃD›¿ù˚@˘åaàô»‚sP§\piÑ'âZÊ`" "·Ã #Påª§7LDˆ<àEk>ÒPÙO/ﬁ˜÷!t`Ã"X±®H¥p¯Í·É÷Oâ@"H4A0 ~<Lì≈Ü=Áñ‚÷>±≠èÖ\]C0•QΩ√~©¨‚
BopBàSJ<∏A˙K"¶^˛¶ƒBà?DM^gŸ
ÇÑû`≤a«""´Óä$]D‰”±La⁄)Æ%’NbÓnrÊMjÑ˜) –%ı∏… é
YÍ…‘a¡ô~∆1#åA⁄"O+Önu-•ë∏)˘Eë^"∑àJÉÄ‘˙¢Î~Ü<¿∑áV"ÓﬁX1ËÜùåI˘Cπ·Ì}¶Û.¢¯áıA›`¢"˛í¬~‹EÊ *pƒ⁄Ä`y0√á»3+øƒ{ê‹#âπì3
u7C‚(GRÉa®¯é°…ø.5æÅ
ﬁFè!£qËà√ﬁ`ÛÌ^>à=D∏∆·=_Ê#∏¸Ä5«qFµ<‘∂\)T◊ªqh8ˆC~Œ )Ä±˜â/Bà È™åt0c∞Píxkp£êÉﬂëP8∏èÇ†úâl›EƒÅAr\‘„Ö‘$ Ü‚ªpx
 @™=* ˘Ñ`Ö&‡â…!VKHû`r! Ú° !∂nd±p-KX!„–7)‘p&" Ü" y.BI2y0∂yü◊‚F‚Ë$Ü3÷ûD†ºD‹ XÊf~¯öÉÖæï˚S⁄'∫àÒP!ûL≠Ad¡Ã&á1;Çªò†á'2¶®Nƒ–Ï{Àù† f£˚œ-—óŒFEêÉÄ‹ò•‰J\ÎÃ¶	ZÒÉh°s	˝s*∆ {Ñ”£ôˆåªâP$º∆>?0¨3 B’P™‚ƒ÷Ø
∆% ‚{ p9∞öÃqBÄê»<¬êâW¿çN{¡˜ÇlGô»äÏA(ÚíÖj_90Ÿ,}°¸CáÂ& 5®˙»bD≈• i“	é>ΩÃ;Få`D2ÉπOàI|	$CBå¨gåÃ4™˜2@◊„∏Ç®â1⁄3¢=∫õ0QÙB ıS.â5±v!£»P¯ñ|O’£B≠˘à=Cµáq05Éà44EPÄ)@ë»ˆòbTÄAã!L<8ñ·ë‰@œ w® <Å¯à⁄OP∞Î	yÜùø@[:É>”$rRpñ\è¬ô É2 RsgÈBfl≠GƒAd˙˜çT¯Kx^Áa∑bV01Â‡†a1xÓ∆˛–ÄÇ ¢ñ†Äm‚V38p ˚q‘$Î‚ ë‰@H√ÅÖñÑ@†B(0kPE˘îâñVÑÕòågãèñ]PP€≤£â˘ñK``4`≠!æ%o(/`F?»iD/√®Œ!.«jûfŒ†paw/”–å¿Ö:5°Ø2ê'ÇõÄ]LHy˚PÖπBÖ/ Füüc ¶êû@É	`¢Íp‹’pa∂Yø1¥D‰CÄ$2D[pk«ë(∆8åe@ªÿÇ¿+˝ÅKì2LåTæÛ(OﬂàAÉ4z0åc`‹º!ñÅë5¬O"óVu/ûyökåÃ‹øÇƒ≈û¬:‹Dad:Ñ%∆¥! .XÜö∏2;°…âxÀ@à˜ué°,(˜Ù"Çc∫ƒt_ó∏ﬂHYb„¿?¸2„Pâˆô@RÇÇÓ.`‚ç‚^ªûÏ¬*‡ √´œMÉ†∏•2@¿§$wPÇ±à†˚˙qòi¯ã!å Qƒr!i¬Ç¿Q° zQ‘AKE¢˛Òö≥{Å_,X4A‚˝†<øÃ 5ˆÅ(Ï\∆¢LeDî%∞Ühê‚a£ùq0êZaWpÉÃ1ﬂ1äL„É≤}£u>a£TTT®pxÂ‰JaÑî áQU‹≤{'p…°√‚™@è0ÇI-ìàâÁƒ:btƒ	Ë|¿G≠Qg®DH¶Øó:†I…Urû=°ÉœQ≤‡
ÅÀ®åR Y1Yö*dˆ@çë~a6Í#2·É&&ZO3è@‚&Zπ2´G!Ò( ãØâ®djJ‚j 9◊QHN Õ˘U¬s~f #î(∞X )Cf∞xp‰@¿D:!#ÈØo€ƒ-æ–k<Bd3àπäﬂ1\:TW`FD◊˜2^û—¿;T&)h2ù$†N‡  êŸ}‘#0≤}@Üw‘¡Çv<EC"¯M˚@‡NCY=8Ç !ıBTÍûÛ:Ä2≥/˚ÉWàP*"–ZÇƒ÷;Äi!§»)b–ÛôIjb√ä>
~–ÆÒ+ X°£5	1K◊èX‡«…B(·.Ñ"80⁄¡Í¢Å†]B$ö∏o®¥Ä	¿}¬àÒÿô;Æ&êÚsÔ"û”W≠§«Ã`w'9Ÿâ	ÄrÕ‚$!Pò8åôLƒâ	r2<K‚K∑píÏ‡¸¿∆¡ëÑa]¬D` ≠5Ê ÁÌì¢î"	+ﬁV·e(ÆDnMÖ0!D˜¿ ßØQÆ∂ÿÄdÈ|o2ñ€ÄÉÙCw—
d@c[¨LëÅ÷Â≈—ÖhHÜ¿;üÈ(	Ò+»GeTî®I°Ω˜í¨4A»Ô—S3ÄîcÈCè"Y8à≈ÿ‘çb∆ ºÄ¢®7©πøN=ÒPÄ ‡?¥Eøà
}å0|¡$ö‹		Ä3®^N§√∞bp®aJ√CxXKWÄˆπÉ5àDp
ƒìö3Ì–p⁄B¢xd@¥ÊI©ÄxqÕa# ≠àZ}Áê± ±P’0Âw «›ƒ'UL√=@l9yäi¡Û4∑ÌGàAˆA2r”∑Ak»J Cˆr!ÇUà∆`¬9·s Z®~ÿæêÜœx·◊Yâ»äÃ@u‹"°7‚›Êh¡√ÄW&Gn&%ü∑àπ¢
F†uƒñ‡E ö¢—á!M°ﬁ‚∏¶ápÅÏXh^Â@Jkc~Ç.:÷†wGÎë$DÄQ…<!»œ…öT`ßXZ9ä±2à4UvÄ∂÷†Xeë"ŸÄi ¿îÏFe«pÄë	∏µßæa$◊ôcØD'ç¬/gpê–Ãp
∞ÈÂLÈ)ãÑ ﬂ˜l¥L„‚1÷¡B∏ ºUq"—∞≈Aó«ƒy0I0•¡j&F`t>â˝‡ä·f–Ê.MÃ`U•	8Y;ä·A[RÚùbhF˙EÃUYG∞@Ä÷f„Y™™çç!æ"â?
2ï¬ÉpMëcF. Í\ÿf2òÑfhÀ“≠àAÑÂvËraZ,([B8ÉSÙCb
Oè§$É"ÀÃ5Døà6©zj%Ò.ƒ.KàÑ€®TÅ+gÃ†Éà˚ëBÅˇ Ñz`¡(‹¡r˘ÜHê˚#Ä~]¬ÃJ°àó®!Ü◊Ñ9'Öé‡$N≠fˆ*¡õÂ{†|∏ÑﬂıPƒ!4í™ø‰ÒÃŸq∆  Y>`
W€'Ô	f∫åÇ∆fEò∑¿÷D√0å\> Ê{ô·>œ¨»‘"MﬂßdÈ5à6·|‰π*ú ≠ÊZõxFºxQ'
È≈ÍH†;ƒ(™'‹	ÒèÔÃ©¨AÂF´ ©dn"ËXƒ,‘Æ9˘Ñ—à0Ä ìbmôm´Í `éL⁄ﬂ08
 ÖPZàÄLÁ©b¯ápô˜éÃÚ ¯‚`∏è/Pn0£ÉÔ˚ô8Û.ª§b@ÄÁ˚5‹ Éñ WdœÚaA{«Ê•,YÖ≈êê0çiû° L0>É"•h3P“B¿¨=ƒ÷øH¨¬]◊÷_“5¡ô Oh»¸ƒqPy5»ªÓ
Â˘Ñ6`(@Ü`GA¥Uc–f0`r&ß1Ó'næ–"ˆp≠°Ì4ƒ,J§Ò)œ™Q!zIdÚaJ$ƒ¿Æ`B
⁄»ˆÅ ˛aúã )õ®ÀtÔ£N[Å5‹WÀäZõV:ΩÃ' ÃàA⁄ 6Ç‰æ* jºCÚDê
Á%˝Õe''A3íq6sÓyÃ¡ é:E÷`ƒ<0Ü`I∏û`B‰~–`Ä‡®	G0…@I´€^ êlyöø0˚@*˙¬w∏E£œ±âåCåπÑ©ÉÊ
É:Õı ¿™%»7ùÙ‡5 ˇ ±≠´õ-Ãóª÷°≈óRõÈ-å@¥K∆‰≤b{ï ÖÖsÊûÂ¢(dÊ	`∞ã∞AFtC¿H4aéY%ïÃL¡„qÈfŒ@ÑíL
!åˇ PÆ®µÚ<CßY<º%±©®Øèx{yÇ¿ÎË·©∏	ˆÑäÔ‰É;w‘Ä oG¥4GÂem@$ˇ ±ñX
ü¥ Äd©‹∑LÜ‚"\ú˚ÀH¬)Ûπà\¡Ö¿€pâÔπvˇ §Jî»®óò>`¸BB˜F2Õ¬-®0ÍSèâ„P†´.£¨\µD:`‘!Bí«%Ë«¿Râ®M •˙˘?s	j73gS£»ÊSg	(™ß3ëÊ~es$ê-¡ÛÒPÛ¬Çﬁu-¡õB2qçA∞Qâ "`–b∫®~ÿ¿»%®656∞¥£ﬂQ´yàËLÄ˛Î~—
ìîº BQa(LÄÍ·πÉR£ÌDXCÿÇÅêúÇ¡p–≠¡j¬  á	†Q#rÍ|Ä˚C%ãÄÏ∞2iú;à’ïÙôΩí¡@é†uæU3+Ì¬ÅüÓ!Ñ>Áò¿5È?ØEõWÕê( hÅèhÎ;Z7 0	¥6]ºRö ìôvÉ`,‘›‘(•	8ÊLC;ó¢•ïJ∂πäYªpêh0≥?|Fàà»†˜/0›&¨ ÊKMÖw‰±q Í'pPêMé¿j≠ƒã‰∏K4#±Jä˜àRØBq_g0êH™õÃ îHC±∂¡äùV`
f”ÅuP áƒ µÄ7æKr∏ÕA¿óıÇÉpˆàê¶®çà|Î9≠a¸@Y»‹X !Dr qÉ2íá ¿Ø=¬D-qòi°‘@‘b∑Ø˘	Ê#QÒé8?–fpaÄ“òƒ4P0ÀºœY@G..:(Ã Ê
PÑ‡=SıÊf"qøp˘àì‹Sd•{ãg∫UÔ "WÙã⁄0@#∏ Œ‡zb≤‘Ì7Ë∫É58∏Béß	w7üu <
u(t•C¢‘€πek®XÄB¬du˛·»T§ø3èªLü8q‚\›BΩ·fÎôv÷º ñ;ÄMÿMÉ®!û¸ÇT [DãÄòña	a‡L"~!}}ÂBï"úúò‡HUåa¡B±˙ß&∏ÓS¬å›ó‘u_Í0ï#Û ”W* q2 \°`ãâ–Ê êT¿ôg^x;ËﬁOÆV_ÎÇ›B m¿d0(í#ﬁRœá∏iR·µÿ0Ó#(B†`%	, -bú*ˇ ÇÍ.°P‘Ó¶¸Ó`·é'“pZnÍkõå“7&Ã ±˜ã˛¬[,ÅQî∏ô¸zñ¢&AÓ:Úﬂxê3æ«1†-È¬ ≤≤‘Æ<†Ωè˚!ªòqzTb$ kqÈÿPéô^∆˝ÊºM∏à»é›Hﬁ·`≤ßòò‡•´·
∏*òk
Ò(L 90<ƒÄ·˝®D‹ öÉ¯ÜèéÊo50[áƒÌÒ+òÃ—Aè„ÃÚH¢äD—Ç.Õ¿Cá˚Ö"Ñ%é`
0 hâ∏»* ƒ"ÔÊ(dÂFu√í˛!{À‘!ÂmËXÑ8q9ú√âpﬂ °>ï0h0•±Yæ`32¬0è≥N„êb±`ÇÉâóˆH±ãG¡ó2AÊå'ä	âøy§EŒ‡∂Ôë‹AÇcN‡ä‡	ì‹?àœÇ¡îEÅ`ÛÇŸX51ëò`#t•úò¯:Öñ Ep 9wø"_ôDP´áÅ¡ÎÛH, –çÙÇ±)Ä
6Gpò50DTùÓS!&¨xÜï8A˙¬jîÔp´∞ÒmHÉ©bN7	Í6MMJjEà+'0˘ò 8î≈_˘	Q‘ÚÖTˇ bÖÄà»Ö2ã∫<∆!ÃŒGòôƒl`pXDq¿Vb†íóÖ PŸÖ(N:û	éE49Éq É¿<wtl+€q&B«n6\&∂(üº≈PXrY˛”í˚é	‘%`˝d rq6¨,Bå«ëÃ%±n"ÉΩDX#¬ƒYa¿®à@M/ôuù˚¬˚óD™ÙId;å˜‹ ©∑ƒ%Ò?^Z⁄àÛ	˝Ü⁄ƒêbxœƒ6Ë‘≤ÑÙˆ‚® B/ôNIIöÜ®`0Ëf o»»"a∆¿√ÛÃ,£¢¿xg©¿øà|‹K®≤jƒ:ÿ<O0ÅÌâé∫éÑ9æ∫ÜôˆÙi=¬lX‚!3£§í{¿ú<∆˝4¬⁄Åœ†ZÛ*GÙE.ZÖh@äÕpÅÃ¬ À›¿-hH £g©C±∏ím«OsÙÄ ïÅ»¡¸E ÕüYZ(qèã[£T‚·U‘07í!GGG©@äxGVdwπào»ãö	“à‚ âj2≠ô=Â BDp+i≈¿c32jPÜ√q C¿–Ñ´‚RRó» ∂≥B„Å9Ö`(I'1OŒÆ]ƒ∏,AÓGC,ëœ£†§íÄøB!ÖT !Bx®8á‘Ÿ<b#æqà∆;üﬁ`4	Ó ìâÉüyˇ 	ùB‡$)aq©LƒÈ™|N+ﬁÒêDsÊxJ	ö'as ∂—u{à∑2Ñã+®Ç˝P>à=íÖ¢{ö1Ä™± ~≤@∞∫óƒL,^‚=Àƒ∏¿éY≥∫4∏2±Ã¿#ò °ÄÅÄGF/(CëÃjæÉªò!8∑©HÇ €Ò)‹&åÈ BÎ‚'∏°<ƒ¥˜é<Ö‹" a˚√◊∂&ﬂ∑^aD¿6ÿZ‹øü=é\@`G àê'¬Xpb¨GR é!$	d¡`B"P∂+∞MÍ‚∑1o ⁄âª◊¥©wˆÑaj(BﬁÄ0åUàK 
rfÏ3.–&@|j\±Ö ÄeÿwlÕs Ÿt#¿◊Ph∏+Ö D"¸¿^œ}F´Ç/p†‘ª>a`FJˇ ±`û;ØÚ lÉ3—®ã¢O·aùLD)Ä#â®kƒÛÓëFvıpï˙Û!%ƒ«(,  ÷c÷ûT(äøÇÉê/˜!èÄÇˇ ŸÊ29¸Bi‡Ò	˘πîZÖ:@D=}`f5»8;÷b9ﬂ?∑G9Ëòo∫√vC3 S†>QË˜òBƒîGŒ¶Ñf,Q∆Àápá$≤C`7
´1%≤Y1ìˆJàUJb„‡6 Ä'(J-!˚yÖCÙä·@O∏{@∆sèü1^/àn ∞$∆ı(Û<Í ã
?c ÛÃŒÜL¥6á^fá˜3ƒéÃUB†≈E?i‡åy¯îd»»–ÉÿÛhG2.¿Ö…-LºJ"∞ñVÉà'ëÔO_õÌ
ï±ä·6∆	hài“ÁÌòeÖ›ßpŸ#ÿ˛g cée≈tÄh%|Œ¿Ñ BT,Úuî°:†èifAä{ 9 I◊òÚP≥·7Ó° @"9œ9»–ã#H≤! xƒI\ÓY∂!~ËíÙ,EcàQào≥îÑH¬$@09ñqE‘Ã˝(5e∏ZÄ#+ÑD<JÓk0ÒË"f$Ëüﬁ"FVeÜ≠∏ã≥úÒ ¨|¬l%∏0f3hìE.åvc—)#H¿∂ [ ÄÄäNXlfp@ ≠Êx(RÂòm-4i…HÔˆêË∞ÁÒ2V}éeØ[(‡@ÿ,
zÍ÷'W¥÷¶pA ?‘“∂MÀO´Ò QMxLa™ò†á¿Ü~ì2 ZçJÀÓ0Ã,îÿD¿ é∆Oû ç´so7»»®—¯"	y`¯‹hâŸ'7Ã_QQPÉ ÍXÒ1B
˚!îBÜ]¿RƒŸÂ•-(˚B4x‘5˝≈YQ"˚¡≤‹´É0ë<◊âUÅP>q	q@º·êªâp·¸¬OPQıD„Ã ÑR…9>;ÅBdH⁄ΩÁ5q(A'0>‡hXƒ‹¿…|(`å 9ÖP`â¿OÀ%åÖühÇ∆¢/0QBIç†=‡#\8∫2ó\¿H?ÑƒXÓ2ÂÉæGp˚KT˚ä∏7Nƒ˘ıâä˘Ö2ÎpZ¢Û£‹ AÇ…àIﬁ`êº 6À§í–!~è0∞&V·8ø £˙úVN,ˇ qB´ÈÇÿ1ÑT¢âÆe0‹O ä{©∏ ˚Õ¿°´Ê 4!É'3çƒü@NÓÂC)Áƒ19Pö4[ÄÅ|ı ™‹w	@–;å®ëVΩ°\⁄^∏ãòW¥Ã¢BŸ“àJT(n∑9àπƒô Ë 0%_‚f≠p¶#ôëv AmﬁÆ>Üœò,Y"D7U‚	mÄ∂Pà LOî⁄„ÁF3fà˘Ä•”1ÖáV8ñâá}!7¿Ä‘Éòä	d<Do‘")‚lë¡0®íÛ&Ç8id!¨ë±ôh#N˘áC,¬6`h…N·†Â∆‚„Ã&®∫à¨DËLé‚z∏R˜ã"7~%Ñ C£
Úêì≤ Ú8ö¨6 ;Æ"!Ûï»»¡öä	;i•T∞G‰Ñ, böc(®pç”ÊÀp ∏Ö~‘D|Co∆"-¬‡D'∏fÕı Æ≥.ub$e“œÃ ;N‡k0Ö£—2ühÄÄF]Ö˜Z€T8ÉUhï}Ê9Inë&PEìò‚˜O©S!däbeÒË`ﬁ>∞(of#Ï\∞°H 2^*6˝†ß÷!^~ ÌÚ0`|C®:√n√ÒF`ÇOx¿≤0ﬁ%8ÑbÁÅXäÇi8zu ¯3M≠åÆD<	 êâ‡	3H¬†0/!ÃƒU‹–sQ∂QÖ,@~Q∂BZˆ®ü à  vπ—¶˙â‚¢c2ø®0^a(‘[∆"béc∞s…s±∂à,"(F@B‘°Ã≥Ê)X VÆ_V%å9r	≤ØÔ√ﬁB@éF`™Ç◊ı/,2—Ígº0ö@`øTcQ8j> ˙¯ÑyÏö»˘å(zÑCà@Bx∆<ú‚i*$`÷A ≥|ˆåB‡"*¡Ãp‡!5\h$V‹5OàEgﬁNH_á(« (®@Ä‡¸√E®ZQç®Ò@Wı é˚ˇ ∞áq•e@ àEQ`çhÅöÖ°ñC‹∏óÙÑ≤|¿ñ#Gx:s ßƒÿ‹ßùM\p?´Å`QÄ(k	‚\’É›EÛ)7—XBYÈ†rDóxæÑè¨ Ç¢º≈Á<<!7
(B{≈ïê—/0Ø5:ä•ÜØ1ìçõu]æJº¬æ ·5˙cp	D4;+RÅxeUï¬LHœÏùêpµ/0Ï"Y9Ä`µíû≥€`Ev 	IÇ
=3å† ÆìBrŒ≥‘†æGQô…à@$‰Oò"’pì≤N‹<òÖÅˆ&ƒc‘#‡cøyüÍ‡@"®  ÅCá/f‹)¨Œ˚à1¸áEèh!&˘ã®¨50
7jÄÃ´®ZÇ&Ë\P*-¬"NPQ/ÏàY©€öââ^Ñ¸Ò∏B}„ºá!Ñ¥ﬁ„πØh√ÖBÆ›◊¥∞Ç3ò@¥B!EËF‹ÿ˚AòƒG¢%--/@¯Éêfe	$˛9Öeq—î7¥• 0‡«êHW$64©Ã∏"†∑»àñå{L.Àÿ∑(ñ‡##û n„P"í≈≥ô;ü$DãGd9¥ hM	*)˙ÄùUb,¡—∏F…V˙ƒN[èßÕB?ÏG&QeƒË≠ƒœå@6Ò®r‹!õg ”|„+ˆ†BösŒbÒ2#°Åãj®õb8Ó&πià¨†bu	"Ô“Ø=ìÃ"Í‹»ÇÒíˆ}¢·Ä 
£§¬)R$+Äm4ù¿ s-ÇÀ'$†\≤°ô–	hÌÀTI"∞1 xt‡ƒ ∆·∞È¿)-TAÁ®eÖb«ö}Æbd! ëÅdNƒ?¨M¨q6†Fçc˝ÇNqÇM‚ w[‹Ë" ˜h'®V¢©@Z´®4˚ÒÄ*˝†UıÍ ë9–H»≠àUÂlF,õ3a ﬁ"\€t'Ê]¨√E∞j ZAÄ+0yå÷¢ˆÉnöÅs75:&2≥Ó†ËπÄ©äÑ-sÃ6 RÄMà‚	¶j!πè“_˝Ä≥[â@»a¨Mj4£∏‹ﬁ·.·¡M+‚!òE
A3<4i"Çœa∏G@é?L…@ıû¥°ÑÊ_2áÛ5/{pÉÔ6 ~!–c¢EÏÉπı)ñ7Ã•É3ÓΩ‡œ∑	“™æa N(éLA@!ﬁ"ç»±ıÇ8–£*6MeÊÉ˚™}Yñ6tè‚T° &Ùöé‘Dv◊ôcdqN†[fåLwàB¸à Ç∑¯àcø¨–∫pàX‹ÔàŸ∞∞,Ú%EÇ˝îX7QX/oô∏‚|Bƒ¢É 48˘óxF–îµNQZÔQy2Á`G⁄*¡\®AÏ   ±+b*I†“'⁄ 4;¨q‹ONP^˛=¨√-¿ˆÄ$≤+P	ECC3!®<D¡m‹/ìÃ œcb74vˇ ≤)ÖNBÜ#…ÜMZf3
%≤h#ÿ?0äÍ~œkäPÑÄÏu!∏(Ä<8R«ÌCX´ÉÅ–d3ß$HÑ Å©ò7
Û.‚	9ëÄ∂‘X»˜Ñw	q£˜Xµüœ¥q»%ﬂ° òƒºC<¶A^√
9‘Fíéïo;ãì	,¯‹"9#
6«0œö"ÊE√ì~É	{Öò`ÆπÑâ¡DA‹dno}!∞0,öÖP ¢7…ïBO€¢ ≈@òmFÃ÷ô¥N(ë‚ûÆ0¶1†1¶]w8¯àòAJ¨xÑÑe®¯:ú¯,æûa +x0Ê–>l¯É§ !´=≈íÉH¡∑Ä:’¿n5.Öw˘ôõ"ıüßõ∞#`¿h˘ÄÜÅ,5Ì ◊ÎÑ∆!&Î0	EµÌ	í Y°àË8G´∏D˚çàßÌ1˝∏äÛÔKûÒ (N(¬AJˇ ]∆>!bæ ‡cìÛÀÄ:1
 Í&2ég|BYmÒ®H]˘ÄàQ∂4<ÃbÃÚF)˘îÂ‹°	œ0‰2¢p
‚Âı‘æq82Í.^–É|K0◊ıÜqÌ2@ÃÅû«qî∏€‘,"˚‘Lôl–°‘Ö¬∏Y≥x,˜.>%U{ò„ÄQ Òw+4(—Äà®¬rwè®9oà$SgÉ‘fBqw 	BQ T.÷=Y∞Ñ £õÃ∞€ÅXå:Ü ˝HƒÉ2Ü†;IÉ2%u∏	ãË03F¿Aƒ´Öíêæ„*2ÍÃ†≈@W°ô¢£4˜ï(f√bÆ∏ä dFPÇp¿áë.çò0Yf—®. OÊµÍaÀÉ9MX˝2q	_^Ä)∏Ç∏Ó	,>#&‡u\@™6#QGﬁR< çˇ RÙ˜
XBá‘.;K⁄DøxK˚Ä∑YhÅ◊%M›CÄyékÒOÏ÷·SŒ£önKOæòJ+—Í ¨&–¿àÕïBìôà[>ÚÌÄ=±…Ò ¬‰
æbWÎ"gı([Å∞é·d#˜À∏X˚¿ 	à 7sßFÚ˘à7‘≥XXäûclCÿT∂`|Ò0}Ü‡öƒHE7⁄É<àqµﬂò"^¬´’(`Ä~Xtt;ä°ÚLA∆ òp$u‹Ê”ÃI,ÄÚ`RøÍáÔ¥mÃ¿îÀ2‹ı‹Û»B»ë™äﬂ˚@õT – 2T#xÄ
C/ﬁ*Ä:°ˆÑ√˚ƒ?‰¿ëâ‚ƒø‚/xL°∞ëâá®∏@q/È àãﬁ zTGO¨@Xt¢ôk0åw◊pU¿ê∆âWê´/SÄ≥W]é‚ ∑®´¿ŸA‘U8ä–Oë∞b‘ŒΩ ê-vB>=†fxp}‡ìqX˝38ƒ"7ù≈ÓÄ¨ *‚ÕﬂDP4ÜÊ7∏fÏ¬âS˙‚W ∏¨Ω¿à"#?‚«/‡„RbMò–ÑU”Yπb™ƒ!A“e¥À⁄hf gÙvÜB®@ê‰aGÃDëÇ∑Àò◊‚6n√îé7	âÆ—€©l¿a$ƒ	5tR[îIH|âs|Jé„®ïò@r°3
ëØ≤ô∞`ﬂò¢c§\v˛ ¢CgÿÑÓ: T"Ô/“®¥H`Æe.
CËÆMÉb”l0zÍy≈@«üº,é•ì#prHY†©ñA' ÇâÒìL≤°îÅ0åìƒG`ƒÖ,Ñs ê“˝ë
°‹P$AC‚∆·f±dzñˇ &Œ`újCÿ>a00»+π@c∏4≠0áÄŸvÎﬁxãÒâÔÃ¿_H*w∫´à‹U{1ÓA∆&I∫j0‡Ω‹¸L¥ 
ø3"~–\^–ê˚Û
âò†Ç80ÏQ≤Op”˙ÑA¿ùí°X˜äŒ°¥$s˜ô4~≤îs√ƒ–
.$`2Aﬁ†–◊7O=Ç°,`A2 ‡ëcâ3›)÷!<VT¸{¬
BŒ˝·Ñ∞QGó}K¬óàSûad™3`‚NOœºFæ!∑¥ô˝ƒ±C´Á8(Ö°òY$çò@éøÏÍ Í¢‰ps¨ß)‘R%Háx=Õà®hÚ ÀÑíPˆä»jy@(Œ+sÚóé†Zr¸W©~Êo>%∏ÍyƒLì…0TÿK‚nÓG¬å°9ã!Ø§ Öﬂ¥ ¨fuò‹–\¬¨±ü‘19ö7s∏vHD˚|BóQd“k0n=ÍGê¯çPleË¬H∫äõµ Ã≠¢p#èı©Ω)[#B°KKıÕû‚ÜÇV i—?xAΩˇ …ôƒ¡xÒ2ãçÔZ∏b‚`â∏Æ#Uê8å˝‡v1gº@ ƒ@Zò»w∏Ö∞sÊ3E{B√ `3~Û˝ã©Äü÷d-¿‹÷Dπñ "…∑/ëä)ÉÊ&≤NªÉk4±‹A£˚ƒBÇı«r˛ai∑û·%Í+m†¡Ï +»PƒÛQ<|AX: Q2ƒ-DãF"jd«+2—à^ü˘Ñb7◊#!…D/⁄oÔ”0íˇ ôÅp wÙå›Û',Ÿ_‘¡5P
	ì‰A≈√@;ñ8J$E‰z9âo¸äÒ)2⁄>µPÖ0Gß
$X¿öPÛ1ã∑≤ö"*Åå≥"&G‡g=¿€8Ç¯?]{DE2lG`Öú¬i™SÍÅƒ¶yá?xI‹gèôïÀ
ˇ P Å57ÀÄÿeDîZ¸¿ZàZÄÎπ”F%Sı≈ô®“µÊA∏˙&Ü~ò˝ƒ[ÑZä±Àﬁ Q(˙Åá0∂∑FPÂX‹gæôƒdxP	|˛Ê2D ó8Ñ	# ∑.U.ÒpZ∫(álû‡òqàŸ≈a}Õ‰‡ƒ
’˚AO Fä–©«)`–⁄pÄÓõ®≈h=ëÀYπflÁæ&ì¨!ò
#Åë—Å[,/J‹0Óé8üÃ>±%}∫ÖG9ØÍ‡@A,«;ÑzÑ(W2ò@L~ÈH±Óî∂\$Bk
m`¬ÚèÑDj∞¯Ö
u√éÔ¢3YP FıqPXGrıGäÉ@Ú¨àﬂ⁄ÜY4ƒnbÀ’@›‘Cßs∆† è11•Ô({‚•%‚i˚!—ÂÖÙç,ë¿yö¢>e“É’Ew‰K4—¡¡P´8Zc@Ëá‡!øÓ∆ a‚4;ñ∆‚…ÃN…oÄÆe$‹ª´§0x;ç*Æ"}%T"yµ2}ƒ@øº"Òô|´Àÿö1"(bæ†œ!–å?cIÄrHˆòÂB?{ÇA∂5ÈÅ∞=KπdFÓv*R$ 
È∑cb9Ñ(å±Ö˙Êt'ò0êZ‚sÅúÅ É}&ä#q˜ƒÁs'*î¯ôyÖ‘OàZ5
5g∑0$≈v·R#z‹"uò ‰T¶ÂÚfP Ä›ÍƒAuÃD{ƒ@Æ°tÅÓáëb\1F”hUX'€⁄pÄπˇ h$7GëráCîMû"3Hç¨qAÖ≈qÃ¥tQÜ	úlàïàá.◊¿°}%`I˝·ƒ¿ÁØ0Ò F»8Yˇ 
=á[Q*‡$Á.mAJ%ÍV.Vb™±HÜ¿0äHÚµ*m(Br  ±1∞ƒ# ∂	°¡;"*ÎàMÄl:?x@ı‰ ˆâF?FàÄ9<Doü’ÒJ•!K;Ùÿ®#˚Äﬂ÷ˆb®ªÄ`‡G'yï\ÃèÔ“íÄâ¸ªà±É#%´‘∏ ÇÍ∏Ò”∏M'∏ÁÒ(∑}#’\. »!ÇCEjHFà&ûÕ®ø	§†¶`+Á‰C¥C£äˇ u1|ƒÓ¶F±œ˛¡∞ÂúDÃå°{ÂuvZóÛ& {éÜ@"»cyÙ,	∆ı	ñV:¢äÑ'1`0™N*_∫Ä2j,?§Â∆Â*UF;Ä:Ã8Pƒ∂#ãp.&Ñÿ®ÜÊ`zÇ¢£ÊÚ‘%dèÛ∏∏ﬁ!cà∂{z%pÉ⁄Ñ®û£3∞ã⁄nÍ#≥àÜÜ 9ÍZ0ã*ÁÅs¿Ñƒ6(«=(pRm®4{Ñ @ßeKDBÚ`&˛P2$√°≤à{0ú◊aa5‘Õ>ÊüXÎ†èËEçásü§2±Ü≤#•Ä%Àp %PZ}`ÿ€n![÷˘ÜÄÛ‹D6J‡ª—É:4<Òl< <‚¢ Ç2ÿèXôÚŸïÂÇJâ‘A¿‹$J#œ%c˝öCf Ω£#¯òU˝GaàÓÃ9˜Ñ A¶«mB¥WP Í`ÉÍÑöüLN†Äº√™º3õ∑D}cqìG˚S
π{jW∑v”∆n&Ëä≤|ˇ p5àì≥! aûj[√è"`q$s3˝ÕåÏÃÈ…8#Ò≈yl7«2éπã…∏M‘.A"4¯Òa¨≈|iCú„3p∆p}£¢M®ç©‚
#/Fm∏Ï+-©ßÒ-*¯Ñ	4µùÊ¨wÌ"
Œ«˝#v°#˚∏  ¢:ƒI5+
7îõ%¸BÒ•ãïòƒJaPZ/Ùƒ¢àpπîÔﬁ '˚0ıP5ßÌB’ƒáë #®Ã£∏◊Péq2ÜâñS®F}˙#æaµprØUÃ∞(¸ë±0fpÅp@;0âp¨®_Ã]¬ªõù(òZÜáàLŸ-T!‰±.DAYëœ	<¿åé"ŸP‰!∏/ +À
·@d>•vû!EcYâî◊¥s>:ÜØÃVe>†æÂ2<Èœ∏ìh‚»ÎÖ
ÑLå1Q±a¿D™ùñ_7±pº÷W◊pYtËº˜2KlLÄ0¿ i ∞¸˜≥8ô¡\VŒ‡ÊfsÒlcÒàéê$–åLÑîOê¿5±E#®ë øÍ‡å{B	$ï
ÜÑâApFøTDw•∞¢n,‚πYnd{Kq\r÷ºFk_ÏWÛ∫“Àd6?3!ßòÖƒÛ ËsÑík->úFyà8æÒ=≤£‰/0hÁ37F ÿ®œÃA3F‡±ÑW‚ú.™6$}ßÍ£Õ`tÄ‘ÎÎ`ıPèhÑ*◊“9€=ƒz∏ëÛGçÛ ØÚyKØòãÒÆ"*Ü[óÚªeá®∏<≠±ÿÙ 3Å, Ä‘•ò"Ñ(_0
Be™ï∫[É
jå	⁄wáæ *ƒµ$Ö<jQˆ˙ƒDU+®“d∑7Ê&¿D`Gß†∏4r|¿‘W,Zåme
b±è0*hEBH %/ˆ%˜D# ÚÈLÔ*y¥UGUh≠2anÉC‚8àÿΩs
ˇ bXƒb(‡ênµƒ.Ωà	ÖB	Q_Xp∑ ÆP1∏ËiXX…#–Ω‡jó0&í;(Ö™áÍ¿≥ Ωq R`"K$`*=52 áÃHJé=‡vUq?N¢†ÉÜC‹®HÁ ˇ |Oa◊0ÖTcÅà≈ÅÀfÄ–‡}‚ˆ#8
Ó¡!2I˛¶@˜P€ó@õHC©E—•Ã6y©\ˇ P é n53q‡*DV?®‚ <7ôÖóª0¯,{À∏w2„Êqç/o∏2∆`b˘âù'| …p"ä¥#'ÃÃ∂ 'qYá_≥èÃØÇ∏Á∏å√Å≤3‡˝f{3›MäQQñ,|@?‰≥ÀEèóâÿ\:/<¡h« 4,‚ï-Ic m?— Aüh@¸EK}B0˛:ÿÄ|MÃ@ÖÅ8gD˙2``ÀÒ
r·∆Û
CJ»≠	á◊vÛÚY˜Ñ™/¢/Ú®]Ø1‚'YáÊxåtLg_3,õÄÃ†S?àY7?¥wxÄÑö0x+‚=¢«péG¶ùxàæ∏Fï7 ¨⁄ä)ìƒ–Œâ—´Fø@AÒâQA¬0÷òÛôIì®*›ñ>!¯q˚Ã¬QË"
Ç¡aò€Ñ†ê.”(j<Òà-∏ƒÎL0ÒÇiŒaAg∏çé≤¢–Òü›EÄft·¥æ±Ä2’,f,Xâã°Œa7 0áç√Æ÷# àA;y¸≈ú|©@*âÜ·85¨Æ†0≤FÇ†IÂ‹}!H©/|œ0F%OOpˆ˙DŒ∑hóöî˝Ã`KUxÅà›p˛e∂ s˝«‘bîß¡N) ¿.ÃKj=üˆcöãÖ/ gÊ"B  GÜ«Ã∂îw	ª L˚D∆JÙ∂.k‚£@B P`¡‚ﬁÁO§AH∑∏ô6˝£VÅñy‹T|b◊YlgxXä Ù	Õòº`>*÷zÅòâÔ)≤
Ú
–»Jé1≤b∆ßÌ¡XN~eÒÒ>Hmà@,µ®–òvtÒ«ﬁPv	!5Á3GBÇÄÎƒd’}b≥®ÅπÑ&≈œôŸ˘Ñä∑’ÔWS≤Äù€B´‚ht±˜Fwaòes—ÛÕ¿ƒ~ôlı M_ ¬J£ó°!y‚j™Aﬂ9ƒC©KÒn¨Ñ≤z;œ£OG–9î∆j<3P1ÖpFŸ
5*≤=£ ˛∏ó∏)`≤≥Ì11=«Êx(¥¬ /Öñ¶`ﬂ“ ˜O6<πŒïKÔ«ôá…®¬£˚Q’}åyÄhÉKﬁqˆ1(π 0◊ÓbEÄ⁄Q ÿf±Éœ0+˙¿µFêÁ;P£@‘BY‘b’MëÇE˚¿[õñ¢/¸ò√∏∆kÃ6æ„9@cˆ·1Õ~ s7 ÕT%1pë.åàÆ—ÙFπl´Pâà`å¡{Oòd˚â‘OÅ`£˚RÁóàr‡ è‚_s£J•üàæJÇ»z>!ÚÊZñb–ÄÇõej $à¿ë¯2  7Ä\ àèüx◊a≈∫‹E
Óxº@Àt6âùY	∞b)ÿ¸B[á¿¯âìƒ¿∆v‘6«q2%N™¢W9˜
á Ñ≈u	∆" Ü ®ï~Û…≈SF‚˙}„Ä»ôC»Ãñ·?Öà@Ät)≥–£’ÒŸÃXä ·∫à¬.5 0ìJdd¨‰{ÓS øòõﬂ‚ iD¿´Ï#OÃHNã(\Z˝˝6¢‹"‚Ê|¬‘ Îâ|O°ôÁà42W©b9n!MƒÊÄôB7Ã†ﬁ–¥aZOÚ˙Põ0]ETßQ.Û ¨†˙£¿–ıÖn¿R;° zîKü65ıïÏóÅ
Ÿù¬Ë2≠≈£Û≈+IÓQhxHRõ≠¬–tt ˜$T+®¢˛È˛å$7A( ıÔ√˚@Íõƒ Â<q'L‚x]GáÛ>ÒV¶úªÁê}¿ÑÜsıÑõOD∞{ä∏ÑôÆ·˝<∆BÃZ	ºæLıπ±ê
X°ÌÔ	AÜ¬πmÒzÖ¨ÂX& $y¯Äé8ãw)
2'ÔTMdπîåX¯Ü˛–ØºI¨.ÖCó`9!öäN˝∫çfyP˘ÅÒñ_xê^LE8È`„àãGâÕùL<ƒwÊÑcÙ·¢á8Ñq *úû\#⁄$iÒ
æ;ÑT;ã%yµ‘ÁØˆaUÒ#k"#¡Ω¿H¸@j8≤Ô‚X—Ñπkπ|˛ôá* i·QΩØ†0‚Ê¢ ‚åDÎqÆÜÌf5]D'sD]Cªâ4 ¢4ãøƒ`LNL◊ƒ≠sq…ﬁ'º˜”^a@KÄ&Âˇ IÖP éí‘a£qS-Í˜ÒÒ ¬ycå∏"ef1]ƒ.°¿·>%ÊB¢¢ç‹#2Ìñ)ùàÑZÅuÛ+Qf˝Ò™„ﬁQ"éEê∑QÙçŒ‚. åßá"3¡«±ˇ p<ì)å@J3Ì	ù’⁄1‹Üôˇ  ¥ä^”º„§ﬂ!¡T0CÆápÃ∂_X(· ®Ëê¡0À>~—®D°®è|Cˆå`?Ï)Qy˚ÇàoµfQ
2aF´òn/u`Â‡‚®„ƒ´Ã‹<4`ûaù3àíbî‘Sà„⁄ªö1úuJH‰|›ôÕ„û· &v	8Í ÇZ_‘; ÚÅrå])®)“Ò’EK.W1◊†ª˙F‰™ﬁÊ<(çÆ?n‡Ò3Ï¶K⁄–ãû· .È8	%2É&æˇ 2Ô“ ãÑ Ö@ßõq ˜{¬$ôxÕƒî#\À®	sÊ3u≈ETbbˇ π≈™†{‚?®≤DLÿ3©f˛ëÈ\¬:òv¢ˇ ±ef£\ DPZûËøuÔƒ(OÔ*vÅûa	dàp&ÿ‘FØ -BG0cFÊB<FÄ∑ËA∞ 	2>¢*cÅ<Ù•~‘C(´àﬁˇ ÿUc
 ny·‘∆u!úß«¶ƒd®}`Ä„ÑZÊΩ• 0,Ä0<¬B∂ Ò®0g0'w ‰-B…–q aÜ¸¿¥n€òŒuı;∆;çÄ øÚ`e »‘¡‘ÿ	Óà
r´®≤–˝ƒ(Ä,√ ‘UèÓE¬dÎ0°‰•ìù+Ìe∞L	mÍÄ`Ó¿≤8àc5pÄ+¿b>Zíçπ;ïã(ÇÃ7:Ñw˛˙®2√™‹ ‹Æ∑0“î#¿…–ï∆7S¬Z„æj† ∫ÑËè£P|@P	‰¿?H∆Èÿ¿‚ÉA®Q›ÓYuqdT
Ó˝˝¢≠(‚/§…
Wáå7Ø¥H$Üs‹á¡Åµ∆b0ÉIÙc—;ãcçB?0¿ëtaPYÚ€ÑÀ@vAœ˚?“${Û Ø¨]€ﬁ »qa
¨∂a%g©àNe	¢"PAQ\—0h¡@™·ñÄÈàhlî8yÄbEÍ>lhë>Áﬁá'ﬁ2¸N’PÇ1à˝„Ûı1∑^ÒÉqÏ4'ı‘!Ã<øsÇIBHÖ\Cè2√ dLE üêÖ>QöÉ‘á3zCÆ¢Õ˚¡l‘@˜L©‘!‡ªÅ‘Ä>≥áÕã´ÑS&!	–î"√Ü‡ºh∂Wƒ¡û&2|¬Ì3ıîÙ ö<FRÇ \®öâò◊±—òåK@(ÒhPÇM¿}‚*
—cÊ#*voπDü¥WT‚°∂·`1 	ÿÊ2!(n¡ ∞≥u“IìÊ»ª‰D õ˙O2NáÈ|¡Ñò0cD M÷tQ&¢GB8>·lŸÍÓ $5˜KÎò9Wƒl!2˚Æ`≠Dr>#6öÄP^hËFûÿDç%0ä 8áë∆M¯Ê6kNî•ÃÁsˆ `¯ÄÕÒû!†ûú-ﬂâHêÕËD£˘¡î∞\¢bÛ˙π≥{®_Uõ–Öa˜pê;—åA‰õÔ∏\}bu "G_ÍIˆ˙@`KÛ	 •qDQÅ…=F‚'˛¬T'`∞£A@L’a£Cr√ﬁT`àÏ˚@ò8 YÒ8,ã'æ°⁄8ÄP'(	˚èôb°i´h¢h∏?MB	»œ3 ÉπDa »t#paÕ≠yñÆÂ|z‘"¢¸BŒg)∏AÒ2âà\≈∞∏àÚ3(ÌàGËà a˝0 ø©ßà§ vWƒ%≤°îî¿a-Myâ‘¬0N£ƒ¬C9•ˇ ¥!àE„Êb‡GàÚ·{1]Ó!Pú¯à@X)© 4åŒÂï&Q5‹Ã∆„‹"ÑaL¬&iIf aµ§…™@M>aÿå>‡º4Ï ¢™'Î!SÔ)®æF(FfÕ∆áÌN∏|Kó«•ñ£Fó/µâ¿˙ê‚+Ñ‰Ä˝ÿDQ#B*1DˆÅ√ﬁ3òåùÂ8 å˘ãøˆ"dàlK#ƒ+‚ﬂƒaú}„n˚Ràoo]¬S,qﬂı∆PÇA@kPò@\≥Ì6ÚRΩ•à/¥«ÔÍΩ°sÇ·öó$I?ò∆àbGaƒ
8Lç¬√Pé÷˝·M∫ò`Kàgn%>P´˘Û ØiUN˜˙wØF`≤"≈/0µÉ2¶8‘,ºDÜÇ `7a£∏A}!””Ã!ò ‚‰?W¿3OÖ>Q<¥0Â˘àÔpçÂ¸@±∏+pZíÈJ¨B>Ó°ÄSËƒ3Ùöz2vwào¢e°è(E¬Ç4|ÃÄA_‹∏/¯ÑÏÅ7∏‡n&∆|éAØ[◊rÇ2æê§¿âg–ƒ‡°P!õ∂`(X$˝å&‘b Ü~ ÿ}xáå≈`h;îbï§Ò?⁄äQﬂàEÎ—S˜áΩBMÃÃ ‘Œ¸DV>"ïÃ^ﬁÇƒ˚DÏÊa[Ä5Dã%*$*L^—˛òq,íÓ•π`i!p [kqÄxÌÎ0WòÓü1ëN ]à3xPjyãêT≥º@°¡ÑP<‘p∂9pnf™¿∏3
Ñit¸πB%=èû!/·
n∏0`≥‹…˘q≈òë9˜4>Ñ«ç@€ù†(Í5N≤CS∂!w-¢≤°◊0`	T•]¢)êAXY€éï3‚Å	»‚rÏ;pS…¯ÜÉ…∆fõQ 6‚k‹5AÄäÂBG ‹	!Ì;çã∏ öÑπÉ"¯ô#ÆfëÃ9Ã
Ωü§˙Ü"K˙≈≥∂k˝öî0˝‘Rµeßï‘uqwÌBœ>ﬂ0X'œ^ w$‘ WŸN÷æÁÊdŸÜo∏p·e¯Qôâ|Pã˚àøn ;‚ﬁ†∫ú€9Äv‹œÀàâF]¬JŸ∏P®-wÃ+˘DÊÈ0iá
?’3Ù`M°O}¬a&™·P◊÷f"(Ä:ñsp“≠@9?ˆ •<| –¸Û Û¯ï¯Õÿˆâ72à*¶ÇdBmmãÒxåËπ∏Fn\ÏB°FŒ& X:àTﬂà}n8^ÑYáÈ¬öã4ÄŒN˙‘FàÅ˜Êu>æ–üâ»®¿[„Åı˘ñ,ò,êUD≥˜úçn3ƒ#±+Ã y¨E›Ê3≠KEd‚gå@ƒ˛êô'ù˚@˜2ƒ¡ÅúÖ–ƒ!$XvaﬂÓ°iº è™	‚%"—*QY|BC%˜(`ıcÒ‹$¨f3‹{T"Œ€ÜQê>cyÄ2>`’‚yQëÊzCÌPÈÔ«0ë¬yqæ[ÙèeWòB6O¸Ñ`˚iâÓƒ‚™˛†7Ã˚Õ°‡s⁄1+≤ÿû÷zB}˙<T84XÅ=4•ñkï¿øÃmq«1–*˛ëãå`Õü¥∏ÅÿP´-¯Ä('
‡ÿ|Cù¨5xü$#>*"yá%¡#@Û+úc¸órƒp!≤Ô®ò ™óËø«SπôXBØÖÃÃ’òi⁄·Û]≈8á¨"‚à¸?T«¯8ûﬂò M±@ê¡√†∞éàÄ|Òè‹Bæ“πÑE( x:±∂êXÒ(â‘«jU‘M´é‡_—ùÕ‰¸ƒú!7,pq5b\P"]ºQÎ“‡ÕmÒ'≠Ä!;0ü‰∂nXﬁ  æ® Aºı
db'úÜÓnƒ∫áÅèxà!˝CÅ"◊På_rÄP
<Àn‡À3PP ﬁ‚µû uf⁄Öí9á J˙É»q(NE©ÖÃ9ã∫ÙÁxüøyò˜ÒòÅ~òi∏ 7nB¶!≈¿÷xTŸ∂/àòËq p:Äƒlˆ [0≤Ø§ qÉT«Ã<“éV'Q.;ÕÓ*ë∏j¯Ç`˘0ÇœXéº¿iÛÛoäÄ Ò
›\@iÁ®‘œ]¬0≈Ôs∞¨w*‚& &P*∫ÑY|≈∆—¡A"A.Ää ‹Â!/÷@mO<¬†KC”Pf(úˆ˛î¶!xöVÆo∏®Âòù‘	àÃ%H#‚s\‹Œ°§ÖJ0%¡J.˘Ä€Ü `∞¿ÿÄ^ﬁS…ÿıÑô±‹8z¿Õ8+ƒDWÃ‰å9å0™«ﬁÊ}∫Ä±∏ntA‡8@åÒ2ÅéÃ!dÓ‚&…'Gë˘Ä°ãÁr‘Qbˆ8G˘>n27'á-K ˙ï?HØÜ}aË)‚1Ù3R!È¬bHír{Ã‡√ÉÃäàbÊ,∏@“ß–ï∞n(ﬂPÇäfIj ›B§û°…U¯ÄÅ)zÑ°àâÕ 
9p∂`ÄKÒ'–Äà¿tÕò;yúˆÑ∫P 0ˆçHÔà!˙Â¬¿Ä*XçïèˆÑñ §DZ:>!±¿~¯åNàj†eN˝$.&Ÿ‹C >ê∏'§päÑXØ–Ä?1|ÔPØ(Nµßáò];`9;ƒ∫OtmÅ?ÓpÉXÛ~c¯ƒ"Ä^"è˘,(ÉQ¯ƒ‰B∏ÑVå1√	≠˘ï-î7Pù‚c∑kÃ«p‘–3oÎ4)@:W®g7ó	S©À>êf¡M¬Á+‚^–:á(¨≈……√ûÀÙçÃeóXÑÀ?‰®?nVÓº _ﬁ9Ö>·' Ò:¬\õûÍ‘¸!ÊºDsÙ0≤{∏àí¡ñY¯‘_ÏCZçp|BÀû##d˙!A÷w0ÅâÊ	u:Ã6$∆Cô,•.{Ã~!`B%zé¢Q£øP	`s £óÊ"¥xN»`<z¸ßH —
&T@sªñP*ÓﬂàrEV·àvŸP•¬eﬂâjÖı	’P‚%H@kﬁxù√q2˛Ê,*Ywu^gé#">êp`π.3bÔ"XÛÌÃÄ$Ñq>|√D¸!>˚@£Lø‹¿}g1}~‹eÆ®Û$∑Pl‘u¨¨<©¡*à¸@fó}∆ßˆ◊òàöåLI'Fd*{qêü∫Plåäﬁ
®‰®ÜêûaV‚ l∏C"wÛôßprN‡õ-®) «?à@J5Ò»É7Ê ‹±0‹œ*dΩÒ`?Ú"√ß˚ ä´ƒüëC«Q¡Z‹0+Ãƒ¬K_âRÃT'ò*bÖs•]CÑE?xsÊ7p•áXàÕ]‘Ú#ì3ß5FSeÔ®Kb\)Zû^e¬±ò,¢£ì∏ s=·œº£ÃF!^>5|˜a˛ìÌËyÖàK.Áˆô<À±=·s~å¶ípãÃÁL√bc∏*
H◊ÃHÊ.*,©A¿∆„n>ÓàãÍ$=B«Ä>b¯˙ı‚/ohÃ ë8Ò	U√eÙîﬂfCƒEf P∏B€ﬂ†ü‘@$dèxt˘ó¨@ÿ°]FK˜±ﬂ°\»SË@¿…ÿØ˚Ñ í,é˚=√ÛÒ:?HB;˜â‰öÅw  é°µYäÙç˝BU5†ﬁysñ&ﬂÑßÓ"a ∆£‚*}=¡◊"ˆüøhπÙaé°‰g÷£ ªÉ?/’®8Q}î4ﬂpÄ·ÿp9ΩLE\ﬁ~¬4~ó=œ∫¶∑◊åDTºÕ‘iAqﬂjuƒÓ¿ÄÜ˚Åƒü~‡Æ√¸@@j.˝¢¬;ËMçb˚û‚0[p‡x0äµWÛd^s	áÊ?πÑüá¥V7a ÑE¥od}!n\Bƒ —Ñ\B,ıóÉ∞$ﬂŒ–áÃ"¡‘ÿ8ñèbıW0Éƒ'LL‰À˛†È/Ñ•¬¢ƒpµ8˝~üt^>f†òêî#T>bÁ ;˘ñ }‚¢T√“YÔâ˚àh£ìô„º˙L¬aÎ2\ƒIÃwòÔπÊ`7l.‚ µ‚]T ˛‚eåDÅ·X¿A‘b<¥?‚lçÜ8÷å†Ã,»¬˚èqy˘.ï È¯å
¬ü±	+Í •Z˜òDSŒS2á¸¬‘_3§Eƒ»‚d®E8á§»@©óà]Bgß}ÕzA∫Ño©®n‚ƒ‚béÑ @MK9∆_≥‹N⁄üÒ>3C¬	È(F"ﬂ¥8@§Û	nVˇ j‚8úŸhrÎp0ÓÊdª"Q6∞ŸÕªf±‚:˘ÑZûWºCb>∞‡ÛöÊ*Ív®W∏Q9Ñ^"0≠∞yä±ÌÊ±¿pã(T7À˘Å*@‹6Ω?BaHAà©n;áÌóÈ„ﬁ#ÛÊV&òÇ$|LBsb(∏â˙S‘P·ˆÑ8æÛ|¬¢æ°K
XˆÜ+GÎ/Q[öåYﬁa	ƒD(Gàö	¬éßÑU9B9¯ùÍû•7° ±{fh	ÄÄàA÷Z\~ûÖqTËÉ,‹†}bUS3(38aÍ-„ƒPÙ2òqXSäÙYïâèN∞üfQ¸Œ&xà¨`ˇ Q0.¬Áâ_Gé Íg AË·Lg‹f>ä˙Ï'‚eR˛dÆcÎî¶Ù·„0’ÔÕG/7ÔDÀS ,qC{ÒÄPé!Á|B2!É∏ÑKn&zîL¢ÒP°Ö∏q?»N˙ﬂ1LÛ‚	AyPè0∂h@—@ƒô=BB+ä_÷t‡Iz‘]AØCû"KS˚Üp£„àÍ≈ë·›¡H2æ Iº˙TÊUBK0í5π„àÛEòYr£
!Ì+èÚhO¢*É	fPzá,ƒ˙¿"˜A®9Kò.y=G°±>ÈOˇ zå#®ëÔË\ƒÇG8`˜‘˙îﬁ0qKÍ'ß©¿ÑIÆ`Ω &ûÄ5Bvô¬W÷0m.‘6ƒy`∞wËL0ê,M≠x‚Rƒ$\ î3Ñ¡∏·bèÃ—”å˚e¬OA‡Û6"*˛≈PÄu÷L«Ô˝Û
˜Ö8ƒ€â≈“ñ”3‹•‹ÀÃ-®@6™nÊ!G0Á€0π˙0™®Åﬁc‘¡d	ÊK]èó†ÕıÃP(¸¡”ﬁ-˙b-√0Ñm©à|≈pÊ41?}ÂÍ+àÃRÃøà™‹ﬁ'›f~bÍqõA†®•‹eÜ%TX’¿"çbôp->0Ω–”®∑^Å|O	e≈ıôf∞ŸˆM:ÖíŒ`/B®ÆPÄã%‘ ÙÜÙØC/S¬} Qß,Öµ‹-·Î¸#CÎ®nÀÑî\@9îp3i<	N~aH[Qù1©EXœ IA^=
áPÁÒ«ôÃQ£6óˇ ê(_¢ù≈qDx‘2Í#‘‰·f)p¯ä5Ù(‡7˙ 'ÈË¿gËÙ“á,AŸó5ËM«æ¶°QÉ˙\"1œò‘ªπOÒà√ÜúF˜p‘rÄÊyã3BÙ‚µ*!ƒJﬂ†òDÿ®DQBQza¥æúW3¬çËÃJÙ!*˚¿Ç€èSÛÇ0ƒÃ˙O†Öªá)—ò'â„	h\√75çC˛a∂.%‹'>a›_“2Òªå<√ˇ Pãƒ«õÃŒP†≤îoƒf°«“˚Ê!ËTtóºG–˘¯ÑB∏ä9ó‹‹'é1~û ÈºÚée'§}«π∏M¿ì˘Ñï;L3?)o	ıL†ÀQö∏,ÄıÔ¶3/xS¢#Ä¡ö®ﬂ_AàÔ?Â\≈9˙A„’TQEÈ®¢ä,z®gJ—Û¸JÙ‡ Ä@ ‘Q0(ù0„qÊ/	Cè¢oS,.ËŒXEØFÃ<£<Ba8¸n™Ñ¯ÑÓöåtΩ™®vPÑTÙaß§¬Ÿé‚Ñ}}á
Å›˙¬4ó‘Ωß¿î gK¿.&ñ•^à@Gí†Ü[v„¢wQÜ¡»‚Ä√B b`ÉëoÎ)o—§aXKâ◊2F:‚ÓÜäå±	ƒGãûà∏“—‚}à Äj\ﬂq∂%ì.Qâ√ÌÄ„˜r¢s0Äz  z(ëFQE"(EK_¬£Ä¿`"£#íø∏‡S^ÇQEQ"˛ à@Ñ°ÅB=àECˇ 0¡cHÃCà4)¿eC¡Íp¿‰@Q%*Ñ8Ê¬Ã5à∫Àê€˚ÖrPá˚∏∫z,¬!ãÌrˆ!§¸Y,\&KyÅÄBØ≤†*T$ƒ(ü†ΩmIÂˇ „√‡‚R5®#(ë~Û9",Vyó·@_€”w¿ò=ÔB»ﬁõj]¬¨8ÆXq£Ñ∑q•@ «ÓlÑØ#à˙B
TEÑXàò Ä(ñÁª@|@L«è‡<‚sN»;•Yáí‚l>ì∂vŒ˘f`ÊÉí'1/9â£òôl0wûsŒ/•yãy≈Á“#¬by†¡cP¿?›ËÒ,0#,¿C<∞áÔ0!àÄiœ˘fóÃ√}|C¡ÈÓÆ+p’6ö¸LòXa∂≈ƒ8O"`ƒØﬁ0‹¶Hv*Ó.aΩB° É‚ü–¸˜Ï√P3Êh^ HÓ0=¶é‚Ú¯ƒÔƒ;' ‹eõìäÄ[)¶°HÓ0e;Õ˜+œ÷ ÄåíRÅ+Í Y˝3L«ó<äXx80èÚX¡≥>`ÇF†Í?x'H´Dß¡ÅÏ¥%Ê†ã∑$Ü"í≥É„ÈU˛‡>3AêÖ<¬∆`8“`πB‡d¡q¡¿Ùã≤)òë Û¸˙á@ëBDcòOnwB¬ëÂH¬?‘'SŒõﬂ°˘å7]ÊñB,¡\œ,ÃÃ~`.`ÌyO8¸«;åŒ»‹¬I‹/ò\GP∏Aπ˝@?‘ ¸zRPö£70ª,B'Î<XÜ∫P˚Fß–vàA)¥o ÕÛ
j1Ñ3+ë”‚x§%s	. x&áƒ;k’ÅU√lO<≈ó¿BÊë¿ˇ ◊ Œ Ê≤†®æa!.Ñd"!Ø‡	p∆ë—åF@pEÃÛ◊$T. +ÂyèÒ>ô¿N√Ü@èq»ûπUfç†ÔÜ	á+˛‡'ò
|‡/h1qﬂ®u≈ü‰¬‰PcL¡¢ 2ﬁè™3ma≠ïC˙@ƒä˚ƒ'$rü∑ò[[Ó1ühtòfõ©^V%˚ ]ß»LœÇ'“=ThRàCÓb«3	\ƒ|¿#dd»7ÉOhè2”46M}ÊW¨¯hA˘ˇ $˜˜°˘ÖŒˇ µB’;~b£Ç3¡ÇÉ*ƒ6$ÅÅ <CDÇíJs¯ûoàWF∫åø
Tx:ÑYp±†…P∑ÕÔ˜9Ägm Ê üv"‰£1°ÏVÔﬁ£Yè_‹Ü[é@¢›ësˆP:eJ,j·£@ù˙hnÑKQcÇTÀ1„¬@Œ•ÜaÛ	"xÛ=•êJ»‹Aπ∏˘Ü¯ÚU	§|¿2a˜a	>Ï@GWPÄ2AÃmÏÖ¿ÉËöÖ≠zà#ÛC6–õpf<ÄXö%£”ãÄ;˝t?Òñ6–0§¢dü¸DÇ8ÑÓÚ’	$íK0A3Ì˘H`«Ïf¶Ûqz1∏ö%ê!∏ñùT<Q‘$ú≥>hÜäÑôª∏YæH<ãç 9*óë! é,|Œ”òlÅFâ†=°+â∞˛áå0s‰ny§+˙# ﬂx∞_ÏÑy…Ñ‚àx†F	hæDRiˇ t«~Å¨f·D/ßeXà#ôƒ‹—ôívIá≈⁄$ÛÊOìc\·Â@ÈP.ÙüòÏ)ˆC‘¨
∞ÇÃ%˝ëœé0DbäÑ0AD@çõÅÉ†Åu0YÀp≥¸é£î\π´.)ñàÀ¶º¡!°Ä¯ä °Å∞Á“‰ò{a–PêJ…¿PmA˜9å¸’@A™’_&7 ﬁ/[B %vâGÎ	—	•;LH˛ì™uÒq«†q˜à¨∂ÊO%8´'E¸W£AÅå∏ˇ ˆ2¿cˇ lËhòDÅ% §C∆S∏,{∏/¸®8g*·‘ø1äál"ÅŒg«3&A∏ÚN9ƒJ.Æg‡ﬂà„Œ'‹c<«Ï†öÒØÀér8O¥6$#íKÙ:KÏ£_ı)˜Çåègƒ<RdüÊï˜ád‚Å¥'˙ÉùÕ®r8≤]C˛à^¿%øíê Ã á‡æ≤˝¸@¸˝!9œº<xtV,iFıL/T!z‡Ñ«	i◊	æÊ ÿtä-ãë~–!zL˝ÄEF(Ò¨E‡á ·$íIdÔˇ #è’ èˇ Ìe©Ùœ’EÕBÁL,"àòOX4ˇ ‘˚n°ñàaì+Ùâª}eh°ˇ ü)pÂDıaUÄEB$&àqz	ü¸à!É;øˆñ»Ò@Œ.∞Fï˝°$íIˇ —Ç¡òSﬁÇàà\AK*$!ÍåB‚ä/KÄèˇ ‘ØÁ≤/˝RP°oò-•C(¢Ù(¢ä(¢∏°ÙQz(¢ä(¢ã”˛XÃGˇ Ω≥Æ"Mr!®[πRÎ◊qzò¢à\B(Ω7Î_¿EÈp‚‡0c¸™ˇ ¯fÄØò_ôÀ*^äo–©ø‡Æ*ı^á>§ˇ   üCË|zW÷/ßÚQEëËΩ%ˇ †˛Õò9√ØLÙ®?ÇÓj?J?¸ÅΩ4ˇ Öæ'øßàLp˙‘$üˇ ‡π|∆Ω4#F>`öÜø¸8&óÍ üˇ ˆ ?¸NΩˇ åqˇ ıøˇƒ *       !1A Q0aqÅë@P°±¡—·`ˇ⁄ ?!Ò“è∆Ω~v"ΩçBﬁ»1Ë>«åƒ0≈ÏIf≠ﬂ÷âéñbí1~ä·†…Ø
I3O^ÊŸ˚ÕRë9Îó˙˙«fÛ◊ÖSåJR·¥¯#ÿÁC>6¢ãÛÜ◊°ç˚˚Úô≠§±ßM«Írh¥ˆWèBµ!Ø»Çªpˇ ëÏ„—“à‰tıÖ£í2√â~0ÿé>û¥¸pË±W¢Ë˛Dˆ".Õ“’œÆÜÑu"˜Mâ7∆ŸXìÙ«'Ÿ<W}.∞π&:¬U¡®ﬁF4x\˚$bVõÒá^Êx¡zôòHçâ"π§!ú√Â887Ñ“óVüßä˙-„¡;◊‹æA7_‰rúô–∂´≠—ò€mΩ±QZruÚXﬁÙ¸!â¢ì˝˛Ü£x–”\ÆEß˛√ÖÔπÎ
wòªÔ=a2n>∞”'¿¸ïØ9∂k+P™q±pH’4µˆ1IÚÁÏNõ˙t1€OÎ˘€}ûDïW¯GDÂñ˝ÜWbîìb≥ÄΩë®◊±ÌΩ~ç>óÆàCcOX≠uœ°r6ú·á√ﬂxıøuK/Ÿ≥DSù¯πö€¢wÑ§ºcQ˚<™ûæ<:µâÏ[r}G4¯Üˆ.é$‹Ωä^ﬂè)9\[÷Ô˘/•±h$O`ø»û«¡»í˛C√2'ﬂCK[˛Q•Ô°%a˚?ı√*„ª÷ˆÀ¥Õ√íˇ cÅ˛I[ˇ R∏’÷~=·å¨‚Û|Ê#c—´OPô\™æ—5ﬂ.Hf)OJ['OF‘xá‘"VL$€—ZO	ƒÁk)ö®|kO˜?Ú.Ej≥Ï©&À˚ﬂ„:?»OLM˚:§>N9},3-ÔfƒZ&^'8A≠/ºlR´¡8∫Œä‡ö¸?4….ÿè—√ÿ€âzäö§◊# iﬂe®&WÌA@˜¯=Ü5´og¿≈œ‰ÇsÛ”>Ëñ“ø…9.†ç:;4∑z◊á8ãøÛ—∫√7?fÀœ÷#÷π OdLûæ“6u&Xù.zS¸xÌ¯jK•◊‰dÆÆäÕõ7Ñø«á=µãæÜ∂hòeJÈ◊'a§;ÏÆ=çhi¶Oî]blgÇ*˙ƒ‚"á…*ôT∏r*â≤çƒ“Ù/z$pÛØC^5™ó#—Õ√ƒ">ˆ˙XKc•µk¯«YÎ¢iÛ◊°Ø<OóOòHÇ–_cÁ	c—?∫çùåúæ≤Æ˝vhÏÑªØ‚mWº%â£waWyÜàGË|-˛Ü'	àæ˝*ödPÓÔ÷gΩ‰ûΩ˚$Ωë´b&”èøÖÌöü~0ö«xŸ!E	ÌcxÜÖ≥ﬂCM5–“L™xhEÀ˚‡_Ç1r]·q¿ÁJx&z√B6Ú5-}t†÷”∏k*]£Æ{™„GÎ«~)÷÷à7ı0÷ﬁÒ©òü'}c¨≠·◊	≠ùö,6Ü Æ;&«±¬\◊hÕàﬂ"Z¨A®Â˛
‘åÔ	·À ÒtVAs≈ﬂüc«X[ñ∑Ù)ˆˇ Â7•æ1—#msΩ¯˜äjij3¢ånÆ4pˆMmkªpMπŸ»Fπ\å◊ﬂáX‹Ë≤Ã$ÖÀ¨3ˆJOæ17éçö51∂^èú«à,LËÎ0‡åö√Y6 ≠}¯Ô\§Ié{$l•≈ÑhOè|9ç`∂)⁄£[50ŸÇ^ÔFÊ'≥°a·W
Ù7©ÖS"⁄¯ÔkÂT¯$◊'Fá-oõ·3≥E>≥¶6Á◊Y~≈Øc%Ö¿©ùæá`Ñ4Z|iÑ>X”}xC]·~=ìéMxL,¬hI”¨©Ÿ÷:ƒ«\WÏb¸{&≥]Æ«ç≠Æ‹ílÊñ¯ææ
 tàµ≤->=lZLΩv=àmÏIOBQ˙!Í:ºa√—3T◊á^3k€ÛªŸã”ﬁ6ñ&§”x∫"àOkπÖ√˚√M>Ï˙ƒ5?∆>èy>≤ïÎ~û±MåO8¬Sd™≠b≤•ß.NÍë>·FëA'~Û◊¬_˙¬„Ï‘„	R8é2π‰xOÿÍ/„À^Ñ%{œg9Ü»B8hˆ%∏Od˚®-W—6úÊ?˜âá:ÀmHÆ∆”|AÜöpﬂ5gÇ·ŸPﬂÿ›bJlIﬂD>áîv˚ó
ON„¨^^?X‘˚#&∞õ\ïÙ5v∏g“mj]Âq*&Í6∫fÊu?–ÊMxˆHMœº)ãòHiŒà·"$’N†“Éë“˘ƒ¬YûZÜŒ˛>}(ºuáç£|‚a‚3¨8JÁ¢…È·k3¡6∏põ%>øc[x©Æ!\ÇŸˆç6‡â£_ëcÊ∆C≤|0◊ÉÒS¬Í∆bOäkXI‚cÔÑ&n!üm∑ˆ»Ò°√øûk˝≈.¯√£ò€i}â˛ßc&¯;9!Ü ±	áÁ÷SBpbYë!œdƒƒﬂá\Ô	7ØyT≠,’òdƒÚXB Ë∆Ô[z˝¬!°Ÿˆ(;éƒê¯lk3‚\Ô0Î‰ªæsLÊk◊ƒê‰R˝äz§¡·ÜœC˝s\b·„å6¬˘Ÿ<'éÛ˛∆º∫›öJ,k≈i·£‚ãÙG⁄.≤÷¶ÂÙtÒ5…‚¥2I∑¬.?#¯◊á~M˝aíT«|w‰J¥ë33pë≤±±Rd÷√ﬂ≈¡Ø%ùCX^]cwÎ∆Îè	Ær—0Úí≤\Ûò!˝ª˙ƒ–ÿõ5ËﬂáY^b˘göZÚyÔ‚‘ÁÙw°Û<!*ƒÜÑÜ6œﬁãHLF,"¯3ı˝
√¯zÒë¸	œ$πÚE√‡d°˘Ö‡ÒJ/
äöMy5WÜ¶J6˝ç-Æ6æ+ÚπÒ¢„ÿ<ÌyòXyOÊµø¨Ô˚X•.ô¨º‹Ø˝m˛á¨'ãÜ¬7Ë∞ÜÒwöRî•≈Õô•˛£µØ˝%.(ôJRö∑
\‹Rîø‘ﬂ+ãÛ_„p•.Jr.Ñ \)|òπ•)Kä\\“‚‚Êó¬ˇ Q∑ÄÄÿû	î•)KãÖ.)JRî•)JRî•)qJRî•)JRó••¯ﬂƒ\î•)KÖ)KÖ/ê)FÚ_oÄ…JRî•)J\\‹RÊˇ y  ‡ˇ †•)JRî•)J\“ˇ t    ˇ ÷zÛ·JRî•)JR‚óÊ /à_Ï  ˇ ”x ∆º¿\âî•)K˝Áˇ @¡‚W¡Å|)JQ”‚®ÕâÈ·¬-{M‘¸ÀE]ˇ ˙‚Ö)J Rî¨¢ÖÇÑÖ/Ç
Râ‚6ºç[góﬁ[>CsqœC^ù∆ΩóÔ«9w†˙Z∫>°˙®ûß‡VW¿˛ä(¢ã//‡¡Eâäbêê∞ îå$í<á?°7| h«Ë<#–”—TÌÄ∑¡ˇ ¢ºpN°Óê¢ﬂ˝#çG¿Ö˜øf≤Ítè°˛s¸é˛ÉTä<‹*⁄
|?Õ4∂qoÚ"‚µJu¥K¶/∑¯πˇ Ö'‡UgÚW4>â÷4ÉFà≈s≤óÂø54Õß‘}˚c>°/•Üì/¶21†o>∆i√¸púf¬Ñ≈±-OÒÑ\ »æ
_ÌäZ_{ÿökD ∆Bﬁ!Büﬁ”h^‰{' y7ﬂ”!/¬√w‚üﬁ	¨RÜˇ ·Ó+ˇ Êˇƒ +        !10@AQaqPÅë°±`—p¡·Òˇ⁄ ?!’A2—ƒ œ{ÍZk∫fôﬁm∑^	Hl=¥«÷sÚs!‚ca≠4z∆›í{qâ‘›+”hœ^=ı	àcs¬pf˙C]¸⁄ÍJæ¬·		h‰É]]Ò0¶'·˘&vèm	eaä!∂\-
ˆ~Â?+Te)D⁄1ê}ÖÌûçÙ◊”Òô°fbé„œ[ﬁç∫ØªitP±„/BÓº~"SRËæãÓ‘#Î>Iá¥°¢v/æùtÑ±3π∞Ü5™?/	°HA!Æäabvì•∑Eû:Sj%è! ê—L<tû_Jkùˆ‰QoÑ∂&•á∏”òZO+π}÷⁄^òL#a-ƒèøùÎ„‹I≤hLcña?±5%_Be[1¥¯GÅ¢°?Z!∂!∂°0†˛—	â‘ù¨&∏LLÆí”ïŒè:!2÷ô—ÑËÒ™u¶fß¢bﬂ–œ'å~Gâóò5¢u!;IÿA,,Ã\x\t&ââòMOôÑËÕS®àBaÒñ±Mû‘kÇƒ&\JËÑÃƒ!Ò≠	¢hö¸L—	ôÑxÑ√F”0D”4Œá»|—üS‰>Ë⁄„ØΩÈÃÕ0Jb[æHB	¶7à%Üo°,LBjÑ!	ôôònèêÿBfbòù¥!à!ÜÜ3……±B`…ââ¢\Ã!:0ù§!Ap2Å1Sr§Ÿ“ß¿êë2G¶h[¨LL4kÇÑ!Br!¢±ÉYö!Aa
Úë4qàA,í‡hxòÑ!MPá-Ì¡1~ºö°BTÎ¬HHf¯Çfd∆˚çbÑ&aBôÑ!1BÑ!3	ô¶fkòÑ&È "hë¥´&cﬁƒÃ!BòÑ&a1BÉÙb3±Ñ îY‹á2o9¬JaBxÒ¡0Ñ!BÑ!BÑ!LÃ¬nLBhößMnââùÆıêkbˇ A¶„F◊ËÑÑõ(ñ!BÑ!BÑ!C»Ñƒ!BÑ!Bòôù≠NÏÓŒñ∑.`HÑ!0 ∂j9πÙ!BÑd!B	Ñ‘L!Bb§¢¥_}=PùxA|2bÑ≈"µÚàBÑ‘B3núB˘6K7Ω:¨Ú>˙P&^_VjÛœpíØÁ7®¥LBk±:êÑ&fâòB
_ŒG}{‚=ò<áÅ¨!?¢Ñ!Ø¡4Ñ&Ñ!3;8L¬h•EEEBax#!BÑ ˇ ıéUPJìXÏÙrEùix“òLêù Ñ!1	àL!L1±Ω]&V^üΩÃ?–lU?òxqxÚ1oo
D]ß¡≤ H§ìã~Ë¢Í¸©.ˇ W»™∫OÉÍ?@◊„˚úü0Ó»óë>W¥ƒﬁÙˆ.?±Ωä+°ÙAA@√”Ñ¢\ƒbÇ#cb¢åƒ±ã˙®øG–øG‘BV;Ö˝X€n∑“MØ'ˇ @Ÿj£Á'</ÚyìBTÿ_∏ﬁkO¥∑T5Ì¨¨¨ØeQìu Ò‡HJ⁄ø!y˙?ˆEK˝LY[˝€ÛªdHœ1üÏlkâ˙_Ïﬁµ˚!wQyúäO‹lm.ˇ ≤'l.ïÿá˘Lu>°-£y$†•[ºnZ7iƒ62o¬/…>JˆU˜üd”∑Îpìm¸yxã€=˚¸7∫_›‰$˜wÙ8ˆÏÎ‡wÑêﬁÌQ˜›zm∂Á,Ôrõ^Jdáˆl…˜á¡˝ë ˛ß˝$ˆãı7<A}#î˝Ïsè◊ÉpE=h±õéU˚>lVV
2ÖsÚÜ]˝≠Ñ≤p∂˛àL>s? ßútìï=0òﬂ¸Q√)·€˛1ˇƒ +  ! 1AQaqÅë°±¡—·Ò 0@P`ˇ⁄  ?I$-Û¨⁄2pq≥X*n`¬àö˚gõeòÖReû≤qöõ;sºM@÷F`¬agﬁn˛ÿıy@¥ôﬂF@ÕdﬁmIﬁßº≤PâÒÔíS]bÁ<~ÇZ¸÷q_|Ä£œõ…û_µdÔ8£Ôñ5ÆyÌﬁ+—Á#A!ﬁ∞E"u˛∞∂|{¸Â≥„,Jè¶nV◊”±€Î$è„öW8ân^Ã&ΩeH{#"ÆÒÏ1ìílﬁ›=¡10Ç]‡G<$Hp3:˘»F	>ÒöJíáPpò5ŸÒíMû¸bÕXxZÃeÑÖ	'©ƒÏ'¿≤LDå«Y¶-ãWB €˙¬v»lbß¨4√«\d≥6÷ßRƒW,`D]À¸‡çe?Nrl≥çSâ∫â9G∆
›—i0m2$ñOxäåyrdJ˛æÿ}C„ÃqÅVDl¬‰I;2òÏ|`81Ê ≤a@¥ÄEa àõe ˇ c∆-Îıâµfuwî	˙«„«ú/¡∆	ïm…ﬂ¨%Ñ©±LRI*+-π£ì%6˘ﬁ!9Æg~rÅ·ƒd≠å·”ı»∫eºñYS"∞-®≈hJíNÛo.ED™ÒÄU˙Á#É!q]uÜäHª›	c∑åGRPaòa)…º|ôã˙ıÇ34c-„´∆πfÓ<(√Ôîñ^±A$8…£74J‰ú/ÈÑ™xRà5œÕŒ£åå≈ˇ ëŒ_	¢k˙…'iƒˇ É!>ƒŒGºyîpmÛú>—ÑÉ£G¯øbÍW¸¨ì·Á/"ê◊Y!oY,zÁroˇ ∏T"êÔŸ'€9:òó∆k1£á¬˙¡ ^'„∞«±8àFΩd‰7rb ©ÛñG)˙ï±≈≤}„«ñ"!‘A89R|cúLò<Ôå(Ÿ©√*M?”%”Øß¨H@K„≥&¨†m‚¿ﬂcë˙h˙µêG€OÔ!!åÖ&br$»–¸‡RaÿI~Ÿ<í4peØ¶t÷–…Ö«Ç ÈŒ(nÜ˛0ê—ë ∫√Ñ∞ù∏Ñ#1ÜEJÔxJ$|sÄëïø∑É5(U˘Ô
†ÑwìÇäoŒ-h”»·FìjÜÍy>qPI¶Áœú∏ò\´”é∏Ñ'ÛÆ<Râˆ»D!ëü9	O?LÖÇd$ƒ	Ú˛oèX`$Y+·á"'q¸˜àí.ú)˚¡â^3#A8-«®í8¡4¿l˘ƒ)'` ¬cqÃ8h«~r 2*∞t%·†@AÇÔøxÄXoªƒP1OºóÜIRu9—[g&"òL*QÙÕÜk¢Å(‘∏	Ä—É•5ê≤°¶*§´T%öqLItJ( Zd $ñü!l$7\Xø>ÚD
±Áﬁ 4ñÎœÒì√'éÚÃh…Ág8±§Ï»¬f©†>0¶(X≈tçOüÆxõ«	"$˚∑à,üR0"ì80©˜„_K‘d©@›f∑⁄ƒöaΩ`
x9Œ
»é4Ò*Ó08Ã^
3)ÇT|b(…Y«å$	 CÉÚ	$	<Ç&ë)…”≤ õ†áŒ∞T€‘Hä‰{πJòëÿ∆ƒ#"Gq-°¬≈Á;ƒÌÖ“y2ÁŒŸ©$Â«ºìÜ N˜ï∆Öóîs˛EÑÁ.sú5‡(bcG% W3#èë`Äûˇ àˇ 3˛`80dU^å\Á§†ô4Œ˙Ô,SúûL˜UzÛëœ≥¿áì'=çô«ånújâR∑ß‰¡ƒ—@|†{úYÄi)'%%¸≥Wä¿Üì6«æÚUë^?ª∆≥^rä]„JgÇû|9,Y*
Ñ3B¬H√L^∑ê≠ê£BΩò≈(êJ{=ıó‡®*G[p%ÍﬁI∆†DX®bﬁ[Áä†—v'f@2¸òª»iö»–©Y…ÉHCò…VœXıõ êC[ˇ y231ÖÀ	{º°„x
Õ˝r"{√Ñ=¨í®Øå00Œ°x¿4©£	WFë±¨Ä	6π(•\ŸÅäQ=÷D/mŒKAA˚óíQ[;8˜óSŸØ◊ìEvxaŸŸB⁄êxÒå¡…%ìàc°»B˛1∫âàX⁄#$P⁄‘ò¿–°º$J:m¨Wß û@ΩÙòJtƒNI"ëvx»+i	‚≥ahá‡Ûå∫RHˆ.ﬁÛpOêÁ4ñº8ŸRÜƒÁ#L}∞ THi:Ly¿ñtΩ∆$L¯Î&D®Ï;À≈Yÿ“◊/1àAa6&«ØÅ(X 793¢àHAHéúôa„-0≈^ÚﬁE-j9ÒÑ§V%}Í:5Ãâ\a#&àeßœåcä¢ÏΩπ`j,ƒ~∏…¸ò‡Yí÷I"d™˜√÷&_˜n'J$çÍÁå“ú8@àÛXà≠≠˚»	ü¶Á8ıàñåØ"u9Ñ,Jòø¶V RFF:y í˛¶IìÅ;<e…î”øû0É¿’H∫˙bï&-e™ºßÔ/ºçﬁ´àô…{≈Y¡HëL<·q0hú˙‰cº˘Áõ÷N3?‡N∫ˇ d^!;ü
Oﬁo∑ãˇ ¿â∆ 9»ˇ &ÆŒLvQ”íN≥JåT‡iO?ŒDÉ«6rêÖ é—ƒœåL8xÔ!"}cBfÒÍ‰¡:q#	≤6"qÜT-ô˜àPGÀ8s¯¿î1Íw+'ÊM„L ÿ'ØÀ∞±%êd¬fH}úf¿›Ú`‰@¸3•ÛﬁscJsâpº±π¨[Ò¨JMEuÜ…ˇ òA¶≤‰K0D°d_ú-¢º‰˘rÍ«i≈¡`‰‰~<^iN/¿ÇÍuàä1XZ;IòNNL÷«ÃÇ‡⁄«]‰Ñ˙úŒ7ó&Ç\	≥ÔåÉ,Òã—O-∏J≈2E_ò…µ5ıåRÖøºCc7å@‚rÜ||ﬁ √ŸÉÊuêh*ëp_lså£Ïå¥˝·„m,zLÅÁ˜ìyáºöR?∆`
¿LI$\∆G¯ãh˘hƒ3Ä9ÉvÜ*
FûsÉ≥Qä âŸ˜ä©îD»ƒáO3ñuŒ="Öìú®≤ê≈{ oîDœúïTzπ;ÀFâq+á∫úcÙπM†O8ôx©œwsçY¬>rq4!OÑ"•Ú‚wi_œúÑçEpòÒí-Që°%Ü#R˜÷DTBmô:	„¿Md<û∏£¨ùáo£Å%Hï¬ø¶@$Ub#dr8»îƒåNA ¬˛0JæBÎ»©jLuéé¡ $Ù‚p∞Üº<‚‚M{ƒ»¥úx»ø9Ó§*k§”Œ%Í=‰|ÅU¬`XÙUDò@Cëú@H˚»ûä¿G≤Ÿ’˘À D·ÿù‚6∞õ≈Á–c·™≈L¨∆±rÜFπ£√åàæ€ﬁ)‡ñ"∫Î¨(√á
~Ò òHﬂ'¨Fú"Ñ—O\ÙR„xàÔxS]Ñxç#êF™Ø~0≤ä>¯Œ„¸FW¯}Ä}aHàeî:…ÛßR%À∆»Çísh„"∞? Ä‰aû()9Vrd…'OJ:ù`uÙƒ`m˚‰B?8ã k"F≤+n-KÁŒ‹}'πÑX|`G∆hA!åÇK7π˘»Óäkô»∞ãØåí&^=97ßC˜åô∑Í›à·¥“&QPhóæ'úDåößü÷AR;QÎ0Ÿ©gÁ
ÑÅ*z˜÷L§~∏QtòXaØ∆L
ì∏¡Ñlıà:ãrÚ.,W§∏∞çàïÑä≤Pz¬¿m0íôΩd‚'úU‚‘XÑŸcπÓ¨eôÑÚbXd≥Së!0b¶ÿU∑åçõ6c `‰¿y<∆À}bòsﬁM^∏ﬁH˛ŒDú?åÄö~ìël°‹Úè)&Ng˜P.åm™öhÔêB…6G~q
È1–Ã†xˆ
 D<OxíãàÑèÇ∞]†ƒu9P| ÉÚ|∏àZçF ñ+w¬öqÄ§`ô¯ú+‹eŸíÃ3,íÇèÇmDâsÕDâ»ÚwÅ`"jñûx…
>Ò:4HÒÎŒDƒ“Ãy˜Ñmí~r1B±"√\a)B¬~›wÉ≈}‹4HIh•«óå%*V÷∏∆ƒß@ïè≈2+õ«W|_èãB@LCŸ?)5/€»®Óp-‡ß€ó^^&:¿>2$ﬂ˛qäß »v:L 1@NêxÅÊÀÅ(ñ∆õ,_{≈H$®d¨ü8Æ# H÷6q6€\N$}7ó ”©¬$.úæ±ª…3Iı¡¶°ıäG—»ãñ{≈·Ik˝‰m&?s…ìíNì~0âêwº@õ§√WQâ0m	√mn±∏ã»äÔ._cúÇ¥E&çI†LV∞Xî‘zÀA	⁄‚ ≤˜2?9"ßY ©˜à…àÒÄ),»1 6ò€!é!3íπë^∞è%à|Âåk(Á$è(∂%>qI`ú<‰‰bUøÂBqàJŒ"ë”≥ +êé„ÓqÄl≈ÀÎø:≈nS˙Õêœ€§©„YÄ&X
r4_ú[\M6v=ò=‘œ¶kF„å.öèªŒ@DG≥sÖ ˙–C«Ô∞2sƒÈ≈õ
,O∂L*&&>1ÅƒÄHí».Bﬁ3ø<‚ ·;x≈fñIß∆Pÿ»E9 
ã·r!à√ï<Ô%ÿdB7ı÷#r¢∏Î&0yçN»	DT/9îâé¥z‚Ò3yéJ¿Ã±†Á—âS ıó÷¶Ò[ä›xÕdBû≤§\-C¨Çöx0óMÎ≤©z„∆I	s_8∞´˚≈Ò8ÖB Hƒ 1H∑˛±Iq;˛πÀ¨na”≥∏»•&å,˜„R&≥nÚ*Õm√IÒÑëÎŒF≠ß∆BÄeƒ[d≤Çeÿ‰,ºWx`Öä∏VïupvÖŒCY∞§÷HJëLŒÃ¬±ÇíÉ÷ìlª˝`R;Ø	ÃƒsÔDÌº∑Z¨à÷XüY1#,¿‚√;Û‹lÕˆ:auh?¨


áºá ¿I«ììîR˘¥¡√ß/¿òŸ Ÿ<bk™êèùÛëf˚ºháì¨eiÄﬁ/Z\9™BòtÿcA∞‘ÔZ„åò€œÎ)æ˚˘√ ¥I÷«C£!j'≠@eƒŸîf6‡™ágrÕ˝Òn¿lODx»[´˙gJI”àA◊åH,XnrôUx¬Òd†rHHêàâ±§√%+…·÷>	C°+ã€NJvLe†Æ6‚"|ÂìeÎòﬁì˘ ΩíEI€Á13(®çG"c±¨îWÅ£JSºb·úBíJrOÆr¸‡†¨Íy;;≈b“L‡k£
Âàπò„$´¿…‡%g√ìI¸‚’ôuÉãqVD;…≤íÜÿ÷&˝0r^2´81Ü∏dÂ√˛·5ó?„·&VƒYaÆp$(R¿é$ò»v#⁄ƒ◊¨í’	M}2S±>ôAH;ﬁ<ß|Î	!#J…ˇ µ&Ix˘≈&ä&@å@Vπ¿hÜÿ≈ã9Ï‚08»√Lg∫◊+:∆:J‘‹œØ¡>=d¡%îô6ò∏8!Yóì,{’‚Ä'&K„!@Ü|„,‚;¨1>G±Ï	bPMAÅ«…àãi;»o¯r¿êvc®*ïXI6ñ≥„%DûA¥d®™Ó‹G1Äˆ˚8ÄŒ`F"XÖA0àﬁπºñjuÄ Üßñõäß Ô%iõ∞br ˘r…¿’x˙`@≠∫L+ÑaE∞2ì}8⁄êl¬A5Ã·ê l<JÍxÕ¨*góxñ≈lΩsê‹´¬nèÑ$;çbô*òÁI ÇYıÑ§–û ¯„&'ªsŸR0j àZjºQw∆°4&ö ÿˆdã,ëR}Õ‰’5g'úÄ$ A.É!0ÄblíÃÀœ∆$Ä1Áœ¨E›"1Á®/Bèæ(¨ç*·ÛŒ(d8ÅÿÔøD Üâçâ»üLêI0%ös ú“u	—,dÖ‹ÍèYM	 sãH6;ß #ÿÚeíTÛñ›œˆ2Ùâèjn;çcÅ$ícœÒê2))ıùˇ o!Û‰$‘ôdóÕŒ
X=`xÀ—ù\|dıÊ>q6EÛêòÍyıÅ+S◊8∏TáÙ¬\ë˜ŒDØú©¯º¥◊ı√$ùRyÏ˛0N‡ àV•∏∆∞räiÑ¢Øà≈`v€w&	˝sÑBHÑ)M√Ãsö¸d&|≥„ÿj0ØÃRøÿ ¯4Â≤\!Œ £√x¥™ΩÆ˘˙‰{Mò|◊xîæ'å…%‡11Õx≈ãáÁ mäZ—≤lËçú„√˙«ﬂŒ4:œ9z C¿ Ô®Iã„ÀmÎ"≤L÷qØÈóäàì∫år<‡í0ø·ﬁJF˝uÄ¥–òv&á¨πµ\`ü9nÇÚ—:{˜Ñ¿+÷3IÛºb	eYpÆH´≥eÜ‰ÔÔÉb¥T^$D¨µuÅ,Òê4î8`”8%W∏é˛ô@Úq∞hœ`,Ñ•LΩ[∏ÍØ-‚V ≠‰õ˛÷<ÿyé˝·ªå$Mœ”º%ÊNNí!6à∆Ñﬂ≈bö˙!ﬁ:vàü)∆ï¥Õ}1…°hN˜ƒ·DÚâï'4Ïqä≈v≥Œ4ıú@ã…•C\dπ9 |éü8'i"p"“àÜ Õ`6Öﬂ¨Í	C=‰√B“∞‘„/»ïå ¡©‘‰ d]D8ºNÁ£üﬁ"n|‰î¸GÛõ±ˇ Y°¬DÔ21/ëtˇ —Àÿ£ª≤X6æ¨eì@BÑõ1m-SâÊo+{Ida…QÎ¥˜Ü“P¶ê‡-A$≥ã<îâ}‚(ı<9m06Ñså#;OSﬂÛÅd$∑˛qéÒt≈zúà—J3OTÔ¡°õô◊¨í◊¢Ïy„–JA$dªhA˘≈¬LÕéG¡9» J|DN"®èXÃœ9†ç&ÒMå6~O¨ôzÁ<	÷ßî–ˇ fÒ°ôù_X
$:…¬∆Ë~0[ó¡Å÷í/ÉsZﬁ
√‘ög©~c NÏ≠~±Æv≤89,
âŒA-31#Y|Ó9…@E˛'¨i¬@ºr®9ùF√Kãab0ñ`¡z	â1(ó£o°≠SõíB4û\§h¬ﬂ£¨ìGzü;'g&kL
≈N¡ä7úùaQOÉY<=Œ0b_„Û"}≈N)!£R„*@ÅàNGºqBäµ∂‹`ÜrdyÒêÍ3#p7ZÕx…ê®1#`‰{ôÀ_lÄ∑1ŒE€‚YîHMá@µ8¸∫ëíÏMô◊¨]|aPÛ4‰π'jÃ¸Ê˝∏ À†Ωó$2”ã]LN-ºhoŒ/àƒ7%ô«Y¡éﬁÑ1õ'/¨BWPNJ"k¸õﬂ´∆g.ˇ √}úYNn±`êesd⁄ë#FÜ$ì[…àè5ûx¨ã¶ˇ ±å®53yƒW~+†ì%µØæ ÆñﬁIÜ„fÔrOóúÄì37äw@Œ”§ƒn€PÎ∆FîHÜ~sz=àbËø⁄…>ıöØ„UÑáQ«ºí¿'_ÎŒ¢@ÚôÁêÄD£Îú§IVÊoxA‰	æ5ë≤mërÀ	õnp]N˝dé{qŒ2PÃnπ¡£ )Ãô7RW„úJ}3±º™<qñƒä3ø¶*Ÿ∆µ¨—•!%HãBö≈ºî
:∞éåq¿ÿúò)∂Ê¥Wn´›W~úÑä:≈&çbxº‡ö√m‡.Èœ¨M¢— êØl‚]Hﬁ<GRZOx¶;qßórÛ‰$ê∆π!8∆Æ3Pµ÷<À–Õ(v	` Jè8á`T;ƒÉ°\‘8¿SlK˙¡®ëp?ŒF
“B AÏà¡,∏Übx…+Üßê¨î‡ô@Ç 1zÔ™6Oãyr˙ıÉ`EæØ8é°Ûç5Pê©nﬂ∆`xØœå‰æÓpmF¿≈Q¿˛∞G $˝r∏X‹µÅ…\◊8∏ ΩôµHF„ûpÖºoÁYÑuxA≤«»0c°Œ"¢‰	Ê∆ƒ‰«≈®H~>1Zn0§˜ä±ÇCÀî¬4´0Y_Œ)çm`…ìŸ92*x∫ƒ¢l„ .IX”Ä˝∞´BP&/óÉ{Óè\b"’¥ôƒœAê£”#Li¿ºñó@)ºû1‡¯HXÀGx»¶ßåã[»$Pï!;åRba¡›êÅ#Iàñ*sáú™Éﬁ∞ûpúì9P∆àm†¿ΩáØ\`£‘ø9 lHD◊ì(!K„I<Tc%∞/d>9√NPÛÎ Ñå3áFÒêÇj≥í&O&z∆?åñ÷œÒÒ‹b«d\Bg<9e¬	íL#Àœú‚3çFJ#¸!Y¿Ï¥Ω"cƒ$Äû2jµêGüXïºÜ&22K[óRè9§ƒ
'æ0n(t'…õI·¨“‹‚x[l·`˛0j91ı$ÖKﬁ±Z÷/¬‡ #ÒÒív¨
Ï√jFà%}‚ºSI”øúdì#JŸ·ü„*`Çl_9 k:˜~0òÎnª¿LÃ¥¯…©A•ÖÙ‰`9!nz»î$««94\X¡ŸØúÜÈíƒÎ4´2˘rÑHÕ∂>q. AN9˘D5#œºôGk\‘åô*D€~ΩÂì#º' ∑íùß˜êbèx#ñ≤ôf?ºÂ‡ƒÑí:oå,®ô¨A
ú&|ç¥gDüiâ£π¬à˛˜ä+áß	ñ^¢}‡!∏SqŒ-ÅﬁD
Næò$Æ•¡<óìXd`Ar‹sÖDöêú"|6^Täaä.ZIR“w„Œ ◊C'.‰»∆m`–îxr–ê˚dIdòIebµ`Ç$¢âéΩsê`J≈E\ç ﬂfJï”√ÿ8¨»n„E@jÁ DJ$Óπ«—îî&‚|aÇäöâ]&√*j1$·AAÓ1<Ï.ítò$!v@#ìº`§ú∞%h4ÍG≥÷!!l5¸‡äi*⁄≈ù>òEõDü¶	ä|3ë≥iÀœô«ì§câ”§i˜ÇÉ˘ﬁi&“LS!7I91m)S` SS÷ ¡	≥ÇÔ
¶€Î¯¬
à§&≤AœIêå@
ÏºéK`Ö¿ZmºJ´ ˝`c	ÉN°ﬂåBÙ£àpïR™s$I€ÇüT≤6Z„°Fˆ¶FêÉàn>¯mÁˆ”êãè3qèí Sâ⁄VHVâŸ`πH¢Kíy;)0Bâ$ÓcÈ÷
Öt‰Y…I£5©Sæ1$5ÙÔ&Ck≥{4û)1Ëkû±	A\ÊÃã7mwê	‘ﬁJä⁄D8àƒbÅÖjìﬂy(¿ñQÙ…SO•„-.µÜêa&R©"∆@»òÖ¯èúÜ>∏*ƒ_|`0±Óøf“Ú<¯åZ∫ÔÉ(üXà˛ıêı„<Î ‡˛òÅ‘¸b ¥d îüá"bıêuÇrr'.«`,E£≥&âä¯ƒ˜Ä∏–6ÇYΩNH	r∞…∞¶ªqi«ÔærDÜO¢'»ÆC5QØåïB˝·≤zÓp	ææòèò˙d!<Œmä>:≈D®íı‚sÄùuãBsŒ∆'-UN8Ä«,ﬁ
F'l7<DÑ[˚∆Á	…øˆbrBEß'”$π§∆ÓxBôGßœP∫Ë∫ƒë0ÑváÁ)¢)s»øåg ƒ«•dbòè9 ˘ƒÒáñègùk|≥.#¨#}Œ*Ÿd‰ãÛÔ¨≤ÀúvÀ>0ÄFÃÉêA õÒêL’<dè3;Ω‰'+/Mù8Åûí÷¥<c+¿+„ Rb;2¥XXÕ˛±û	Èﬂ∆MÅ¢⁄‰ƒΩóÔäLÔÁ(;?S∫—Ò∆LD°HË+2Hé¬“dÁZ“zV£ºƒπ+°≈Ô#(ªI≥√ñ¿£ZjaŸÎ%ÌÍƒY•u;„Ü´6~qA&∏1HÃ¬uXÈ¸âØ9XÇjoë9<‡è0÷Dùa©ã@ Oîy3q°∞.∞≤y≤€ŸŸì®àé0)k5EÑ4õ ∞ÑC<OŒCR¬Œû99√µ√«xñ Fµøy1t…≥ Fû(p%Å‚ã÷EZ>sôÀ◊”öÙV=åéè8AÉEv;Õ˙ã«ZˆXUá‹Eí~·≥%†E)%pºWûrÉç%wÁP#ﬂ È8Kúô“áï”◊ Ò&˛òò¸'dGáà&%:üx¶|ÄÙà`#f@˛éIR∑ÆqÒ J«åï"ır‚§w;y≈FJ0™§39&Áb∏ ZÅï8@U	Ê«"‚k	Û¨qƒXap6k.@äÚI®4P$D˚Õç9&ÁÂÎ—ùh¸‚jÁÙ˙ƒ}â´0x!q;∆.ª∆]GX*AOÎåªØr"»k:LÌÓ;…$ã1L<∆I@êìXòñ8//U‡Nw„"d?_8∞[åûø∑ã˘ò¿Ÿ9# 
` >0“¥HªƒìÑòÏBhÂ√i	 ^!)gå,_9ÌÛíî«nü0YèÏe€X{ƒHùyì.K≈#∂>∏G\‰∏m¨dÀú≈w¨Ôºl√X]mê/Àâ÷I˝da1KŒ6ç‚QâÜ„$ê!ÅaçSxê$ëX$@•ïÉ4L>?åftb$÷Sß”Ñ.$ÎxÕEΩ·âA7†˛q2)™N0 Qíµº–VN{¡)ÿDıú,´Îå∏’Pïx Â„‡¸¢ÖàŸÑ—`∑	o„Œ6ñ·¨“ÁY-ÅÔ!—d)π<Âh¨ÚõÒ≥$ëÈ.z	0Œ	ü∑å∞dâ@Œâ0©ÉŒ8bRÀ6|dÑ{<8z«õƒıdLT˙¡]§F∑sÊß&Ë,ûÛ±›ºÆô÷ﬁû0ô6⁄í\SaFJ$í]& ò"åêë¬qé À,Ä∆‘áïx∏âäaS&údg˜N©w"F≤@¿>?ú#ÜÓ{ƒ’ﬂøﬁIÿ‡õ» ‡∫ñ˚∆
œ7ñj¡G?@Mˇ ñ∑øf&e¶°“|·D;Éì`I+ÜsfÅtâÁŒ9
x~˝dñ\B‘ºÜöU`HM(±7ìë&Ë»◊ŸÉ°!vñ¸FH04o~0`5’‡0ÿHXÿg	Nî»¨l‚˜˙¬!|Ääv’É+Tj"òI0à?&[åe-oÁ@Ö]ïÛé¢¢[·é0àQ
Ùò€¸`9èæ7ƒX`d|È9¿3jD€HDÒÍ°m{ºSa\óÜSa°ÑÃ8W©SâÇhTﬁ
uØ9aHä·Ê<3„ L SÇqë	 üßQâﬁ‹˚√=Äú*|ôÊ√,ƒâ»îö¡2¿óZc{p}±©9u∆Tv◊LıÅ($Ã/«∞}@KúIi∑ì$îÜ·?∑êÑ#”„kŸSHû	£åÿ9Ûµ≈0N∏Øâ1B°çíˇ gHD"\LŸ
XíÍÒ¢∏åAgòÜƒ…C·‘p!sÖ•0~1n[D”Â≈Qs«Œ%C•'„#R◊~1*˘	$n>0)ZåAÉìî6`ÍÒ2§Ò'úi¬Öﬁ‹ü.¢*?P?9ë∞hÇ{◊D±íƒ«|O}e"áóXåÑÈÔ'$OâøæpOŒêFÎJ©y∑"¬L=bs–ns+ªÉ,Õ˚ıõê §ül◊ÕdC Ïd"Œ(FX@)ƒêàì"B8ÃTÎºRúÛï-◊åÄûÁXSmcéôƒéM/*0óÁ \ãﬂøÒú0P6wŒHäÁ πH◊Œ F$g¨VKÜuêÎ{˘åâ≤x˜ç$\û–Ò=‡ïëñ~œÁç@Ã=ù=d(÷ÈÁ.∏&Öÿ‰X!âÁƒkQ%u„RywÚ„†ûﬂ9*ïcOåäL!–∏xJp¬S±”	∆Ciı¡rî‰‘bö]¯≈É® Chº˙…ãB	$DsÔÄ àP`˛∏X$»v
”…å¬≤«∂>pï,ë¿·'Œ ë§—πÊ≥TÃÒã◊°f°xÜâÔyà«¨ö õx¯∆Ño˘3§clﬂ9‡I¸8çÿ*Ú·ƒGRváÁÃÈDÌYÔPœé≥ñau„åòQ0ºâÛÜîJ,Gìﬁ3ÜX»J€RÎŸ#«ú{‰≠\Å6hÂà÷w÷#‘`$´Îºb°JBDx'‰ÍÄYtCóï$€ﬂxÓ[?uääÁıxú‚/É¨ûHïôJ°78D%d≥tnsc;¡rM«q„PÖßG9.jôHÏ{ûÿ$ä	‘≤5ãF›Øú4äÆ|À«x âãä˙a$Söf∆ VwJ‹:rd`›<8Œ!`óëëëµ∆ßFF,„ÈãU8∞dÙDtô ®ooÑ¬bïÑëÌ|∏síhÅ8¢{qX%{o,‡˙∏Ô/zéæq!Ç4xÒÇåƒ#>£˜é‚¨©TƒmﬁZk^ÒSæ`ú"82aN∆,â&JŸdæ1ê’Öıé+l›ﬁh¢ö^∆`Æ»¡Rëî©¥Xóñ$ÈŒ%h±üƒ’9…dbcÁ,Jn£f ‰ =(b´ípµ·≈l⁄˙ô¸êà4¢ÿr5ä¡$)1'é˝e ‡ÜyÔŒ SΩàåAjmiX´
n9¡$ÔçŒ""«Gyµ}ö;‰ëæ0I"œäÔºæ˘Ûçü™dÉ0`°$å`BÂüØ◊!¥4R}7à·≠±óhÜ~2fvÎ6êë∞9˘¡;ˆˇ xæ”ı¬>Eêèı…ôÇK,ÃùüLDì≠a¿Z÷!\ÿÏLY!∏ﬂXE`˚¨òõÂÛÔ3ßåòhÁ-≈‡†ß¸…FÚH}ÿ¡2ç∏KˆlâÿMA^∞H›ªúÇoYÄ+ŒCQÊÚÕrHÿ„%;‚¸˙»rDdB˝dLÖó:åZ˘4I^Nº‚;"lTO^3fË›‡MøN±iy/)•„!ÅìX∞ë¢E‹sÉtÙú6Äxæ¸‡h1 zOæ5Üîßûåô(TbFNB˘‘&Wƒ$ï˚`»¬#†~pçFn'†Àì¡\`ŒTp¢õ5·NûÖ∞≠[w¨ad%›Ω<∆T›‚lÌâÿßlâ∂6‰aXñ›˙¬VãEcÑ»RïÛ£%áR¨%(p£”ŸóÊò{"3§ç‰üÔx¿tô¨»®ºH]EÛÆ2PÓmô/ı√fNDQ'ü∞+à° ÇÆ5ﬁPIì‚Ω‰≈
	ƒÜ…å†∫öö¨êj¶úP/éAñfK≠Ûç$	$&¸`¶e≥úü!]{«D(Å“j1:@9)∑!ÇB#…Ê<π$∂úﬂÎ*√(ó0à'ŒKd¬NHÍRp{ﬁ¿(¢‚O=f≤ó Îq°ö-äH!2y…ÇB√Y"£…Ω‚√RnqóK8¨óÖ√¡ê¡]\ú„`„ŸÃT°©¿‡∂ì§zÀ¨≠°é∞z7éíƒ;#ßD,ëÙ¯ÁÖÇ†√â´¬Agzú§¢No HOÒÔ%ìCY™œXr◊	%∑∆HO%«ºòÒíåêÑzåL÷≤éﬁµ8µh,È¿,VÃY/Féã¬∏Oúb!)X<ò¥rB( b¿åùò≈ã6Ò¸ÂÛ|‰”/∏…N™◊ﬁ&ªÁ˘≈ í.π2MM Ç»X^ü8§(±∑$åJKÛÜIl`q;a‘Â,îÙˆ`Ñ[É(I√ıqn@já*BA≥Dëπ1 ∂û~0>éÙÎ8‘î≤ÒÇi±Ï≈∞&æ∏Y•Î%p	ÒX(èÔº	oË¿±„éÃX§Ïá÷·è∆≥bŒÊMŒK%M‰`L	®£◊Ï  ø=ıí+$÷I°˜Sî,“_¨îe‚1ï_DNCæŒ≤S^Ò÷ãg-à,ƒÂá∆(DÁ˘å`ÎY,(&±õ:ƒ Á$–"”åçﬁ$ÛÅ¯∞ã&se(c®»≈¢Ñá8JBÎåØxÙÕÖ
g0ØåNlu„!:‚àg%DG6|1G2à˙∆@—Æ~∏D‹Ê≠–ã”∆NÖ5¨ö§Fz7ı æP@d≤/Èê?ºö“pòLCDõì¨DA?—ÖÖ%—ö‡‡ñqy7YÑÃXDÀîz»≈ Ì…ÓÊﬂ.pï2‹(|‡âx◊°∆ÂçR˜Ô˘∆√õ3£QÖÄÕÇXwr˚Ûàπ%GÈÉK◊€ j‰ôö¿DDÏcºa©i±)DN^Yçõaßüx\ï‡ï„"‰v1–‘<GIc˛÷Lx<ﬂ!u;ã≈©â˝™y=k#a&=ú‡G≥≈c8ƒÁ◊ÀQ„!§¡ÁxPKØæH Ä¡"w8[øGﬂ¨mPéGıÅ*¬
rdóc∏”÷ PÌ}¸`i$D°*'†¡™§Ë!˜4„‡' k¨Ér g˚ Ü+
“(˙òCY∑EO˙e¬)K]∆ÕŒ
’3í]n|cÇ0K„—¥i¡!≈QëíÉíÁ¬1(@îÿ3ê…·wdè˚„Wë'4o÷H*lΩx…í	ë%#D%ÏıÜícgéü836ë>9jK≤_DFxi{¬B0Xâ˚ôDá3é∂u]dÄa	÷ó!™Å≤iG)6MÀ„$@≥<2DM#íõ®ﬂÁêÙﬂ¨êM∆-ZÛÜ{ÃFà
‰∞„åâ†∞J√^k0»ì™‘·ÃÇπbß[ôÇø&J<≤˝0à∆¶‰x{Õˆ?X)›Vø9òüå®Á?6*…§acY -“Xù8B gñΩû±æ*Fﬂu|ŒK†©_L1»3ÇßÒç>®	"ŸHgL2bÇ¸‘‚ÿ5H'ì˛≤"%¢lı≥$H◊“zÕ¢[ÎòÄaE√¸cJ[1•ó" `R]^â€≥-Mîdè#ÑÎ¨--èŒvNÊ∑8ØWÇ£Ù ∑\k(ŸKr∞»@Ö_¡õÆsçüÎ∆{ã»ë& @pı<8›÷Ü:8d˚ò»£ﬂ®≈QzÒ˘¿RÑC.78õØ´$πP§‡Tö¿K™˙„ŸŒrâˆ`sQëÔ∂^p^0$…2}1¥ånÄ¬$è¸…ëI=AcäBMÃ<y»®#◊X™ƒ7ıpzöhR~q†%BëÚ…&vÔºÙ†D≈“ı¸`¢ëeö˘…êÉ∫’kÁ$√3ﬁyèÁ	*H'ºÄ-,πÒä(rYÏ¬
í!ÒîÑ¯|uÔ)“í)Dﬂh˜8Â~¬†ò
Ô„€êY`ÿûr:¥Ùp@á¿”˝Ô.°q¶DH2LŸÇòJ&gãﬁ&í))7ó	t`0˘º–|áe ÄÍ?åE¢5˙ºÇÊœœ9)éF+¨CÑK˛1&R›PO2Ïƒ&)0`‡«yâÙÛq√ä)¡0]OX‰{s÷0¬áù:¬&ﬂ~0Éâd$ıãs…^x2Lê2éú8'ñ(•*æÒG6Z†(û'5L.yÈÁÁ‡†©?úc<ÙV|òdHÖFé>y¡ÅöD`xa.I$¡´Édrp˛Ï≥)m˜Á4¢√¯¬&‰+Ú·b¬Ú°T
“⁄™˘¬RÚ8‘bä"K¶´ZÄ¶¯˜öÑ∑≈ÔXëVÎ ◊nßﬁıù»Í.Ã*¿Ñì˛‡EC“´èc¨	D!),ÄRÍx¿BåH˘œºPdò$OıÉA§û≤Û∞ÿà|v8* ‡ﬂºÿ∞v<sÔ5)ôÑµÆç—*~+%â!ctu'(√)˝5Äñö◊˜"—‚>ò °˙·"¡°ßÔâ#zLiﬂN\7\sÑ@¶ ó&)¡+î‰0‘y$¢dc °P66—Z∫êMóAÍúHQ8å)àjCY23¡„ƒ;èüxÔÚNL8R.¿'NF ®(ﬁ÷lß<Äè$0˙ƒ Ñ≥°Úrd§&õﬁGÄ/cŸñ	o<BqîT,‰èxí≈•£ºH4ó‹bj æx∑ ê„˚9Vá∆DÃá2I5÷jB˙ıàÖel∑õLùOå„T¬SŒ@∂:ï¿uîŸˆ√V8áπ '±∫A!É+ ˜p» 2‚6:t‰Buù„!PΩc5©å3U1Xñß≠cU√…<d“~êApd”›`LŒﬂ´ã°lπÀdVh\s[èY
5«„c¨ I◊y(jªƒB8¡,ÑÊÚ'¿ÕGÔ%$¶-oxQ{À'ä≈íªYå%"œ8¥Ì1Ò∆z\°≤òPŸπ∆!
?û°÷ ±Ÿ„åLjIÑì:q-1∆ œ*òHŸßñÎ	≥i;xûì™∏˙`%05f∆˚·mBk…\	ëùdM@Ò]1ÏÀ@ÃTüÉµb<ßMd»D∫ "Îºj-F˙#ò#$ìÛå)"@a2A7ª‚∏√fçºxÒâno∆Bªü5"íSq$ƒNPp6lRR¥Tπ!+á¨(3CÊÓÚÜµ˛ :`C¬˚˚‡,hZ+¿sî©R6Ú:p≈¶Ø†œd©¿`[√˛ÚeıxEü«y2B¿¨™ƒ;]Ï—/5Sm‹oDy‹BqêJn„ﬂäÇÄ6ö~¯ä¢„Qƒ˛∞©¢u3ÎK x»YAª≈@ã∫˙c0∞≈˘Ùaà©g®ˇ X°/‡Ø\„”‚8,d©ﬂ√ŒIñ Sl˘…[AÏ˝f“°4Ÿ≠6Md±
DQﬁ∏EHL\à[˘p$ëç1o”""vê±‰¬Uç`µ≥é$4§M}ëéÒäÊ∞T-Füs˜à¨§ÕÛà	00¯‡ƒîí,ÜT(^	Î=°Å,åÇ@·AÇS8;C â=åÉR)f&Ò4£Gáß&M„Pö Ç N@Dã+<u80>°ÑZ`óQv;«Båõ—G£JN±‹°ìDD»àÙÃéR$`∞zÎºãïN wÁ¨îƒNá√ä®ﬂáX†¬ÁÚb4ÏÿO MŸ¨†B1'P˚≈©€Q ∫û∞Ç°ΩIØ8¶Ò´ÛêS¿Ò_ºd—˛π§ñ›üºõâ˙‚)ÜUﬁ1¬R$9◊ºYBô¥‘ÛºîÇHq1Ûâ◊ “qÎÂ¨fQäƒA)≥IŸÁ[KV,<Ö}±*◊YROÁ˚éKƒ& IÇ1a-:á)∆ÌLÒîIôFàÂ#gû∞ Ö4,ßœ&+%ÔxáD‰Å‰¸ìŒ0–àáîÛÁ$èaŸ§˘…" u˚‰&Õ˘¿—.r§÷∑Ô$EÜ!ÔŒHëB$º@‹@bïü˚<‰ôõÛÇ˘æï'^0öŸÑNÏâºF˜ó¢nß∆ <ñ6`N£6èÎ˝‚/ì`y0£ærnH÷D¯¿2aO…ô0B~r•q=·#<ézˇ xöêÎof≥nQ0’bm$Hòõå√	|`ef@$–qãöI#èx‘ìÆÂÔºÖL[°Ô%úï3ÙÕY¨#LÖ˜8íÕ}:…9dCEÒ¸„OE30w¡ıêí.ì%Pıo”&pmI£ì÷MÑ#ÈxòQ•≈OŒ’ÁÔìPÇ˘âúÄÜ˘Æ7ÑH!ûyŒÅ€˜â”çﬂ•â=r‡kØÔYØq◊YhØ'º
Äfü÷AS≈ i,4ƒ8Œó)ï^pAûÂ›cââ◊≈‰„(=µÔ• E◊ë¿à »°ó4Í≤Ò#s·˛{Õ≥iœQ˜ƒÇtY˚¬AgÈÒ9t 4Äu=8…I¡¨Dd# v$d¥Gﬁ*vé¸8#_yèﬂXe)e…¯˘ÄC∆HU%ïúlóè]‰†Ää{:ò¿	“BìÈí(’ÒÄ,ÃmØåHXeÊÂ¬ëD‹‹Oö÷LŸø¶&ı?\âBÃµ˝ÔLÖe
	°‰qeà§∑ø∂ÅgO	!UŸëâﬂQ…ÁÉRI]ƒìÇÛ´áº)8œ€ço"∫ï’N1ãòM Ø”¬båüàı.2bÙ"ÉÑÏå
§J‰9N≤B∆âB÷l)4^éq!™Eø£bÒíT÷Um<œ9a4ƒBüıë¿åz∆Ñ*FI›Cõ&$,ÌÎ	3ıYi˛0V§P,@Å4+ëd#]'ﬂ"[	'´:2‚aÑ è§á D±chˇ ò!Jb'S=·≥»ˇ ~r8epêÎ/ËL†∞QòÇD±÷,â8‹ﬂ[¿2Ÿ,1˘¿DŸ73áòP©|Áf	ñ
RìJkı"á2Úu:„A«ìRÛNVZFéÎúò1 h≈ßê='9pÔà»˝ô-)<ıÎ!ÑR%<Nr∏≤çâ•}≤Z)-l·’âÎîå	òáX„¥≈¿Ë'‚Cã»Úy≈):à˚fêE_ô¿TƒdÈı…òPTûqÄñÔ_◊h(ÛÎŒK&l‘de¥¯1ÈíÅ~ﬂåîJV÷„≥°É«y¥Oèú6;ƒö*yé±Íp%í∫¬À=∆AL€∆Ì¿0CtÂ_8ñ[ÛÅ ⁄—êLäöÎ%µ+¯…-]Á]”ÊpIz≈ó9∆0i[„Y%Œ1î! ÈßBÕ…Œ˜ÑeèÎ
%wø
hªé<`¡∫≈$ñª…0TïÛà·∂Ÿúë`Eæ#Ö¯úπXoœy§?∫∆DôıäUQ◊„µ/≤bë#ìQà•3+ÊLf
4^¢p,Å4°ƒõ•fWxHÜﬂüqàÉZJÏ;Òëò—î"øú|‘;7ÈÕD\GºLIÌl%˙æLK:´áø^Òdhì'@*.€?9$TÄ/˙ƒl≤LíåZâ„–^{ß(jÓ÷0°{◊8Ω#œåÒ˚9ó>C^ÃTªêêâLerÅÌÉàÅÜÖÁºA(ÊØÅïÄR&+§ZÄÎµ.£É *»ñøåvÄ¥≈ƒ˜ÄgQ0∂Ñ±∂/jí±/Ì‡kKtwó/œFñöÇ∆˜é1h—4D·¬ôlL0ñH±DÔ fVŒ`¨u8àÜ=∏ Ñ¢åjs}EÒ/º0î∞föQ„ºÇ#1£ õì¨@êïA÷ Ωù‡# ˆÎŒlj∂=x¡ÅÄ±©=‡	ÿŸ˜Á%d@G¬ ûrúJ,P±Ôú% õ˘„	HK◊QöÜV“íx⁄!ÇXŒÇnæg£dB.\J„ZB·œáXZ5pªÇ” 5ß˝‰B°◊Òù3î√üY“F«0sÄY9âƒ•¡6o˚»ï2ùCXjõ0πDKÁúÿîOÎ"ò¥“–ë≈ ¯êﬂy®èb∫•+T‰•Á8Xj‡=b°eüxAD DJTQ÷Croµ…◊_9 YZ1hÖ<êzó#3Æ≠$∞f’INR`0áf4oﬁ@ê.º3íRöyπM&cCâ')@ìß`$ `âcúòíE”÷GL!P6«FB@b4≤|G
5Xô•˛q*u?L)TÖ	∂\«∆2˘êäî„º]ˇ ;éwqí—zØŒQcv»ëD(A{djˇ ìÅ◊|ë…Ä4v8ﬁ—≤72·%($!M€îk˛‰QπC÷:„}‡eÓz»Ì|L`J¬ì˜rÏ:∑ñSTI¨#J±C•ÅClat5iz1&« (z:ƒ†”ÿÅ1	vYÑ∆"GO÷tj¶1'Œ#,Õ~IÍ~<`ín˜î“-…f!·9X9<2<…Å*È„,ƒ[¡ç¿£Ω‰¿wäº[÷0í“CÑI	≤0!F´øQW˚ùÁM¬%æ•–œy(#”åÖG∆à´˚Ä„(z,ŸíÙµÆg¨ô†·Ç±ÿ}'"#£ûÚD’G99fÕÛÅA¥ØÎà2M.∑^˜Hdù‹}†ò&]øNtZ`ØY@Ë'ö†¢·√¶‰ ]ºN ËfÉÿ¬&9$—<bì¬v\¸Âc„Æ∞Rë@¬Dé‰°ÖÎ÷˚ﬁK$M?\ïUq≥≠S&A-£ﬁ˛2Ÿ–ƒN
î
_º*p$F¡◊Œ2∏≤y=‡ä—˙…ËCr¸·Æ·é1yN‚±pá ˆ&´ŒQY\‘Úk òÁò¿["	ıÑH≠H≠∆îá$›˚… íƒ¨K¿e9!¡#
&§iº0ßõ¨AaN	9^±@v2F§ç·Ç,ÿ^2—£…ıﬂ"Je§.ÕàR≥–ñUa;in%ùƒm¡5õˆº	îDñ◊Ù≈b [å∑JL˛æ1§¬Ä»Ö…F≤zLäÄ£o™…A,¢R=>1\iß«8†£#fè8“®Ç€ÆÁ∆&Æ"¯pÅxSº!piìŸ¨—)S_åD≤-›…„&ìUêÈöjâ±\:¡å"∂;√Á
$â«bç\&3⁄v	±Ês@á{¢áåòÇ°0"¥i¿•âîÀ˜¡	eögU˚≈Öº…Jwí*√îÇü
{ƒE≠JLL∂z÷@"‘[Œı÷HÅ%([ ˝ÃÉ,EÒ÷:D5˝ıíïﬁÜªE&.†I÷≤‰$rì‹·†€◊AG'~qË……"ˆ|lƒêJAÓw„	&lI5˘¿a!ë◊xíJ÷÷˛¯T)ØiÎ5äë&êZ¨L">ÒÎ"\ÃæÎúù57¶5Ö‹eQw«Œ T<$}±XÜN¯}`™'ÁFÃ˘¿n4Ö&}bù–ÉZ¬ «á ¬Õ K>#%Ú'‘Lä©¥4¬Ûí≠/”tHncIõf"NnrLâDÁ%=œsöC1íQø∆ó^põoÛú7!Ùƒm1˝„Ñdt˚mRU˛r!Ri.:ù˙≈iäè˘ˇ rÂ∫óåî^DÖ«ºK~ëêﬂ7çà3±iÚC"mÀ:é?ÆnLï≤∂ÂÚøæPkÁÒSøÁ%^1a%H¶8Úí||bÑ˛∏Œ(É„ØÆ
sR^Î cO◊÷$l] z„6UòÎ%¥er¨>´®fç‚Ñ∫~Ú◊.ß"HƒAMﬂX≠‰˙˝2P∑ƒBÖv~<·ï
*[AÂ»B2Ä“NΩ∆XãõNÚê}Ã?L7Ÿ`Ú¶Ààè„d¨ÍEÒv„ë3¬$Îﬁ∞àx:®Ñä'ç1ëX™o§»NÀyy¡ã Hõvd@Ä<øåIß„˙‡Ë7î¶∞m ÎÎÖ&ABå÷Å¡*óQÿ
x;å"3kD2&E„º¨√Wﬂ iR=Æqmå2G%Yux {˛–„Çã@ºx…dBx/`jà®„'D‹dö,;Îl–ìñÜßŒïì˜í !è˜ë¯™lÛ'&Sc®¨çicS¬¸cPîe{Ø8âj∞Ä≠ﬁ˝F+,W‚ew/ú"ÇALøﬁ@l$íHLág¨LkC4∏Ó©2¡Gßúê ÄÀÉ–êÔCÁ9DÕ∫ÛëN§‰ÍL
)êa2ö∆8…9D5îé›¸|aœí™"Ó2bGåZI\ü&KäÆbÃèr øåe	 ©‰j∞§!¨-"§ßqÔº∂Y,Øì¡îf~0T§AE√…bpDySY	hò`—¸`G 2*ˇ f±ô4Aƒ‰¢”Ã”ÁÎår B“âL~Ûr>Øé£ ò$È˜É`]y1åzdi∞xzúÄH5ô≠ôM‚è	ëÃë≠”ß§Á+Îç¡ûHà&ãD≥◊^≤ ´cwÛëï%K;˘Î‡)±ª÷¶\)"(˙ÿ”ÉXÚéŒÉú$. ÑåHeùø_l®§ÆádÔ$ëÕF±ëµ¬Ãé⁄Ôÿ^ÚVTA∂µÙ¡.¯˜ä/AM]e¬Uf{[p50H§ÈàLç'§ïq51ﬁ;4‹⁄¡˜f´*4ú9 PTó∆$˘N∆YI%ﬂ∞úô ∞íq&X7'ia$\ô6ﬁ"`„Z+ü˛qÖ:6ºÃ•ËZ;Å»VìgcMü‹äÃ‡MÂ≈!∞.ÖÂË¿à∑4	QI9K2mu¿ú°ãÈ7åó	,2©‡ƒÉ˚3ú	ˇ r√[|ﬁ@µÊ24∞\I:Lñ®≈&yc,âeØ∆(CE-Ñq÷ey¿§s7=˜äÇBpÒñëÓ›}1"&bf1`›-NÒÃÄÖAºñ÷ÿ∆¿Ïrxº( ≤‚êèX+B7ÓÒRáe¸^q	5¨â_Yê8aÛÑÖ≠N:ûv'dä#$!‹r·JÍ#é ¢‰cYµ>≤#Rvv»ü%'…$bêD&ÕCØ‘î(¯Mò2qÒ◊ºçnúÚlêEì§DÙ~±JÕM¸`°lÈıõ&«~Õb"1ﬁ3S…˝Î+;¿Œ»√<√ﬂDÄ"	˙ü˜∞‹Ï˙c∆í…ã@çÃ—¨[ƒ7ã J∞¢ÄbgÁI8°DÄ,Xat-çûr úS˛∞ÿUôóô˝fÕ’*IÜKë à»!3~Úl¿á◊x£e:ûX¿#L÷6p<πÊf‡¡u” ZY§±^≤]ÉG≠‰à£zﬁDRŒø9∏Ö_Áeæa¬†¿∞S#kÑƒÅ4ˆqëî£Q$îÉ◊f<Ï2mﬁ$`˘A√ yÖèX†ÄÂ‰√á◊à¡Ü©Ãaìπhã≥A{xpﬁÜ8ó—÷ ¥íÉáø∂;)J¶ü£lˆI$»‘èxl$zˆÿ„ÆS∏§Å&æ®"6<‰Dqa¬≈QVA%‰±"e§hÎ¡ÕG9C´÷L¨òÁÎ3Æa©“}d¢Çî Ed*I1Æ+BQX)ÿ=&ÒìBﬂQ‚1¬30í]O«§	 ë≥Œ0)√=3è	$6òÓp7D§‚ µêoc|uÄÂ	(÷(∂∞V"∞´µ.ºT^”;&˙PﬁX” ÈßXÓBõûº„Pùhã2ÈÊ%l¡ÄZ6B&“®·z¡ç¡%s—”ñ2Û¨9 ( ôuÅ;HÅ7b‰Î¨õÂ_Ô¨ﬂiÄ•<dJÙØ˚8§≤–(®D˘¬( À\ﬁ…«C⁄u¯Á,3±?NñıÛî1ÃıÖä˚™úYê»©˙÷6 ◊5éeàSßòÔ FüXÑA∞˛—„	©ã£Á  à M/û1çñÇ6N„úTÄ“ "1T3∫„-„∏˝‰	>+Æ2T2Î„ ≥wí-NLÔ+π&WåÇI °Î¨&‘î˙`F„p˙¿Xûˇ úQßo'◊
£@∏Ø˘ëÉÏÄB#8≈Dvo˛Âótq‘∏¬?)BÒïÄƒ5¡°
 \≈Î ›hôwÄ"ªÎÄ	”å◊ -ó_8Ç∞"5fÃ(¸‡(ˆ—≠dâΩA∫¿e˘ºH®|5„πaÉ°úà)Ûëib#‘∏ÕãüWyΩÀæ~`·Œú5åM ˛pa∏xú±ı†ÛÒÉUg®Ì¿=àèØåÂE1hÈ_≥â-kIQ»∫¶Â≥ê!‘w∆HäØáYÏ4GÔ?£è·¬S)èL`U©I˛ôÄÅQIàklÅﬂúTÉ}1Z,ÉÜ2 	.òÔ&L0\Ó2`Åµâ¯∆*!Â™≤≤A¥]–c9R m:G¨
Ö‚ÉHddæ2Ï$ì'ÁúÉ]*lÄ§xà…zRàõéu¨õ"·‘·©è8πÄ!föèxÔ3<ö1”À∏îõ˛÷f¶'¯ƒœä´ÃùbÇÄs¨TÛˇ |Œxök*«*zjúå∂—ƒ}ª¡`,M
_ıƒg£/é±‡πb+(!Dº∞-ßóq∆C0-h¡@H]‚°HÕ∑ì\ÌÑ*k,ÃD)UﬂºHhà~¶?axÓiÉ„Ù7íÿX≥&é±28îG†0\Hv∂Œè&AìôàZ˘»ÚÜdßAÍpÃÛπ∆Æ•2/úû
`◊æ|bâÆúfêIHìŸÖÙ†´jKÆ∞µ«ŸÇM§Fï	Åù&—∆$éÍ\'XvŸÛºå%ö4Õ=˙Á" ëœú¥ñWØúÄêdáƒ„qi;0©ë¢m[TìfDq6Ù‹wÄÂ-à¸û:»¨ÖÇ—à 0™}pŸ∫¡Î*í≠]'â¨lhGK‘üåKA·‹‰≤∂∂Éﬂåâ-LGº]aS	
z»IçÉA¿Õ&Ló◊úã∑BúH–¥Gú T0•-Óy»˙ªähòé±V
ôSﬁtö¨P0@s8Ã MÏÉß÷^jeøSº¨åºT·$Ñ"çobi…^S4Âz9√–C@I“R`ä	Ø™j∞¨çP&T‚ÎfH„ÚÔTv?Ôf•ôèıÖ≥ßE°‹˘¿•Ú>ßå"ú¶ß&hÉ†[ï1¨QÖ2ÒŒH§»ÀM@òO'n'¥≈…ûœf Ö)ø˜ë†≤FﬂyX…N§«eàñ§IßìS‹Â:™˜ñ9+ûπ«íV`ìü˘Å	¿≤$öO)ç_÷qY`1≤O«¨òå)8wﬂÛPmw¸º‚"ÖS\É)7©àƒ	N ¬‹ÖiÊ9∆Ñ™⁄ÕÂsÛ8|OŸ¨ò”=G92∑+∆vñF0â˜∆"Tt^jw/·∆Êr·:Hˇ yh˜÷C™ç≈ﬁs´©¬AÄ◊á
Ü’GΩ∏”)¿yFc+xÕrà·ıìeíıWÔàdÔœúÿ du÷: H8“Ã%Ù◊XËóÑnÜMÈıìB@J‡[c}«HÚ“∫3ŒRßeı∆úÅ‰õáæ2)Hî0‚|`7Q®’dñ	Ùùã<q)áÑ’`(x…H#ΩNÓ˛pJ=[cä!)aüyº·°Vﬁ˛r:J<v°xQ&^#;¡*-,D'f5,‹`ê"6∆gxã/†∆+ê‡uí]jò¿L&eK™È„WƒÔ}π,âÒœå¨	âlØæ’ñd∏≈SŸ¢£íp·C5®qëÉÔ$(Ê,g DîóI7∞÷"-â≥-k	æˇ €»(Ü,àÿı„"!íã"DÑMéN JÄé|d%ë Tè2
äø≈åqa÷˘@5Ë…@±«ö¸b∆;6‚Ü¡ë)‰‰√<ÿ©º'ºû1\XúıÉ#∂<ÑÖoûr±P% Úhö )j*ß∆6Ú€Fl0NJÆbÚ§ ˘LÇJ© dÎä&gÉ!Âßî w	aﬁÒÜ"BÜT °ÑM8EH#m@òß‘„øy(ë‰/Jn<ÎV8jyû1µ<Ôe∞©;ƒÑj<‚e(Dõ¯≈:u1\ë…ôæØ„4◊„C& Æò◊º"õêØ≥∆ÚP4,∏zgN2k6¬âŸÖ1¢¨<ƒ‚ V÷N¥‰ejí‡11äÿN	Rd±]ã W√		cÑHlÁÓ#X$ˆ"±LôãﬂˆrmîE‚pD»i›;¡ß4ŒóF<c˜™¯S:ÜÖJº=J$`Üi<Ô.»%‹pÂe'zƒ¯D$ñ¨≤Rôô˜¨`åñ‰zÏƒ∞ •'é∞W§‚ÿ¯¡ïY†úH¶Iπ$@O˜X‹Q;öb∏…`íMÙO„°cÊºx∆á.* …∞ì{uâ<¿Ujˇ ﬁ»∑£'–FòJ⁄'óßû≤V∂ˇ F&YÄ`ãÎìP^GÒê"ÑÜHŸ¯∆íÍÀ†«∞≠Ô$®LaEQ™RﬂÆpZ!é}·7{‘Â“$ú¬ıˇ 18Ó√‰ƒù¸ŒÁŒ3)É¨ÎôàﬁD(Ö<´ ÖÉU|Î§$ ´Ω`»n∞`C~pîMú±¬p
~∞MN^uÆ0ïÀêçƒΩ]wîlÛÁ"ND°ºìÔÛºio3Ë±˜œuÎ≤{ºÑâõLÔx:ê<W¨TÒ¬D˙åã+S)\9&ª‡«}{≈uBT¬0¢ÇgWî	Kππ…ëÜ}„îıYAà^3i="Á™íyÌÒàEπØÏ‚Ç=¡êV’ÅÀ˙cP¨¨ ; w>NLS5MÍ~∫ƒ#”úêE…’`’û©
8˘∆dÇX˝Œ%@b$¥z˘√P&0Í2¢XÎ~qF”U¨i¡©•ÔÁ ÖSu¥«	ç#gíc,I,G„ã0
ÃÅØ1X]ßR~Ò/üxAd!âêNO<NVìÂ‚T#ã`d–*/C⁄rP*DA=‡ ¬å'K9~Ωı„ÌöA0œ&kçÔ“‰˘ÁüÅNˆ‡FAL˙∆@"lûÚ*˙û=bÜVSGﬁ-fË	(Yg&©®L˙…πñøy-ôÿfﬁÒÃòD–à ^0Òí´/—»**∂∏§î"yﬁAUpzx≠a…c˝ßú äf`â∑ÛÑô-—ÑCÁ"$I[&‰˝‚<ì\u}„ÙàHæª…#	2Åz‘`OA*ííê˛y¿H®„fj  t*j{∆P"Sh¯=aîÖJàæKŒGôC@=YYÉáLà`S4RÎÔä,fCoÊ2#ø‹›Ø‰K¡$é≤^Åë¨ä¨ÕÂƒ$¬° ∫MÖ`©∑[üßúV°“…'	±¬$ßõ„„W,[c<<ô"ÏVp<=ˆ` fÆô≥÷"í@Ù9J7mœ>ÉKÙ¨Yç/fÚAõÖ„ÄI"4zÔx·1≠;Údh q™Ø4ã≥üÁÒêAñ¬74"˘`à¥1/=3â©+âÎ¢Ùúò]ïÛõRHﬁ®Œç•ûE‡™≥¶9»¸Ó¬«2uÄ&I†.LxÀJâ˘ü^0ÃÈ4ñMd´ƒH≤¸>z≈h1hΩ˙√Ä;écå4!@ï-Gºé˜(X$XëDë1§ C≥÷S  çÉâÎÑ®”˝÷&¢ƒ≤MÙ7ça"rL˙Ôh‡âƒG'ﬂ:∆∏è|a0W.QMO:èY &;e®0H∂j¯åB*ÇnÌÁ@™íg”ëC⁄…í]PﬁL‘◊
cVVÇW£úäfwU»Ù‚!bÃOÎ¬ó–`f»AJ∆t·;®h]Ä¬uäC˚≠„l‰4µÃ•÷©!ÑÜÚÀ%ÄYüÖC÷<Œ&±)´˜ñ—…ê‡¯√Ü∑n´„8⁄ÕﬁÛ∆4ÄOGﬂ¥ñ¸cÑÑsÔu©ãÛÉ	≥°g]πpV∑úÀœŒhqÒàdóÉRx»Õπr*®nº“OÌ‚ÃîÒÚ?åò?\‡)ª01ŸÎ∆3√YÚèÁú'NÑxIÎ
ﬂòŸ∆A‡É1ı»Ñ£èé0ÊÀ™h{ÛíÂ0+VyLpû7ÁÁusøß„H ûÚ(ã≥‡∞9≈êK1˝¨xËV{õ«Õ
âGú ¿ÿJ%<„éàŸ
&â∏ÎqÑ¢láŒ§	S1yB †ÛyÀŒ£x‰7$C«”Î—ù◊Ô$ $o«Áê…5l{0'QX*˛æ0Aq¡ÔòKZqÒ¬0∑Ÿ÷‰Áî6¡«ån|òÆré7◊”úlR	>F´4ƒRàª˚bJ¨œUâp)»Ï‘´¿_÷0!°`Gsñ£Ÿ>2Fu&’$·«kèr¸Ä #”÷
ìFÿπﬂŒU\$nŒp&AFÔ"†Oa.üx”ﬁ‚8¡.[!Ñè”ºëû?1S‰¬È1oMOœYÖV&î… 
L.ñæéK(¿&6˘åB
t√œºïBF˙å<úÇI`„„ãdvüº—2zåJ6CÁÜRΩ¯»iMœy4tÜ>ÿ∆.úuö$oà™¬)VÕZÖ‰Áˆ≥Ï—úá./»Z.fü∆2J7ıœ∆,vMP¨–BKø¶≤Aê	–ùÊÉ)U˚éqBK≤≥¬÷ÅÖòìêVõ7ÖN8jü„#∆£"a+òÇ]{…Dπ4¯ü∆X]ö;çŒ"(ƒ˚¡¨mQr]'¨û
*Ã€é%cEõWøyI6ãPp‚©ÿÜzÚ·’i]#Î "{<„XQwﬁJ\L?;”É!!Ê‹Â'÷Òhô 5¡?c-¶ûﬁ G=˙Úaœ\∂ëã≈©†ù¡£÷&âåMd1*i)…ö5E§Wa<î&—ò{ä¿Fı∆#Ïàíÿ˙»Œ·Hâ'qâ1S&ÌrâßÚeHpà·g€úóÊA
;7å k≠«\{ŒêD’ì¸‡†FD ‰N±ÂS/9h«ﬂ ÇYû_∆	ìﬂ
ID≥CèIÙsõïZ»≥U”ô{Ì¡ï¢W∏¬à7·˝1!õ+ñ~∏âKGxÃDH∫ÔÉ ÖIZ¿XŒƒè´¨t]I¨Û1Ê„ÎáAw%Nß$E–0:∑å@î‚˚˜å∞9Î∆$•\—q“2ı@>π›¿œŒ(…±ï'I˚¬.ò˙‚Ó~π/§Ô2ﬂú⁄VÁ
Lyn0=C}`≈%GºÄ$éÈ˚‰Ä,ªûûpP≈¯É"ÌI√øÁ!Y€lø∆Y*>¿Ÿåfõ|=Î∞§\ûyÉœE_¨tï8:‰yå§óNÔ«ˆW7¶8ÁÁO%PPÚG9TÇT‰‘¬]˙ÔŒW≥pg√ª¬3J3=dØ»ç|úò‚`ì»cÑ™•
H˘Î‘∫»tãÛXríçVÚA+Ñ„ÎŒ2{¢ãæLXR°.¡<f“$V»ÏÈ9ƒ&;Z`Á{À
ÁπåÄì‡Ê>p[˜Õ¯RJK9»Dá¢+Z«ı√∑i«1âN|å BÄKƒàLÀÛaB’%Ì˜ıOjPb€TÅÏú"@yÉ„jAàjCõ¿íÃ¡+‘sç¬ ≥®|‰z®0ÓRêà∏≥ãÓUG ‘)q–Ó0à*ı÷DÉßáƒe¢ádàü÷"9-›‚~15Ïàìô…QÚ´~@&rÙ`Ñ‚˘?å¢M°˙π
ı‰ØßÁ!A*€7´n+%*eÑ‚±˝"4¶œN Ûõ%%Cª°È°:"óõ…bÅg.ˇ êõ6vëÊr®À>™qöYÁq÷$óœåÜ°RΩ·(ID8gS∆@ƒáÖC’‚(%h§~vú‡Ãà∏xÔ'R™A?å$C„Œ H¬6≈Såãd~æ∞†ùƒ–ß'ç%#ÀÑQ¿e z¿lõ¥KÒÑòãàôÁ.ÑD*&SåF¥Ñh¡††
&˚c$)e(LGºJA€$#^?8 Vº‡T≈([<‡–ë$âc¡£úSX¸'y
‘Y ÏÂÌÛíeHXuÁ'í-,f©≥Öêòr∆;¿Rû	øQíx„1EÒŸ…ÑµçFdrÛÓ\ì¢]Üı”ö–ìúäZ$*£Å‰=/¨çY™%≥t¶r/®NÉWq,bS4 ùtèfxz"`ƒÇ)ÈñîHg_'ì”%Iì!-£ﬂÚd)I‰ÎÈâ©,=ÎV@Æ9.‡°Æ∏a“|ò⁄oºóbyù‡¿qD≈b‘—3=‰$∞ﬂ^Ωd[;w_”&ærDër˛o,íK®‚2Òö¸2"(vò∫h8&¡Aπ?Lâg=§¿ÚË»“IB	2yroMdÅ-ƒ'SŒ$IØå‹òΩ¸‰√\D‚5†·ˇ x∏‰O¨ü®cr∆±lÇ¯Õ¬¢©åÅPd	SòåA≠ÚŒESüX¶!¬H‡R +‰åWÉ˛1ÏõLõ‹u‰ÛÑC-àMdñzäÒ€Ñ±«?¨bXÂNVˆF(bR≤s£%‡åàÏ<é^YjI∏Àl` -µ/å1ju&Ω`Iò2∏ÇI”Ãú‰Bë÷ùŒNÀï+«¨%xKƒÚ&oÑës—ƒ$ ¡·‡L>PPÄéë9¿ƒÅ‰ô˘√]"ì9§∫y<d˜àßêL?ú8BI8√≠ÄÖÿk≠åΩ…wXˆî*.œ„íäª‘è1Ñ†É∆˛G´ T°¿·6Á 2≥«Nhö—»õúj⁄Pâ¯?L,ŒVxs	÷&C#πMH‡j0!#U…ì êMîL¡ÉÇ@^∫…*Ê`ó≤Ò÷è;˜ÖYú#$√JÎ#!í∞…I”è8LîœıÀÔ!ÖàsX¶Pƒe°-'{ƒâ©#}x¿Ç;áçxpo4∫ñõ‹).à8A—Ñ¶±azÎåö∞±¿0ezÕì¢y$9ç„PdìJ$è»„*≈ô¢<ce©·oº-√„„ ·©húàòaüq8#$¿"àÏt≈«àπó«x€œoå§ óFˇ 0‡RP"É»ë∆7
Øb?Y„Hf^˙ú É{‹ÿ'&ù‰˚.BRGŒXOåêIY¥A8ll∆F$Ã,º¶Ö oyE∞ñ´≥ Rq,öN±	¥*;7éD¶x¿qrd r∂–˚ÊqÙFç‡1¸Î¨ïÍE©Mû=· ¢O∂Jåñ$˝2Ê¡yAÿ··L4ÕﬂúJ*C1;¡AQ{añ¬1U#Œ3∑˜ﬁLêuÎX«„–"=s#«9.M ÒÆıÛê\˚»ŸÅÿgò∆]ä,HB€R—ŒIä∞Vd>Ú A1,Yáé≤]´îLoüyDòBïˇ XTà¢/à—Ö†§Îæ>ò)Q;ﬂŒ1`å∑“Òœ” ç◊rù>p…û√òØ=‡à|ÚGFÀ†sÚcóT!ˆpñ39‹kgÅKÄî¥d9û´%+EñæøºSê!5Gòåy@O9Ã#î$ÿÒèY¡•mü÷U¢3H›ûñJùºØºÜ\Û%‚z¡-¨ßÇ~r7U¿,™¨À$O›œxÒ=„Të_liCºâ[ú1ı∆8h†ßÎÑSY	Àê«ûp	#$	@Ë˛1\†…AÍÃf»E„/N"ÜsÑùIÒFÁ.Á\„PKRÛı«≤a(.©Ñ)#íÑ^Ûd#Hªó\‰•≥˜Î"AX,<‰ÃùßÏw‘FJ€˝‚*∏=„bC´≈)l{¬A¶¯\—è=ˇ x≈):øÈÅTÎ∑°|=F#$!ßX83tw8’
®¢î'˚√¸ê$€ÑF„≈Í≈WHD”|zÀi¿5#Ë á)ﬂ∆RdÅ'?lå	ÁûpTñ£8ñjPgNò‘„BIºG£5B¨F˙∆—JnCÕıÅ j#RÉs÷≠ÄOéq¢B‚˝r|t°	y @éÁé£æ]âQë¨ª©O}ÁòK|~|„Ñcﬂ√E„¬2Á“R"X˝q(¿ŸıÊg∫1ƒ{2@F8˚¬ù£rvF?WÀ‘∆,õ…ä!7•¯Ô f)IUG¢ò”¨IavB·øF@\Ø!à"H”dzq@¥Ü˚|¸`fR°öå@ ≤}'Ôpò¬hæ;»x~ﬁsp&åõWºÉ«5°öVÑÃﬁÉ&’1∏JA¢JZØ¶1ç@.…€ë∂ÿñ* ` .aU˝qÆJ˜#∆Ú√… ì‚ºdNÅ»ÛÑ…j»øXƒDAª÷…!2”b!4ôh"=qâTéÑ¸œ8SúB–tEtoòOI}ÇKR$ÓdÒÑIB˜ºdÄµ·èå±ê÷Ø 5À™pÇ.,xüb¬ $ëÁì6è≈e2xÒ‹‚êè∞˝≤^5„ˆd|•ê∫'cí†
d%ã6X¬Xq-&•;û1 ∫¬!4îJRx«¿◊:2ŸHﬁ
Ã¬D€]^r%± ö#Œ,—YöÎ∆)„±Â∑˜àÿ ÆA»ÒÎ#™&‡s#ìHﬂé°◊ºúÜÙ°=ßÒåX!s;å(ó
B˜õ„! ny/yvÇÑGîûúa	∆„…0ŒÒÂ"ê±phL.koy
Å`'Wàå6Ã?N0ëËêf„èúA^ﬂl)BVÀ—ÃÛÇ{‘SBk¿b≠!Â£9Ab††õ˜ÇÔâ9Ï2˘¨Ppµ†PÁ%@ —Br∆ ƒi #%©˘ﬁ"RÈ
Ü„∂ñ™∞X¢QV8Î;U¡¥g^Ã]{àâ„∑J†òÒà¢"ìáŒîNõ2pÙ ¡[ÉÅ#¨$•/°”<z„")%YæùÛí‹k˚ŒjﬁÅ&íÉ¥Î,'é'"@!Ü√∏Î:ŸÎ©ÛìÙSî;å‹M∑à\ä%d0M lPc {¿prÉ†ÇCÜ«	º©Îıå"jπzÀTÒ…ÿ¸úb¶Ä°≠{»ë’¿%«#Y<ëJx˚ÅsZKíNk9û˜€ÑÄT˝Òjv`Ë ∫zy…-¥˝±EkêçOY4∆tèáŒDüI‹`LYh[ˇ π3…ŸÓÚ√r•«û‹fFÎXL¢bRâÉaxJ4ó∫˜Åicò÷OQ<¸d∂Dıê*Ÿ çŒo$4É"ìÑ¿¡bRX#Át§DÆbNÒR\7f7* É∞û0Q£†àyıÅ≠VÔŒ2Ä¢p‰â&“'˝1yî?:ıá¬°$<˜Î-•÷∫N±l=ìx±%ùƒÍp+Çˆx‹∆ t∑ÇGT'%¢ª{¿K¢Ï√Æ'áxjÎ"
ä£I¶1ãâπI⁄LÜπÔŒ-`A°àH<`!§	‰j|d¥vBMÍ98L™	)JXª¬ú!»N§vﬁX2≥8ÖNÚ ]Äé±ôTK~:p@∑îxN±kSA R¸ß.DîvG˝†cÇ)«{”æ+ Agsuºò&aÊ∫Ër|≠ô&p|ñ#,Ê…
4∆$p
ŒïMGLaJHãB'ú@@{ãcâ»,âgR˚ûû±±óıì‘≥1øå—:¶¸d gM«¡k5|˙¡‹_<}Î"QÓN¸‰ë¡+†D˚»	M§ûgDëdqx]Bm<∆F)ëcõ∆èN‘∫*L|ò;Yµ…∑ lIù«YjÄMæ?^1∞çàk∏¸Â†É&∫é'$‰èŸÎ.U◊˚r⁄©ê`ë‡≤`∏p[!lÑÀ!ƒ∫=brÉÏD‰ÔQOØ8B¿QpGz≈-Qîdü3®A!ƒ¯ﬁT=€ §Ä X§‘ú∆[¢Ö5x–Àìpπ
MÉ'8îûHÆ8åÕÛÇiA∞È«Å ãUº§øn…¸≠Jƒ{ƒ‰)®õ{…]°„¨â∏!¥Î˘»K…õ˛¸„I@ÄCsÔç¬…≥$*`	Ãáë»cƒê–û~^±§‰3!≠Ô I.˜/Y-‡We<y c(ií>Ê{J§)«IÏ¿ƒY´#ÒÄZÛºc¸Qò ⁄6◊xò®Y4ª~Lñ§¥Å º÷±@ÛûHï' "∏…+ìN‘qt`e÷?xi)…#‡éLKCù˙√nÆ/Z ‘Œ0Ïº≤k„á/Du¥¸ﬁLÿY=˜Éô,∏Œ∆≠K[∏e™n·[¬EQ¨‘F≠ÎﬂYgm…ßﬁG!tâëááyjTj©ÏÒ°O˜÷‚SÃz¸‡…!"Gåör˛ò`¬Cﬂº2‚D§1§"#y∑Q;úGM∂{ü8A¢iÕd;D˛2Ä≈«òÎjâ(6¯úY©îAˆq!aÆˇ µíä≠C=N9>-ê#”TÜp–Ï»e&ıë°óŒßúp}"á»"GÎäH7$O}‚∑T^BOâíGà£ßŒN£hkÚd)h±Òês;éÒF(·1y&–9á£%#ø+Òì"ª∫˘ÒàD¬h‹˚úLí =áX
œÓJ•∏◊Ûì*§íb'ÛåÜÆyı<`Hu;:¡ú!Ñ4”\b°jB4§z…⁄ñ›,ë¡˚ƒÄ2ñî*±ñ÷–réT„HXG9[ ˚pÑqP–‚qXÑ‘MœàÎÿÕ
Iÿ˜î`PëeØ£Ç¬øãÛíd°eàºxÕ·	©x2lÑK<∏Ø∆…J$“kXb£P¸˘¿a JÃ…‚2¿ƒ»Uˇ ¨-’ÿ◊ô1K@$6k¨`¯§∂!…ÁºC"1å5÷êî‚ÎÁŒ(ƒ áîﬂ.î≥!U›dª–ZÁèÆ@∂Mßòo^¢n£í,r ÄE•óxB: ¢ö	i0ÂÀlôåM(í˙Ω‡U¢jmâÔ5!?¥úÄõQöò–£¡Œ
Úåk ^kX∆h2@<ƒÛﬁ ô´(ªƒÆº<Cº`RiÌ∆àr’‰«dÏ¸awÿj∆%DêÒŒA2§<Dsıƒ{ƒÙ∑äìΩÑÿò≠—Æß•gÈ q©7Æ∞=(lƒ$Ëé@P›ü>∞è=3òÀ2¬¿«¨Qj…8CÜÒÏ#<ˇ ¨à‰Iﬂb&;¿\?ûq∞e7ìº¢k*≠˜'XHj$ﬂ<ˇ ¨t†ÿ‰ÀcL√¿îb0ÉâÁ®ˇ X√*±ÛŒ1Q&I{âÛ∆òu…wº`Íû˝cò™™hÃwœ¨PáRR=Â±4Hë<:„–ìm¯Á79°Òﬁ$)C&ìŒ¥¬Æ⁄Ûê$î*≈ßπ¡ |Ü!#ºXâ…bAîıë!ŸR=®U√à&úÃ3ì:@ÁŸ#∞wë	_˜∆)<ä& c∑%q·›uã	 ô;Íx»N*ÜiÚ{ÀƒSäZÙÛŒZ⁄Q‰úÑd·oLÒÑ®4Êl‰&0"Œ‘÷∞≥;Ç°Ú68î#ûú1$§Â¯¬/êãá	óq∏ƒöÿë„§.8ıå"∂ë@åmï◊˚ƒ*&â˜Á¥äDNº‰Í‘`ç—y0¢ÀIoÁ Y◊$sÎ
Û¸¯¬ E~qÇ–B4|òÿ©H◊◊,Çe´–xrQ…2TwÜÙ˜«ÒäT**]¸b≈‘_˚`´%îﬁG–ÿ˛NDóê,'\ã‰LL	ƒÑôW¨±–ù<8Nú©ê-
¡‹çÂ∫"%Å8ÛëyÅ]√Á¢éWYAÃ¯¬#Çu¨*ÃD©›e#SΩ~®
À\‰e	K’òY“µŒ∞SæèúAµuÔ∆A·@9Ù¯sRƒ=û1ô"◊º"_ÔY®6([O`ïò?Ω„†	`ìèúÖEV†Ô"íDŸÌ¬°âS^¡QB ÙÓ2+°&ßY8¢C…¨q(¥î@©>pÈç£Ÿ<g -1ÎLXÄTÈÒéêˆx∆Öpû^†¿∂^∆¢sbPj·◊Ù¬jaYÖ*sJN,àÅ0√Œ©t!i*ÁƒÜq2#˘8…=Q'uüsB
5&72G+µŒáQ‹J>¨g€∆"—7ÌëÿÅíﬂlE°˜Ÿxå¬Ç‰Èåa©ºAiy¬;	Ì8ïAµj¸Â#É≥|p}0àñ*ﬂÛÒêê´Zã9… ¯ç˝1@D˘ƒ¿Qh˚}≤*•/_∆B1fo˛0¶¡“ÎÿnX‚8ç®vww9Sa~0ùÓn'Ü‡Ç=‡â`˙yqP†≈µÑ£Äxï„ ©(B†∂XB»ó€ı»ã4¸d7rIÔSäÄ|ıy ÏÒ|NNƒmSRG∫	÷Kß§Å"dM0…∆TõbA˜è`¢∫9ÒÁÅ±øSßŒ$P%-˛ÒùCOÛíj3$Eèx1æRæyúÇŸ®¸a/Ÿ6+ÑﬁHÈ@¬ùùI¨ò4yÇ`Ô„Û∫<éi$ŸÊøº·—Ú·«º"—Ç%é®5A•rŸÕ92®6F„x›Ä∞=∫˝`>\¬HÚ(≤0‘â'œß&ë¬/Ìî≠kÁ¯sMÈ	lPYs¯ÅP‘q.∫¡ö
◊é .àﬁA•Iíê4Rìû9VG9;ÀÏ)© +∆EdB…&üO¶AIe)1ªƒ°Ú°P‡8 Ë⁄pÂòÖndÉWÈ)∆°π9ıÉM
ö	È„úõ%^√ΩÁ¢·‹bH§dáQN*ºH≠ßf„Œhú @ÌÎ"
˛|y¡Aq◊”&(±f¸ﬁ\õø¥N¶é~<‡πT ~8%´Êp¸#f∂ÿπ#	(ïàXûx¬o§„¬"Òé7Ω‚J"`ôˇ òf*ˆsä@Ü'†A§t‰∆$"Õ‘Y∆$VW>¯1Å 	-xzå3†ÜÂRx&∂O∆≤k(Ë,rb˙ÌÀ ‡Í®A±sÄCÌ[€ü9”‚‡˛±@˜zı?|[ÑP¬á7å—$…¢}1XÔ¬bæΩ·"nïèŒÿyˇ X)t„…Ô,¿Ë8Îñr	åj$Ù)E0¨ÏxÛ9≈öm˙`Úa6VÎ∆@Ñ-˜∆5\cx£
f5[˛1ò√>1qw’=9ÿüî÷E∆Ç\XL	ç£∫Œ`Ô
àè\bUdZ¯¿	)˘„AS«9LÇw{1®í$⁄∂Ã™ZQëp3Zr•òìƒò0d%-alM¢ˇ v‡,Òà4µı…"ò&uºú®∆»ÇÃ_ºéd6DÚ5:ƒ“§õ#y)hOŒj∑Îﬁ)ëò⁄dñâ&ç|d∞Hê]Ã˛Ú§ë;ÍßEè	ò˘ß:nü±<·G¨ S¨b>¡È|y«™Çb±éøXî@êàÊ—é‡§@˚oúK(òçI≥hÏ>π0âxõéúJp·\ISﬁ#L zèfE‚*Í˚˘√ *.Pn;åd∑4∞®∆ 2[:£^≤Q#_zÁ 4“#qS˝sêA˜¿Dö3<'Qëë@°øÌ‚&IcÆuÇÇ¿Ñˇ ‡mêJÆu~0Tt≠z¡êHâtÍ1¨Tg ?ﬁLÜ¥F„¨¶§®ŸxHC‘wœ˙¿JutÔ∆ ±æºÔ'‰*}¨–»Jó˘ŒàÆ;≈ƒùê«Ôïô˙'˝‰b‹F[\]ï¨jÿö¢7ÒåÑ•1vFIÄ%ë¢ˆﬁ;åY"Iê*˘p˙qÆM¬Qï´"‡∫q®X¨ëò _7«œøR$äfy∆S*Y◊◊∞I”UÁ
	jö®x1€óè∆ ¨íBaˆ Ÿ%GxÖÅ'úïñTq›„dÕZÏ‡ÛÄt®[§åPﬁú@2õ∞ÿH0¬\¡oú@òX√ÕÒ«ú'(Q||
"'ZDp‰qîdç'ú©?–°BK¥¬ïÈ¸é1$ÄÃ¡p∞–FìQ${¬-P≤§x;r πuëÔ ¢L˘jÁ¨&tfÇhŸ<Œ'çàpÙ·≥H—b--dÃB*P«$‚ä∞xj„ì»ú¸ÛÉv AÏ=8lÒÈLs∆H b·U¥pÈ»eÔ¨bKU©ﬁÀEA,áãÎ`y‹âc|$·xeéHŸÑV*ùG3ÜV]êœ«úÑ·0¯ºò∞Bÿâ	»‚TÅTÀ	∆F&SDéï∏√x¬Ô Eç&ôÀ·¿–†`ÙFñIÄ–s˝ü~ FÖËÔºÜdí◊Ôp!ö˙uçII6OÃ‰»K&>~πF»ü8à‹]Äâ:ìfH]”s8∂W,D:ÒÔ$p.Â´ê—C˜ë4»ÙI)c	;#@SH∞òMòÅÈsÆÁ%òo≈√ÑéÜ‹ÛÉG§K◊~Ã‚Wã¯8®Ñm¥â‡…K/#Íqi®d–πè·ﬁ\0ò%c^˙ı!/ /„+9ú:[ü}dÈÒê(ﬂ5u÷ Í∞K#Ô2ÃÎ¿“‰»ŸíÒ‡ñäÅfJ&"ÓÒ0Ñ$f¢P$qÓ± ∏0@ÿp^°;›OgúïÚËù¥ ‡¿j1M›h®ÏÎ$  “w¨AÖh”J‰ë<8Í)“œ±1éŒ1Á-É˝„%ã^bsè?†‹Oñ;ÃbÈy˝·
ôuojÊuñ&gÄüæ,¬tôdˆ."Ìúb(–)düÁ $vﬂ◊ıäx°S'Rn2ÏU±ì≥îALï/G¢¢≈Ù‰0ãY»EÅL‘|p·µTœh0™ìdçâ«„ B‹√_º≤)ás÷K0Nä@ë÷MáÀùTÂ‡8`ÔVFJìÏƒ˛0ÈV‹ú˚√Ä…“wÒâS”’Œ,ÄÊBGœŒm2ˆQåcãıìÚ;|‚ ],«ÔC){	ÿ„BΩ¨ì∆3J¶&<óR$$,q‰ˆõ§º  F7ÚL9tad&(O◊©‹kxŸôû°o˘úEBh’Vâ˘{ıÇ`C≈«G»$ï÷£¯¬a$3DH>πƒ"	Úπ√H1Óö§píg1Hì! ∂Ü`+åT™0:Ωd±l4ﬁÛs©OúJô&2¥<d¨t†∂M∏\Ç´1'£ŒPÜ<<H‰ê#≤∞≥°Ûêô%ËÒÁ
4¢&Y/)˝c‚àxÇ;ƒÈKKd1ÿíÅ◊ “o≠:√Ê”3ﬁÁ„uØŸÎ¶¨$È5ã,Gü∂ê[Ç∫≈ z>˘=≠?Q®Œ8BöO˚V≈kÎÑ‹¨±ËÛ·»3∏bvw∆uH√¶td…Ä≠Gˆ∞“‘≠π:uIêC˙¿°• I“p◊Ç¡ E%	4‰gèC⁄y;«+cmËúr•6ËÎLÉI≈6æLIA ÌÊú plO<cáfYõóø8&¶:qÔ ®òòâ„ñ∞»I¢?hÈ8√1ëä.æc	-álåƒPﬁ€#m(3L‡ç §†d®√ZLr|¬j “/(2Ê¬ú‚ÀD)∆çv&±
$±IëÔÁŸ˛üÄI Åô}uä°¢&ˇ ∑íEQÙ=‚ÿ}	ÔRúÜ 	LµÕﬁ=»‡ÖQÉÃÒÖ"*ŸtÔ÷!<ãáá£úRÔ4H¢w˙ƒS&©Z˙‡¿@»Kˇ £ÔÄ”ÿÀñE”‰√°5Ü©ﬁ
Z¯[…˘˜d%jI>1§Ñ+i‰2Çs±¿Åhïí!Û÷B`"∑80£∂d•|Œ#I qZ¿…Ìº,K$tP⁄=c≤[È—•!cä)C¿∆#a‡d¸¶ôù4î·hN]ê®%Ñ7∆ƒ¬
Q n7‡\)amúÅ∆«$Ã°â V€FëEaÂø?\!yjì`ìZÍr$=wE‰]Œß [X_˝¿êΩqÔÜ¸πl"\Ë®p·Á!Ç¢Å"˚Î$°ë>gE=%ÔÏw24)Éïy>DWÀﬂ¨êì•p¸·yë√AÖ&Xé	hõÔºÅÙ.¶."ë‰U;ìG_ ©6ùá¨ÿ2†Ú}eÖ»ÆÆ˘≈
(óŸ„ x©…uLî◊ c∑3®âyíS7pˆ∏ÀX!Ø„¢ ≤√ÙdxBA(ëŒ ù°ƒqí∞›O^m î˜„*ÊK47mæ0Ï+PëÉdƒNQÇ“êÏ´ã≈b‡W&L÷c»}F§–ì!îsÁòSÉ¯üúêªK	∂p*ò+…#⁄doÄ`( LKﬁMë’WŒ ‘/®ï‘dÉê1∏ﬂà…¥^•Ó4d¡Eë7?Œ1ÑJÅ'≥ ”T„©¬ΩòÇzgEôhCƒàåasY¥ñbpó∆DÄUP<`âm√àΩ|Â4ô≤hÒÒì
ë≤ã}8K%È!ıe
®ÖÃ]ıàÇ5?ﬂ&V…ÚÎúôòB.ÿ◊?|ëY‰‹7Ë	ö#ñ]JDTj˘œ±O`Ö™.äÒR∞7e_Î% ‹9◊“q3úâ≤wØ95“Ëz◊“‰	‰‚=÷J/jWõƒE
KıÀÇÛ;>ÿR¢#<˙≈òµ
 ìIÇ”;—·ƒ: ìä\Q&˜Îπ )KuŒ2¿!3ˆﬁ éà∫ô≈÷@ÖÛ∫Òå	]õÈÎ∆(bXÿu?¨ÖD|Ω^(L∞‚Kõ4ßçI÷!‹—[FŒLî—)(¿Èπ„"(ÅPà'¥#ï	1±G*„Çzq¥b—ßÁEñΩ˙è&F}Uí·Úê@ÚI±˜í8Eû”Î÷QQ(jBz>2@–€)˚bBÉÚÎÎ∆B†%e-0I4`Ó7ål`œóSÁ"ID˝r° q>œú°F“é√ì¢Ég	ƒlqÄ,x|`}pµl}‚Úmïk}‰Ñ®ê„k√¨X2úô©‡ôûBuŒd3ú0Òj8¬@22ı∆'H! rvO8ª€å©âçì2pña ®ÆSeô3Fﬂ^2{
}ëÁ◊ºHπí∂’EÛÁÆ”„∆$H√π÷ì6Ai8H¬2MÂ€◊≥"w‰áŒJ:Åò;;¨/hDÎ\	*Ñì˛`'*e]$ÕìN¯«H§yQÉeÇO,I≤!_ÊµŒ∞Ü¬":HÕ•Õa<Qöa¯Ÿ}c®∫jWÈ2CóÔÑMRˇ uå∫,ˇ ~rP∫‚q'*‘ON+… aHj$ñ∆‚1*Ñ3˝„$l≠Q~≤ v»K_Õ·çå!Ù… ììˆ ≠âó⁄∆O~Á ç˘¬•x_;ÔŒﬁg%±È˛ÎË∞H‡vë≥X+ Dƒ˘ ¬û!π√àY~0J†	‡µÎ0$JÕˇ ÃT‹˘ûÒ>˛pA˝`Ë9Å∂:…“·Ë¨1ëLsî%âz¡*LıØØºN~g‡Î5%
¿úN;ÅË}b$ñN¯é0‡GB#º
DîßR≤M%o≥46ôEº„YQÀ	Ö¯ﬂú8fï$´áéπü9Vë|ª¿ÕÊ@>1≤‚îS8D#IﬁŒ1¢¬TB¬ß…÷&DßIÁ÷VEÜÑ!§°  Ëi B	Idw÷X˘?ñôíÌ2j)PÁ„óûØ7Y®__,›Ÿ`˚‡&pì°[|~2E5ø.yÔ ä‡wÎ@vOqâ7.WœÔbDÇn?æpöi"&+®Î H/˜<c€ÑXõ@yú7VÂP˜‡¿›FAGö®˙ˇ LÉ±Mãπƒ<jy∆EK´$Ÿ8¶…Hû+ò…ZvÛ8ö¢e€ø¶:®êÑw˝÷ )ç∑^Ò$Ä·0¡6IŒ°@dëI$ÚqêÙÍ!¥v?úªã^l[#wâ¶ŒHê!V'8+Ra¶q¿{Ô4ÿ6,w&ë¡t±ﬂŒÃÅî}ö‡»m	‹ Å‡;„Ö∫GÎ„AC¥kﬂºí, ™øÏcªêé¿9¡–XvÂ÷∫æ?∂S
‹Üò≤ê©˜íê¢!‘ˇ œyB°,w4ƒ‰Çê(›æú—…Pu;èêˆ‡‘‡ÂFÑtÁÒí§H;ï#ƒ`¡@≥l¬'€ ™á€¸X‚ç≠¸`!	d	!ÁŒ##˜ÜfE¨?8X±ijN<|„:≠T#,º.1»a1C"q&
∂zÛƒ‚oÑ§$'«Á	êï8ñ˛#Å("[¨&SMnıÎáPJ@Íg%)ãÜwŒÖnr		ääË•˙ƒF‚N£ ´ÄÉ"—¨^Rt@£Å≥„ p¢}ç'åÄ∞\ƒŒì÷.«J¬#Çx¿∞eÑûoåÄ‰àd)=S…©¨cL,jpH±ãı›dºÏGó£•êAÜ'i¨Q®õÚeÑ C6G/å,	€®2!uØÏ`bÜa~q „à¥≈âG’Á“∂hí¶à‡	zÚÒí≥>òêññ4Ê∑åù*øl\ dxÛãMï¨≤[_ÒÑ`ª 'ÉS˘ƒdD∆xkÌäQ§H∑”ï!37Ù„$QV≤∫Ÿ«ô÷*æJ®!âûx¡‹∆âÁ%<Oû∞R˜ƒ„±Tn4dÃµg„Äì◊˙å§ﬂ.PÕ˛ÔV\y2L— ﬂ(ìê	î°◊~∞!eÇ˘k
Bpü~◊ìê!RC;úíK_ŒU©wàdäX“¯ÒÜ∫êÇôÈ≈õJâJª2N*DÅ√?g ú8œA&°]ñáåòa+j?÷I‰ih.ÏÔ-IQ a<e‘Æk_π…˛ØêˆlƒTaF¥!íóåúÔ3jã.©«—<£^˘ n◊WÃ‚®.∏îú‘√ÇNŒ2µ dÑø-¯»º}¬	OSó∞B
M…ÑréA¥Zê‹'i‰Á)àÉËÁV‚BStï¶•¡WN"lÒêA•ûÔA1"¢KÉè8}EÂ◊9L@ÉMÛX3 EÌò∫ÕÂ3~!Á'ÂñíPJ/XÃ¢ﬂ´	π ñºzAQHË»Ü∂
~ﬁ=®é>19îZ„ìåÜ∏ôıëÅj{üyB[T/x!ªù=n=·†J|ê˘»@`è3í©
˙_∆ÅÍ5ÔN¶/ên8ﬁv…LK•øæò	®‘tΩd∆ÅÃ´”ñr$ñH‘lGåëº41ê∂Æ'©" †
öt∫æH;àé;ÕÑ2e]œ?NÚm4€ßÁí«§ºÖM¥F“;¬:—áÇô783Ä©\(Id2®6Nú!"ƒ¡ﬁÚF¿"è‚§äTLm2ÿ—üÎŒ•|:‚”%πe£ÃÓ0â ç,ú=`°¢Ù/Á≈oÑ†⁄,Oxâ]¬NÉÃ‡ ŸÖLW˜∆CmRq>%pàÔ„$$Ä¶§…ZeMOº-¡ÑÄ©˙µíyÈB`ùgL¬„öÉ20≥q¨bG‚@¸ˆbÚ%ÅG%Ëﬁêïø◊Á1¬ÄÖû' ˆ∆®ëpÿœ‰¬YâôH:xˇ X&™-∆(ûµäbvÂÀÄäîJ`Æ7Œ,œk{jNºbÇôn£‡hy¿ÅAâúdô9È¿¶“ ƒx8∞[!÷˛ò‹,-ËﬂŒ"`˛1U≠îò?å∞Çi9DÀf„X?7/=»71q∏¬±CE]#ã¿Ñ	Eπ˜à-‰ùÁ!2z¡°a<∆Euàc0˘9<b ﬁA$ßûq`&Mjﬁ∞FíÃ)VWå°‚Øõ?y†©âQÏÎé‚EXû0Ö≠E<Û8•lÉQƒÎ f‘û1U?T :ÂÇ^bYqôtIO~˚∆I˙¶{ÁÈå®º=`äL\·$∑6{¿‘b≤)˘¡BÊö˘ÒÑÕ’‡‰A1-qŒA!R!mÁÂII”°p8»Y∏Db.≤ÙÈˇ xó]¯„ÎíΩyâ„Oá&;0Î¨√ŸÉÂ∆ƒ"ÛÂ0O£A¨ jŒXßﬂú‰3‚,ôw>ﬁ*(#0Ï:¿†ù˛Xò$b◊Ÿ…+íÓ∑Ä‡•
‹≤˚$Ï%XÒÖ±[I˛∏¢£dIﬁ	î8óSﬂå“b*«œÎ"¨†î>cååiÅπ˙‡(ë
^è8‘éhyƒm¬3LW 8…<Åà÷Í+=∞BbwÁ fUo…ŒBHàö4‚í°gSˆ»Ω@$Y—·…Ô∞=Ç±ûÚ'Çî'¨i†=LvBœ≥Ÿí1=!*Çt>qJDY#‘…ÉXà"ÉÖä"t`‹Éã>Íœ∆,
S ÇGhy8«¶é\{ Ï0R!`uÇB†–4Îº¨±*«aQçÕbÇ*÷ªÔ-) 4ﬁ	¨≤H+≥8¨ÏÆ‘Y»Î& `C<ícë|«$AàQ}øº¨	õ∆r°†ﬂ…÷-0LÜΩf—ﬁ)xıÁ	¿J\:òƒRY`‚ˆ` 8PS0qﬁJM" ‘‡!aQEæ?Ôh±‚f1H"íπÒﬂÌ"<Î¨#E˛qäiwÙÒëT&VˆdPhÚEè◊XÆDZQ
y`å @wÛŒ (0;âgıêé#	cs„ YàOd‰¿íM¬ÙsìÓeﬂe≤dy1U‹˜≈dfÔ˜ÒÉŸ‘Lü›f¬…‘Ò◊89º6r˘b•Öfd∑äMi1?≥$¢hYÔ„Y	5‰S¡Ô#BG'4@Øk[ıêù`°·ˇ ∏ä&ƒÙ‚…-àH“5}‚·Â&÷v„aµòñ¸xÎÑ®?Cú¶ƒn•ê±›ÛÇ6í◊)ÛÎ÷—K ÔxÉ‘Ã©YPŒô√"ôJ“?å'∞≠kâ…ÏÑíQ˘—ÄqÉêj1;ÀáXê˙àz˜÷J`πQÀHQﬂ€î”µŸ◊«‰ ñ≠À5E° fû?LπŸ@Ùà¨ù÷Í;…ïHá	øà”Œ ¡‘TN˜÷F»!‹`x˘ÑÁÀ„⁄Ñ¶{øåÅì ÕsÄ¬—√∏kh”HÁÆREåANö¨òû¡≈/ iBæ?»§Yø€¨]OW>>ô8‹¬“>†ÛÄH)ÑÇùá8€p+&ò¸·∞ bb"t·'H$ lzy9√Ä@tõkÔ⁄(Çƒ1ŸïÍù«ÆqÇY›xƒîòá√ôÂπ˘Á$≥¶'À∏Â«	çCSÒ¯ f≠m=âhÀ@}óÿ•Nıî hPù¡  Ê0C"ò@ò≈]∏\∞W¬¶Îúá …Û|W„7óm&;~2[1íÂﬂOx›¬G;åpm•uÓq)[¥L`íàX®æ<‚%∑t”Ê0Ä ˛ôIlÅä|0$ ÿR'¨Biö>otÕŸ¢<‚XKúh!d-Ò∆$‹´èÁ õë´©¡êw‰åE6µ=sâ§+≠‚6o˚„(ô?¶@aÖ◊|‰Õ∆Vµq"45Ç>W∞¨"$Q|¨^¢:ÚV— ;uÖz…4`”í8†|zÔòîL¯∆≠Å|Ûé¬w1xAA¥
âBaÉf¿'è8FdÅ$TT+ﬁ(“ñπ˙Gﬂ0äÅ◊èfL‡l∞|~p¶P±}x≈JŒL%i±y2LÑΩπ¡YâmõCﬁ¯íå—≠‰∞òAßúÅ±OSÉ<\w®Ú„Ï<≤d—¸fÈ¶GFr$∆Â°õÏ·+aq¢"Øº–%ä£»=ò≈∞Po¡x¿—!I∆ñ‡ŒJåèøÓ≤d^˙{LC â4ºIßeà+´·ÒëZŸ 
<∫Œ,2HP%©Q£åù*&s¬ÆM„±ÄlzLéA0IÙE`; g∞ÒÑ¿$í‚∏é1if;r Ä3Ûx&á†ﬁ*H@W«>ÚQY≈‘e*÷¢ˆ Cûr∞´*åÄ–«=‰._yfÜ&a˝bèDa˛ò5k„@sÛê 	ôÁ#¿ê5áeˆr⁄@Kj1úÀ˙ÇèyH©ÒIô≈÷ L 8Hˇ πû#*œﬂXÑØ=xÎtOÕk%	Ø•`B!o°{«≤≤"xaè˚É» à@,JıÁ43oÆ>0Eπ“3≠˛5ãΩ C±°ﬂ#Np!çz∆3í,ZdÁqúCªwå∆õ`üÆ$UA≥À?¨ê»(óébgåÜ^¿Üö„!ò%*òÁL∞ÚåùÑ&IANñ∞ê&–é®hú.:é∫ºDÄæ˚≥1X´√4!/Œo"
ï‚
XÎd≠>pÑ3	Pín'ŒºbKÂ“ã"d®h~∏r‰Ú1qcPªò·g±:÷ñoºBò{ó~ÛXBï{Ø\∞IÈ—x«P)∫ˇ πqf‘z…Pï)T–Â÷H)RtÎ. tCµú£©ˇ ~rXå¶ÉP"ÿ-/XzCÃuÎ*Bd	¿ D#Ω∫ú,êaô®Oy§±ﬂ]‚ µ¥Ò¶-®H±ü_Lù"rWCo«..µÒq≠Á2âTXùæ˚Õ¬≈û°Á÷yÏN¸ú·DnÊ<ıÇ≠5*lÒ?ú)˙KŸÅo$Í!‰;ŒÅC'e~ÒÉ1Œ0+Å#d}˘≈YbH·,‘D‹	¯√EÅs„!ÄÅñ[H˜è8â,Í±«Ãogñk∫‰Òì©H<?»Å#∂˘».~D@íÇ»]ò@0.ñ∑Y±Q•âpQU":>0ÿHl·oÁT<Á≤&'óò˜õY¢Ë˛Î%oﬂ◊8Ñ¡BgÎâHœºÇcE¯˙d™ÃdÁ∞ÿv8Ö`¶/~xÇÅúû≥f"^4±äª
¸dZ6~å0©•$ã∞âêPâA/ûq’!&ﬂ!à •ÜßßíìO?"ﬁèÉÁ'U»¯ådöD¿%°!Kzê¨le–ÇZ?x√.jôwå"		mÊ\HçâŒÜf€∆îÇáoÎÄ≤±QrƒÀ˜≈EÃ°(ônÚ ªÏJ˜‰ˆ§RI$lΩ·Y⁄X4ñ˜ÛÄ˝â)◊ÿ»‡¿o„ˆ¡™ A¢Ç1ˆQôÛ$√÷	CA-5¿ù·Ä"ÖehÕ}p7ìKàæÚ‚D{…Ÿû`{˝0ô$r=b	e†E<>ÒYfãÅoÔ A4ŒÎûk*àB‘J-è<·)¨üûÒÑçh&ˇ ±ó"LÄ7?˜2Áî/áü0—Ã5y%%i	·ﬁpl¨F–;;»Ë•Bë¡ÉA\¿{z0B"Åë8ôå¶«rÏ¡.ßÆ\FtôMoÆ0îSq=p)uãäÈEltë›^DÜDÑ©>„ûr8CXâBRxN2Ê®îM◊^pÄÅsØÊrläUû¯pªñ©%˘ƒí¶LÀﬂy.KMHÌæ<dË .]y¡¥ä8ÛÁ<Ëq+óñ(-`{Îôë˚Õqÿ„ç[Ô‘«s‘`e2à<1≥9AØÆﬂXÄT–B\uÎ!‘§Tç⁄
ÒëäFP§µ1ÆÒÇëPÀ§˝‰›*ÑLGÀú›àPùq8ì'ŒŸëõ·á   UA√Ωù¡Ø90ITπh'Xê√À˙o&ô/œœ88ò	#êC£úôâ‰‹c  √^rpé6)i
O∆q6x$b£<î®F√ºW{5.„ø9 U¿∑X`ÿ©√)HVà<öå[ ‰y≈¿
Å7∆[äÀ8¥Vu˛∞∞r)∫MÿB•d÷ær–¢1‹˝qI!Ã{Ô,KTÒÈyQ∑@ŸL1Üà‰Ó%Ò∆∞»Å=Gè¯¬$àÉa‘¶T$x$6&ú3ª%—<jÀ∏65ŒNm|Wúë)Äz„√¨ºníÀ™åRÇ0Dêùïúßπ`˘ŒCTÊcìâ√h∂ì¡g"VBâ™áÇx—á¬¸∆≤“≠å$LØLF6ÅI1 ‘ÖU¢‰¯ò»£3ˇ ‹ A∏Ü>ıä≤0$êOë5"E(gúõ`ÑMÂS∑^0A7¬1ÇL.8päÎÎÕ‰‰Ÿπ÷VC/‚-êtí‰«Sg`w˛Úf—¢ŸáO&q4"Û}ü|$f…Æ2*Ä6¨…ˇ ê^Öof%	dﬂπ≠bG–Q∏éyÛçL’ÎYB°ó_ÒëRRÁº[ëQÒ©ƒIÈøÀêP!ÿLÎX§◊>åP´Æ«l8
~Ú‚Øú®âöéæò^é∏Òä EjVÚc"oÃòk∫«p≥ó"“û&pÄ¨-ú∆Q‹©]GÎG®Uò©ƒ¬-6qå⁄KB¢:œì ›‰¯,)3ÂÎQÒÄÃ™Vóºù!â*B+QÛäè¨≈Äº ä*@ÿÿú8 í£æ√!Dj5¸ûpêZxyÒè∫ÿÉÅÔ`% ˛Ôº r`êü™˝Œ;{\ù/]‡öê¿7rÁá$$ÿñŒMas·XI∆„cçepi$∑ÎºÊÄ—õﬂﬂ∫ÄHîqŒU†P¿æx¨&bAD>G¬G¬_ÆCç›ΩìÑﬁQáp;\añÉFºm#îê©•‘L¸Ô¨êàÑ‚îLsw°h˚ôÔ∆nF]›dË[ùˇ §!2Œ1$A ‚;õr?¥ƒzÎ#"è1â‹ ØVîº‚DH«´ﬁN}ﬂCƒÂœtŒ@Ö∏áI˝|`ú&»ÑMÂîÑi˜ÔôNr
ûÜ‚I{;¸‚ŒßQg7“|ÂÍ@6jg¨Öí;5ı¡uﬂÁÈá@Ò√ÛìkAäÌ≠ﬁDÃ	S≥$iL¡G∆Í∞;§&@Ê≤D,¬—©<|‰D§≠úûv⁄˛‹·ä<¯å)KìŒoóâàüy Yl8´∆êÄh˚˛Ò6’˚™˚∏"o˚Òë4J.+_Z¿&J£RsÑË¶`Qí§¥8óåcÆ5“xgZÍünjô +(BzÁ+J<S:» #,∞û˝‡œ+1∆!ìer˙1dUPæ>1…	1!<¿‰y«Ö!"iåD*`à¢EùuàÍ±†yú*çç4_º"Q≥Ãq9+03∆ÍN•”Ä)·ìıYLƒQπ·˚‰P0`áºUÂû¸cÒ©©è1ë  Å)˛¬êG|ÛPñ•Éà…íìh®˛}dÑIné{áü8I{≤±@Äì¸ûs_B‰ÃÖ3êgBB®x„\dÙ4ä¸L=ÒãÀ´É28ê¯i0 $27ß¨ë±ÍúäÇƒ5rHΩßagy¨©AhoÔÜ) Å V5˛Û®≈=jŸ¸c≥πó∆*â{6Aı˘¬h›O„#A—:üÌ‡BD≈&õwê≠ÿˇ õ¡<¿	óè‰«X3kÓxcì+ò^+ÜYÿö{®ƒ}Åf∫dô„]!öâ$àX“#êh#Ö∫¬π VM/º‡£•b ÔﬂÁRÜ=#Ä®,*œ˚ÑY@û˛LDI’ûΩ‡¬êë–ª≈®]õ’fíÉº.7©ÖáœÒÇÁq™0@çisäπHÓuÍ$ÙÏ˛:¬Ê> õ»0 ãÓ;Òà
n{çbWBPºwà∏Ê7√ä±;˛Î ‡;≠
Jg∏»≈,B¸úI:Xöì÷»≥sÇôô‡ù^ùåC„à:Do“9b⁄'S˝p‡°Y«y:»Î˘˙‰ÖB–5ıƒ#ÀOŒ6íÙ'‚`)6˛∞E 7Áú®ù¨Czp≤˙Æ≈Ç.zŸ∆5@Å °z»òra8”Oº¸a 
 [Çé0ëÑL…rü¨~Üd∆;MÄ?ß”(ƒ‰$w‹sà^]r∫A0sy8›¢ë0%áLäLVñ´sä $∏)„ÒÄ˘àR'ßbo@7Q[=Â¨@3vF≤lNA
hÍª∆†∂DëÖ˚0N®µ%ÇVèymDPz®Ωbi‚®≈@éìIWÅùÉB‚âvÜ9∂‚IrF≤m˘HDã(˜âΩ¿6«Á
R˘oùKç»∏∏4ç;ƒ £@ÖµœnZ AÎ
"dA"0í92ãî ‚rq'V?å0\ pdyÙ˘ƒƒfXS‘uÛÄNØPùŒ&†U	üQÑu*Å]˝Ú.Be r◊Î®ßXÑ˝Ò8≈ßüÁ9$yä9¨ëRE@ ∂l˛Ô&∏`ÙÀ∆´'6∏Ú_Æ1	Q£Ã≥÷D–Ÿ¯fâ0a+˝‚•9F™1•äY!˘„—S”n˜∆A-‹l˛∏íÿ	(<ÖLpa$;è÷	ËU∆±0.›∆I$ï9ìzÉøxî+ór§<`»XEÍ˘√s='bÎ√â"õ;¯¬ÜX@Œ∫=a8\l∏~‹„îÅ–ùﬂå+-Ÿ'B${»∏–*ßRÈÈêËYFàìä±I¸ˆzC©måòÄÄûy≈*Õ?Î! é+Ëƒ13®v4EÂ$D⁄êùsTÛXÒƒ§Sµ·W%`b∞ åÕKÃÂÓd$Övº'„«$à`ív u∂2¬Rpµ£≈eîº»∆åà&ÌÎ/Däí55≤8ôù‚Qáh]Ká”¨›ı>:¬p”r_›˛2PL,[‡¡¬U≤ä‰ÖHZn0ÇÌlÇÅCπ•Ûã(N§ó^q"
0Ÿ≥œ8·À!1=‡‚JÃ,Î˝d%!u#ÑP/úB°∑Ä·8…J…ÔıèX@KÒÎ'Æî“^yz«ã£VL∑Ø∂ âµ÷ÿ|∏ÊLìS+ŒìYÈ6ºd∞$ÚVM	vo√ı¿π¶ä†’VåTK`DäÑNdß√»Q∞<:"M∫XØ$0HË÷C†–ó‡7íAPôùiº<°…÷A™îƒ®Á
âcl<∆Pç hq…I#aæßÉºo2pŸ˛≤™L¢ò˜T[ü)x…• M¨8ûXB‹»ö˜ﬁ-ogäø‡&ç[åÖO∑÷RêD6≤cuNÛïORŒ˚ÕòåaíPb˜YahEìç‚K…Üß"AÑ˘â˜∆/ŒJ¢Åÿ˜÷
æÑÂ `©Öâb√Vjp0Âi.ÜÇ˚∆+6 s◊¨8ëEªaÁ 
ì;4kqê*&*Dyºj2ì.MoM∑•WëÎ÷N„àd!˘¿Hã+&¶ÓrŸ!Ñ¢Ø”"‡<ºJï6ÙóqëwÄµqŒj”
}´Ìà…08)tØx
áÍ≥îJFû;xÀﬁ!lå2A±√	IìpÚ3Vbk9Kìì'„«™ÉåõKÙ2¿≈$¯&•Î¢àU∞ÆLÖ∞BC&?ZDñ¶œsÑ&":!≥ípDÅ
`w)º\%ò—≤±òU‚7y0YÃœ8d*Àr≥ƒ ¡•]&!4ÆØ∫‡àW3£ıä@åñQó◊úRDàË¡=ï¨P)
2Ö-^û™DW€@ñ“Ä∫~õÎ	Üª˚‰"
U˙p	2à+ô˝‰’ídÓ<◊9∑°O_˜ %–\1™Ôâ`£Èx ı&OhØÉ&Pò∂ìœû∞ÊI
cJNI(Ün9gåê
Ωù~‹ôB±7x@Fe∏0M Ú˛ ƒâAHVèåñ†Ã§¡"~¯BC¿JÚ®ìG¶BR@Aßﬁ„TÅ÷“ú∞^%ƒ.œﬁ íI2´%π»É‹÷ÊÚAí¶%ﬁYPefGIπ˝`œÈêè˚ã&Ùdﬂ∏øXÀ¿2”åD§ÄCœ_lB‚AA¨jºGáıä^(m><IÆ2d)ØqF ùDÈ`:LÅ(%I∆%R~1"ûˇ ≤$.¶˝ºVR6V$Ô"! …»$ûLTîÄHP‚Lc∏ÿ>/«å¬ãËÎ>»iMRZr∆|àß◊Y±∫ï)5…ÁrÔñ5Î´Ø0qé1`£sHs±ﬁ êvógºPÖƒ«üö≈˘0—ñ4ƒëàiì f|œ]d°0’ÉöcrÍ:˜ï| @zIJÔÇß∏πÓ0"Çˆ_º —P¡=úﬁë—Ø@mï1¨5vkÒ˙¬êì75¨D≤'®¡E ¿á]∆ 83â√Ÿè·p1ërã∏Y∏(K}ìñÖë›=ÒÜßR£ô˙dTRd'°u3…v—Q»=dCÙ„êÀàQé»âvbØvU†À*7å	"	ïWn6Æ°È'f7  Ω.Bàñ…Îåî	ßﬂ≤î2´ﬂkå2H©Ÿ¸b†ñö‰úp>1é»yûD|8¬ŸÊøxpfÎ◊Á#Eq⁄·∏%‡E†‘◊8$˙Âî&Ñh◊å†%Å“æ∏œØÁ¢NÎ˜É∫í$u‚1ADEÍÚ@ﬁÀbµß$ÿvuÙ»9jjSæÒÿë0pœ=≥b‹P,÷„‰ŒT BÎÎÇî§ ù‚êÚÌøÆ',4ΩΩá$rû◊úQß-¨è∏√f©÷áûûÒ*È §WÒ¿í—["N£„ ∞ûM=è¨¥RÚWúÉ( ï/¯y»ê<’'„'A±)É‹rg¢Û≈Ó~ÿ j Hw.kÑÀ^]‚)≤âÄGÖ	Õvo∂ZA¢?ﬂﬂ(’ıÃÁGí+ìWß(”~p∏
È»ë¯…§˛b§ÇaàNËÒÁ7»7zºI¡Ä¡ÜöuÅ≈%ﬂO÷$<HïB^)&M•Mq„(âjü8
I#à¸å â≤‹Iuﬂ„8êIn~Æ<‚Öé·‡‚˝‡èU•î(Ôñ—$PÖN»„∆≤÷<ßU◊¨H®ûÁè„
®Å’ù‚"¢¿G¸ŒID:ì∆âÜƒqÄ“Xx7àéí∫{P&4‚z»õB<uäîúë`w3÷Òl4RJ	Pœ>1‚…	Å!∫»0çÖ5Æ0á≠êûB{Á§HáUÎ.· =~å≥Mn<Æ+-⁄Ö§ÒâŒe1Õ‚ÀÜ.8[VKx_‰€	£%¢¶¶LE8pËíåƒË‹ÿ“*]ruåD,åÇ˜„&&XbÓ Á∆=P∞#´„%Bìc/ü8ëàî«¡ƒƒSÄörÑ0ÓNπˇ ∏¬jF T)qÜ”¶¸Ç¢—"TŒ]ÿG”À(ù1ò¢ê√„oòÀJt"J˚¿,aÏåî66Œ≈¿V™5âå¢N~ö=‰—BU
¶ßSà7po∆8ÄtdªnL\‡ôë`zÔúd$ÃçÒºû∫E˚Ω¯¸aTy¸‚T~Òç ∞πÁﬁ!>X¸òk™SR∑Ç≥“d¶ÁPÔ.¸‹db8ésçÿxáèX{ä¥ñ∂rl¨H¡ïÿ˛≤Tàí¸9ú`”)êb™ÆH®∞´áRk P]’K«ù‚P¿"ÕÅ<ÜÛ≤∫óüŒÜç!úFYK£øSàHeéôËMKFFúçõÑ)ë≤úD2∆B$™]ïøå™≈ù}q±®bSƒd$#√]Ó=sõZcn∑ø¶"ai1V1*Sd8—‘{ŒÉR zÄw´ÓE"=&ˇ úzÜ¨ôAÁ√˘á˙¡öJãP˚Î#es„ŒÚi\ZB%8éÒâ»*)Ãû˜ãjö"ø/åÑJ%⁄Wå0R<ú¸F˘[„˝ÂTêª.>LÄŸ5_\"P†‚ˆˇ µYïîèy3 _\¨Òí~SÒêÅûÒ{O?ºDûÍ≥©rR[∆Œì◊åbePé‹I&V]…gxíπñ˝sÅtj!¡,ï∂p‡+	Y˙yıêKs7çÜ¬ƒ∆˝`Ca˝^H€∂ﬁ±¬ç…~á¨aÇ±{è_ºkô¢πÈÉùôÜ¸G¨ª∏%;ø∂AT &vI6k
∆Å£·ëm(xk£∆OxR„Ñ "ç«º1®Ì]`åÇLªxº„!$RŒìºíõa‚1±ê≤"I‚iıçf —.Dôµ Yï<îƒ¡ «1Æ#Ûìü\;¯¿¶NÉâ˛∆6&„løs6a ò*|òa–ìDQä$C2◊A∆ *ôÉPú¢Áú@Uj|‘À˚º3ï®….¯åQ LQ©é8 Ä#˘y^%JMu,wﬁL	/Éèà¿A91œKﬁE;≠„»™JëÎÀ÷ê&AÍuè@3~'÷ “Ö â=KÜ≈ã„ = !ÌŸÜT g†Îƒ£e\‰ÇS©H„ê8»CH¿
àúµMƒ≥\Ø7‰N¿ÜªºHï˙±¢+ ¢€ùdê\…glI d,Ïû@ŸºQß!ÿ˘æ'%`'CŸ˘∆Tî∑i\Øxªê´=È≈à√`æ8gÒ¶‘6:M‡≤Æôü.!à5ÆÔ&F	ùÙ÷é"&BëÁ&!H±‡L7zˆG'‡JÜ–Ü§Ô&‡(QﬂÁ"—KIÉ†DÈ)„…ñóñ:s·√ÃbØ‰qê‡≤AÇ$ªë:èÓ±É) ÜyOG%íúûüxE¿Ùã¡0fÉ‘©<ıêDÜá”Â Tt´ôdôë5÷π…rSD±E‘G◊	rbååÉõ	û±#†à5û–¡>Ê˙»FÇ¬–ÚûpkJç˘ƒ≥ítˇ 9 Ã˚¡J©ıàDπ|ÂÄ)•Ru ¯Á¡íêÙØY£qQ4∂I	}ù¡£n8Ñ⁄*µ’VGZ`ß®€Ã:¿ƒñ&ÔÃc(H…≥ÎÄëÏ∏éºc—:g&0&Â)˙∆IyÀ'˙2Hç…)£π√÷Å|ÃåéÜiƒf*Up‚q∫áúÇKaÉÁØæI“lÜ4â®˙„Éxlï=Ø82§ˆ	‘ª;ÀS:£W^pUC…,è$˙å∞ë\¥ü[2ë∞pyægàÿOY¥y ´m◊·õ#Ï:ıâhÑ9ÚOåñä4áÿ∆+§¨ØﬁNÌJ ÌªÎ&j^j´-¢ÀlK&@[(^æ—ìê2 üê "êTdÒJÑç£ÎXöHKk6ŒF4Ÿ”˘¡Ä6úß&"H5*w?¨KLß1˚>˘√pHHÂ…:ÒàTÕ#ëè&hÌÀØVBnÎÃ‰d#Vngﬂ8b]yù‰–y¢˝2+\≤ZCSì‹¸d∆Œuy$.`ôôqKD»Ãù‰†Ñ√u¨bîVf±e≤|üèY,Ö¶gŒIöFß‡}Ωd`–%y:¿ö(Äπô¬JS0Wˆ∞@&í.ßˆ„∏ÄA£…ïU LC´¨` ¢
?∆˚2ün>¯¿®ˆÃç{ìD
[0G8K¶8îò£˚∆°¥YS&C'&˛xƒΩ$õ hÉåxB…Dƒ~∞[fJ√é‰ƒqêèóﬂx22(E9˛Îcl˝—«&
]>yû|‡UÜöôëÇJ“©Ï™¬e∞°`Ò◊®Ió°≈DCO¿„ï%2	0∞∏∞7-Óg„
òK©QÎ#Ü}é¢ú5…Ëïßºì0†Ä˙wÉù¥yH˘÷C2…¡L ÒÑ√I,àƒDZèX0òa˘í¶§ìl©ÌqI§êpÒœ¨	òÅuËÁ÷NRÏv8ÑåZWoXÃÆíÛ‘¸·&r	yÛên˚&Ãò-	 LU‡"HAX¬Y'ï÷;GŸ≥"hOú∫$˘»˛ﬁ 'A›wçô(V&5àÅ@u‘van§‹·ûMáì¨ )9Ö@Eñjx…6àû¸eÜè*"öìÌóOÄ	ì
bÏÛíFcf∏å ÅCŒ◊ìH"Ö¸é„4lÑ◊<õb£@CN¥aâ
H¶È1$âë.≤a˘›‘—4x¿ôM¨â‘hﬁ,Ñêï.
o,˘H(xÉ†få%"N±P3ææ¯¿æ“î˝p*"D@N¯¯¬bc“π¡∏WT©øô…:=äG”QÇÎÄ¯¬ÕOÚ`±&Â,k$¥é&"‰¬’"¢6˘'í!Âƒ4™ ¶}a«`‰Ög˛‰
Ê~¸dtôXØÆÚ[	ôã —@ßè÷B	È‚q|épyë:D§ºD:Q;~òêÑÒB0§¥üøÁdAqÛ\‰‡@ZüKºà›2¡‘~êRt«ç}rj:Ú ﬂH“`†¡∂"sÔx‰†B%2Òäù1s7]W9-$ çû9 (Ë‘«<∆,∞m$Ô©¿—Tî;è=‡"&˚p†í3«|úÁ4ÿRO|ÎxÕ§!=>@¡ëPBH∫◊Œ%™∂¢∞ö(ﬁ√˛`Q3	ñ:7ÊÁ(ÒÛ&— ˆ·r»ó8jBﬂIâ†"JröLZ⁄v8±Dûk
ﬂ1øGX1A∂>é*,íÈ‡KíBD‰ME—?k¡$t©G-YÖÇÀ‚<b¿
"Â≤}◊x‚:”ëAo∆Mx	(9ıﬁ@ÖòõnÏ≈tCËƒÓ±àâ"lÂ…Ç¨5Á!!ÜÔÈà©%(ÁﬂXËä8±ÜÀûúHóXj&Èq!„$`v$)‘ﬂCuÄûú4¥ç7¬c;PvDì∆)jc|Œ,,¨m∆ö⁄¸`‹
$Y\ŒY‡yù8$§a)ÊÃ#$·¿TM‡TF∞+~∞·ŸÁåMê ‹ë˝Òb¶ÖÒ„ Ö9c @!8ÏƒP	∏{6˘»≈ÖgØá˜É0à®dßá÷m Ω™CáABK1[2C¬P`8É'Ç-Qƒﬂ¨D*.%á∂ˇ Ça(@–ég∞CÃèp‘&BD˙å™6¢yG1Ü∆^áN#mµ[Hôö£Ìì—^J ë†ÒëvÅ‡˜&Á∆JAêñ=í’„&–Y<¯Ûä"îS˜Á'P§vïë4aY+ıﬁ#d™’È÷E≠±!ëSB"¨yôâåT(L9ˇ 8ü$"-vù`õ$&í1<òN
–∏Ü–,√ºÃÕ:ºbS	íN∏öÁŒ
jFÁ¡Á◊)BîlÒﬂúàñ†√µ%‡ŸÑ%]pˇ £%Óu°è„T)∆ó´„Mñ€ƒ ì·¿Ä*ﬁkOxe	†/nìBh+§w|òêåŒXÕCí`ënD'ßA u’tx¿O ÀËåQ˝}≤ âôÑë‚ªå⁄áê∆lR	nq	†eW;›Â¿Pt9>û≤¬TÅQ<FmF≈M?ÔA∑/ås- à9+ì∞®"CR8“0—ó6ê≠¿OΩ˚ƒ0%¿◊”ä{9ÉaíYxØ3ÎêYÙ∆!ì >##∞…J,iM…á≠ÚL¢X.õ˜Åò›]:cÆ∞ßL·πP<∆±ìË-@:ﬁ&‘ƒû‡ëÍ∞
ÎDõŸ}Á)ƒ"ó˜)Àå±$Çî`('y˜õAù>πÒå±!Ê≈»–:îÁJ9ûg∆N’
`j:Ç3V<ÔºxBÙ„"äÄwÒìÄ,ÇK◊>Ò
ƒO„∫ Èøæq≈…&xäº¥58z∫»4'…x%µ2|E!⁄⁄ú17÷ò9∑ŒAdõÒ≥Ôê˙§ÜÎb‘≈ÂÕbTÖ(ëã:Ï√J7%íÒ`.Ìœ◊ì.X/ôô.è∂N∞‡‹C@≈≤≠(ÍÚÃä¸Le≤ZBwº(-D)∂
ìÔëRÀ8&"‹C=ıô3—ÇÜÿqê<¥†nê"(§d»»ngî41ﬁ,ÄQÍrïÙ"Ñ™ä\n1Hj∏yÛX!\  YP¢XÁ;HY«8®2ê0à‰eÇÅœY‘O-8»ä°Üe„_Llãxaß'Á»¢kvôGCX˝í†iÖ©.8ƒ!F¨√Ñ~⁄K¢>1tHë(î¸ô£@	0¥ﬁ0Ñô Òök\·A|«¨‹w˘{ÛêE`ê’ÃuäöA;Øä‹¯ˆ0¯/ﬂ¨(ç|‡r)[ﬂ8∫ﬁ"¢	—çÍDOÍ` •∂˘áºïuø∆FX,ƒ¬“ﬂpñ(gX±ß);ëáX ßö|‡I ≥]Ûä+S|qŒÑﬂÁÛBHtŒ*Ñ◊Q9;JK>˚2-“√AÃbºÇVn÷Daõb¬rë“6ÃpÂÍBî‹sç,k7BKê4ïﬂ!B£˘»3õ<ë±|`IrQ	˙`Q—Æ˜ê∞	‹πö'≠‘	ƒ~Ú•àƒRsÎ&£∞äGíyÔ¨9ŒπN£W¡à,êƒî…˚…`ã◊˚12™gJ˙LÖ¡0Vè˘â@≤Y‚≤[I‰j˝Ú"C¶bG8Ãòë£≥ü=d∫I;k∫≈L∞ BL_∆,>!ª	^ƒƒVÍ¬ ±„p„" häéóë∏U¬‘)FdèÌÂÜcqa”÷5–XÇ£ RÈNaÁû≈Qdá(˚‡—àtèƒ‰ÿÅq"i˚ú4äÀSSØﬁ'bi!S…ä¶àf»ûX◊ºu>zÎ a!…ç®KRªN=ÒíÄ" Ô
ƒBcﬂ‡2êñN—◊Yí"V◊yI‘|^h"{ﬁ–âñ
ìœ°tAL1(q2Ì¯{≈ví8+Ùú-–ÖT9LC!∞Ñù|`Yë"qêJ.£”≥
Ÿ0¬rHŒ0úï∞ußIã¨íA&ŸπáﬁB®˚É¯≈É+pß=Œ„¿ÅÿL˙ §+Uz≈É J:GX$UL0jKüåQº‚2Ï¿8ﬂ”(ÅåÍ9M0bìvG”ÈöaIìC\5ÀÑ◊H“á\Jå†¯@ÅI±8∏ufj6d∏úçVd(êSöﬁ(&N&√”eO∫I©ëƒNRñÔ¿0p¡T=≤V'ç·@ùãﬂÎ`aC…÷$`0Ü#+K$>0®F
~pm§Bî!Cî_õƒæÉR  ÿ:ºä‡‘ënI˘OåH›&ù/qÎ”)ê$¯Xû0çƒÅ%öÄîË#ƒoUëæ„∏„A≥|iü¶—rhì˚y∫¡t?Ô/;'q‰Ûõß…îCŒ«ÛêK`«)Â◊ºí
DNˇ ÓVàk‘ÛúÿJ+i4Ø€%d,«JxÂ∆#;2‹wê¢“xû+åE≈$,‹åâ◊!J∆0ºÜÇv#gó∆!HyBqÔpkÖˇ |' ¿≥~.ucH∑ÿ¬K-k«≥º`[’‡êïîApÂ¿¬,yπ÷ÑìW˘¿£≠Á%9&Ä3µ≈hªÎ˝·ÇRÂ’õ¡B|∏µ¿Ç%/Éq0‰8‡	>x{…5+:GÒàP@∞`ÔŒ_|ˇ ¨$<ÅyÃ]Dq:õ„©ÿ"_Y!E.=3à·#ç©u^ÛPêE¿¯üﬁA3™ÇK!;Nπ0.:∑ÁN@¡çõ¡´$™;ù‰ÕóØ'¸….‘ÔQö
di˜gx≠•ãT…d£\ô0º3âÄM∏ª“nÈ¿7®€ëœ¿âJÇ·…÷$`≠6ﬂy	ÉbÄ«KHê§'ÒÜá=¶èºd@[Ã:…Sr°ﬁb¶$M¸sè™ïë.ŒqaR"∂¯|‡$4|ü¢x –(Ò!√’…û£ÒÑdÄ≤?Û†*¥ú§òâ…ìk√GƒeÌRô<ıXb√¶ÿ˛0ë oKÅßM¶ ?„* ë†"OyDlÎ[Ôﬁ™∞ÿ˛ﬁ‡Ö-pç&àƒzM´ÿdbRâ`ëﬁHä2•ôÆßú@Ç”≤¯qZ±Iºß&˙¢±r∏ıŒ"≥Jû|b—Å1c√#◊8¢p6TÍºz¬1æjOL.'E»·93mR"%5ŸÙ»fõ2∏|·	DÅÑöc#C'
≥M}±ëÄ3òbáÍ_wÜ	»0ŸI8àDíÉNÔ∆¶7æH…9“‰±“WyB,¶e
G…∆ Ù·≠:ﬁ)Bm	tŸ˘cIÂ,≤‹π¿¢(4πº+åÜTê5Á˘…ôBRìMÒ«å%Pôûü3ÇêˆYÎz»17:òâÉQÄŸúòûÔÉMANûrL"Dƒ˙Á∆&…GQ?0 CDórd&Ï‚"µÄÇÙ…(»YŒà@ﬂüå| 3›AM´·¬*Ángopíùûk,ÕâêÒ8	◊
l≠bôù¡‹˛2(Eq™éNÁPivã%Î¨∂B`Imı…ÙÀ5”øá‡Ékå:d ÆøZÎ-Ãs“ÚbñBÂ;ù}Ø"§ö*Bœâ‰ 0F≤‡Ú…*YÂÛÄH	çóÛóÖr :±åpdZö&N
e%∫U¢;,a∫—zd±ÿ1
£‡Ùw	f`±,\L8´§ß ˘√%'àÅgÎí,_<‚HC$LG8à $€-µ.!<ûíÛˇ 0~“ö»¿∆£MN≤
KK∏Î.ï0;∫„	Q I7=øºW≤É‘ø∆V$T#è[åQQ√<ﬂX¢ ∞!}0…âù∆û}‰¨íßö?ÉËâ˛ò1Éq˘û1BëŸ‹WdÌ¿ùv◊√ÅMôô;…∂±"•?÷9 †{-ºò© vâ.¸bIÄ]IK„'ï2≠Í•Á hVLÕˆ|orPÛÔ!ÇC1LÛú™mò“Ç"2W`tıﬂú|U§ñáâ»∞êÇ@ıÇk"ÍaÎ/M2Ôiºmê∫∏ıõ@-àƒ/xƒ$ÃSœx.¢∑gﬂÄ`>fjøúå˝ã7∆≤vÜ$öûæÿài¡1ﬁ
MÇÔª7‡≈OgÔÛﬁHS≤è_Ôúê˙ï!¶æ;\abë=¶lL; ™àè˘éJÖıi_	aA`%ﬂ≈‰› D~^Mr<LuÜƒùäáŒ-Q≈Kx^≈}˙¬I“ƒy~\ﬂ	íKI&g4 CnÿÍ~ÿ,ììÀà+ÑôKÁÒë$]z€äÇ•@iMFU»0°¯¿>¬–±?x‚©XÔ÷k 0πdÆ'†R∂x·√∆j¥#«ú	∞ó7ı……¥rdD£R{Ó0M* V]ÎPD‚p‘Œb§à‘Êﬂ Ó!uZq4á(ö=8î¢gﬁE%„W÷(ß»j/≥ÓZÜ>∏T◊Dr<û0ZZB¥8x…“°◊ÌRi¿jV6Fux⁄∫Åf]'NA√¥è≤O≥0©AÜˆp˘ N«ªÍ`·e!◊)ƒd’ËL `0@Üâ&)k]ÍcºåVWÅjcæ±T≤Ì-Ê|a‰J5/sá¥lïòiX. ââíO©Ò÷'êàu-'X9®)ÈÇ"√	)≥°…R f¬^Ø#Ä±˘Ô$—àT&πﬂù‚BZweFRR©˙Ò˙À@,¨åï(≈…;%√ %–›≈‰àÑB‘êrbÛ	π"tΩÛÖQ∫tP&Ñ$úÇ¿
S˘|íøò¡D¿—‡Ê}‰ËT)±æ<˜éî¯"V}bÕ¥!‰ÛîëBZ"úà+7'83	´Zƒ2=Xfãjy»f5QÁ◊ú™¶]≠∫ﬁ:"í\`@‰ﬁÁåî
zæ\\Çdn5lQV,èúò8!+U˛Ò)∞†y/ÒâaÓ∑Å≥Iùù}∞$Ã∫û~uÖì »àÏ¯ÒÅhÕ€ŸÄìMÈ18dJpüIÅI§Y◊∑œØ$ï$:d¯)*d#|ÔO  *ôÜ€0{ô\(s»aà¢Úîxy∆Íëñ{»PÕZ«~∑k˚Œ.U%≤uH~
ƒb8æê„CKHqhL+F‚8¿@∏,µÅ9ô∂Ùc@±rÅ<ÂÀî §¿+ì I∑â<‡)a"éıÁbÎÉö¿Ë≈ˆßd8Ã5.ãN
d;=r·˚` UO?Îë@«@l
MÉ…:¿éR˝ò≥\ƒ‚JCrºÌúù¢KYŸGÌêƒ¢◊Æ2+,Ô!R%~T≠by∏„P(ö]£1î∞-„ããYÉt;âRD	ªåÅdÅìﬂú&I+GΩDcC∂S±Ì1A ‹3ZÎ*jﬁÚ˝“ÇV9èÌd5‚<bó0ÀuHûÏ˛πCÄÍ"<‡Œ¢ÁÓ„3Õ$îNc¨ûaôñcŒKL›˙„6H#Ç'&Mö°4YwN
G"«wÔ,|¿IÈÿèNÊOOAˆÀfíw^Òø•ï∑∏0»UÈ:p⁄db8<‹≤ÖãÅ-o◊Î$3b/∞—Ä{W'ûr8h
	<c •≠Eˇ \Ñh3«µÜƒ%!9@∞ò÷¯qFE¢>|«å@›¢Ã  @‹Ñz»Fd‹˜„zLR€ÉBkŒAÄ“·@	ì¢∏Lt?Wø9Ijç˝àäç√ÔÎ¿•£ËÅ˘»ŸH!"bU·3%$A"n;˜äB—&⁄‡∆∂®ò`°Ôõ»–`ù(◊XJh∆Q>ë¸Á	ôüI8…û`¥·Œ $$•¶M‚jE&ÅÛë§BüS—ÅòŸNÜ+Œ<îHÄÜcåp Ø*b:Ç=dˇ àEûNb∞åÚ°„6»Z¿NAã§'‡Àb˘s	Å√"N0â:ZìæÚ@)–πæp Ÿ∞jz=‰
§Öøx-Hæ)ä˙÷≤"äP˝}{… í¬X$˜Á*ß;Øu"K49èùÒé@À# µ„˜ìJ1K«™∆X†ç◊üıì80Jë 5ÚbjE"A§ÛÎéå/U«€“âXxØÆ ƒ*y'W∆Dœ2dŸÑ=p¢[›ùòd&√¢"¸b 4¬Ë6Û8m&SÌÛÜªU@∞¡F»w∆m§$x<‚öJAp8âL^ÆáÃœâ¿`Ë£ü.lî8I»	√y)’DA≥√3ˇ 1
Q’_FëJ¢dcøY ©ÓËGXI!04®”ä•p¶Q4ã]J ¬2z˚` √q«?∂(ÚTLˇ iÓB"˚ÁútôÇÃFÏÜûqv¿êû/&ƒ’nuzáºõ>…S	_ƒC+É+É@íkÖ‘d@%ò≠¯¡I∞‹Ñ§}ÚÑI¡˚˝e√º ¥zÎ'eU–)Ò<d•H”Ö»p∏9ò%ãÎÌíO+òÍ1IC ¬À≥◊ú©ïáïq¯√@aÑOè8®¯ êàçÒëaLGî„G)5ã-äsœ˙p¡äfÒá~Np∏RJ”ÔÇ}éc+a◊sâ
P>gÆ∏Fπ|·Æü)∆Z~º	Z'í7âZ%î$!˛öƒ≠ÙÍƒd
“Ç|o˛N+QF∑QÜHPÛ2„√êN É#òu„qi¢ihwä"ÈeõN$ A≥IÖ˛÷0ft˚ÜA&QöÅ˜çI◊Õ<iYŒ.`0ã\zÁ¢cÃd	ä]]GX∫A¢Jè*¿ÿ∞T∞¸±IPÖíxÆ∞îº’FçD‡N¿a‚˚sbçØøYí˜˝Ûà¨XOÙƒC,Ñ‡úéH—U%Û∆&R¯üc‚LΩ:'"K€´ıå(Ñ§§H¯ 08fﬁ@œäzÜ0%fœúXπ	…på2÷£SîêöD¸‡8ÉqÎüŒ- ¡X8©q" ·NÁ&ÓH(±ù¸V+4J≤´∑ì™~ÿøT0üb6
Ω…P∞ç'˚¬ñD–NòÛ…Ñ%9$úá^ÒjÑŒ	Ç®"Ω‰HcÑrI1Gáìº§>ô7#?ÃTÀlﬁ¥8ƒ¥ªÊ`‘‰ß!"{ƒ¥"&Úaò/OkqÄ‡í†û∞¬BdÜ˜÷@'ejÛôºâR&ª≈BJNb8y¿Gí¢HÒõAº|3 …‹ﬁ¨qßgxˆJ'ä9◊8∞$#˚Æ„`¢T.Ca@?+<Ãû4⁄n;c¨`§&z;>0"$@Ç§á(£Kπå†0}üºø„R-v	¯≈ÿVi¢‹ùbA.uy6<ê6jæz¬¸"ÊVßcà
À¶i·0F–+OgôÜÜ0ê¡ö∑ßVÄVî94Ê»A$ÛcY#¯àn©úéúÑ-h(>=‚°HZ># Hç"|⁄<‚X£*gÎá≤îWÖÿsê
KÙi¡†D(,·æ+LPâ„åÄ∂ñ8ıÄ`X€Dö¯yƒ-Tú&îü9†JåÈ9ﬂﬂ ›#U!-©0Q 7·=ÙÛÄñõ"‘˛‹íÖ4Ÿbç~±µÉ0À◊ú!H Ñ‡éì˛a£,-!ä|yƒR
î!ø^sÅÚ ‹˜∆¿€¢rzéÒ∏áÄm"M7∏C¢Is,¬y»PI‹Oºmâ Ra·9	«=}pçM%ÆæºNåR,I{ﬂ˜å§I’¿∆D∞ÒqàÀFúÅ˙»ë14ÿ`§¬(Á∆
ÅFÏ°äMù`TÒE—f
Ç.ö&≤„S“`ÆÒ"!oGˆr!6ìZ594í∑MN˛≥íK⁄ù˝1)πJ:wdfàa∏⁄<x√8µõ‡rPìFÓ˘ó&Cm<≤k©n›|¯…ëoﬁ(ÕL≈˘√Ñ™uZ˜ºRá!∫˛˝1 !€W9jptRèÚNˆÓ2Äë†û7÷AƒÄﬂ”æ∞âv√4?#¨å1*¿(ù8Y*iÑzvrc’˝‰√Ò…!ìhº8buê,Û˙¿RÄ.#µÔ‡∞ôüœú!HKa„∆*Àl!Èl’cwÊ8Î"ﬂbÉ•AÌø∂≤öÄÅù€„ÿ≈¯ŸàB&é∫»B
 à_÷ .ÿ„È„%@d†—ˆ„ Q 0ÁÒÖmÆw„dE’<π $öæ‹DPjÊ¨˘„"6&R$íFFN"°Iπ«8hók8âLœÚ%ãêlò5≤z9cáR•vw,\ô2¥tı0‰*\Úm8˜ÅR¯h‡ â%€∏Û÷|j≤¬_;úÑÇ#”PaFà+ÒõMû49≥Q6wÜ*Ä@x}¯1$t"˛>˘ÿ-a%wŸå°H∞/èå±êâ∑•ÒÖ)§õ…R—&^è=¯¿b’Ÿ<‚JRÊLÑPH“Exåq@`áBõùcêK ‹¨tÔŒ-,A :ÛûrëfπB}Òâ`ä9ê„ñDªCÔÎº$è1˙¡
v∞9(ùëé0"ƒ‚=åÙL’7äÑYë‚8∑â«]·r„8*J›ØæÒzX*n˚ëeF≈∂ÎŒÒ"»í6ºG}ôªÄ)&?°ˆ¡CH¡ª1‰’ë(÷@£<=ÆHÙL4Z◊ìXX*[cî⁄Á|e¡ßN©Îπƒâ$gExâƒî "®6ç∆(Ü(C&˛q#-ùe¯lhÄø∆Ml¿¶È:∫»≤ıpè)_∂%í‰˛∏ìT~[2å	:æ#”Ïfï”πÚ&≤à ì¡x˝ÊÙÑ&#˝∞»Ä¢XrÎºSUh1è`XDó”„¨.à $´l:ƒ@Äpæ?xjZN˚∫ˇ YrAˆª˝d àR|ˇ ÃrÚú|<tdËîÇw‹aFv ;„ä0‹ìD'ü:¨3î™¨KWÔ,@8ÿa$ñ ®ó€∆1ÃóQ|Oâ¸b®$+æ'èxC.‘(kâÔ#$ ˜„∆( %ê≈ÔQë <àä‡|ù`)+4% ¯?b§§À∑[Yvîò}dÜïD”>pàa@¢Ïqâ)!JYÑÔ÷.VŒ/Kvb∂RX¥.+ìTÉ/G#ºäAÖøSÔâ&fÇ
˜,ÉYLJlÍ_∆Deö,[®;ÒÜ®û√„.§ÅQ˛ö¡»Iœ#Î¯¿ô-’ÒX“ê1A≈˘¿≈ê∞d=	)ÃHîô·÷Pkñ’ß∆ñä’L2’¿°d—]ÃÛí»¿ôèœßà#n˝ÔÔí†ô—&Ωx∆@Uuwº$î`÷¶π¬Î°*™êRn:∆+)ùÕﬂ¨‚¢&tô‰¿Dà"µ«sÅ°,I+Ü‘…Ëè$zú%*Cz»6ÜŒ£πÁ¨PÄÑ,”Ä¬¢Òuåú;±Ï§n<«”&ˆçQ°,Ñº4ô
,D¸è(á´^2ºÄãYV)T›0ÁAQ67Æ≤I$•E'>„"'D;
«.ÿHj5˜÷*¢a=9ﬁHûóøÊV=©b"≈˚¿ÇÑWl’ˇ 8*´⁄?ŒAR2AlXJ Rßõ¿»≥ÿ‡
dÕóﬂú±wíúœúxÖX∂Æa¿É‡p˙»‹¡-´ö§’ÎFEJ˙NFHCΩÜ‚oåá"ËòP©∏òúê¢ñxu«∆E-âIò:NÚ9´™IOO1çg(YùïõﬂÄU;æX±€©6zå H™ı 9 B-!»jZ(['Ô&®“S˜ﬁ04Ö‘M˙ƒ∏‹–Ÿˇ sgﬂÃ{ƒÜ@ÃQ÷ÙÒÇ€ZÇLEÉ∂_XM—Y¥ó'smΩ¸‡HÜƒ·O@‹xc÷Dlí√øYºß$%ÜËÙ‚A≈ÑÜ&"AÏ #»Î4†XÛä ‘Ã!àH˚≥$ X?sGâôEèLD1s˝>ÒB¿.YûOıíÖbuº{ƒÆT∆m .∆,`©t©y~qòöÉ!•Î”+U„)3iﬂıƒIYîJØ>2VW	c◊û|`I®à!ùaXÇiûæ√íÖã"íı'iÄëÅÖ8åuà¥mÛ3ÂRÒâ[=¨Zx^$HöÎÅ„$ “(œìÃ`ÑôjSÜ ©¢6¯#Ω.8ÃÚQ+Î!F‘:'OKíÄ¬…#ÕFL\Ÿ3œ√å'ﬁ¸‚úÑûpà;°Ì∆‚´éüC0@Ö!ãﬂÆÛpEb%ŒúgÀÇD∞÷#£H∑cŒ| a≠.KXÔHRÖºO&WÊRYp‰Ï–$˚›`%&¯ cè˜í=T0Éa˘¡ô’ë,êïx "◊$~ÒêÇœX®hMHºOMÂ•%|˚¬ïT(^ÜØ"*◊gßÛààQ∑ÈêVmKv\&-w3S†N%‰∂íûó+Ë1/øéÚh*Öx˘8ph$D(yö≈DRJJX}∑dã´0
ı√Œ(*ÊM´«Uní%∞:¶0@bä√ô˜öÇ“ƒ≈≈ØUõI≥Ÿﬂº$◊ë+áâÔSMàaå*U	$Æ5†ã0JÙØ≠„îcCŒ&dÄ8z¬N»0O~Á%V¯uN±àa
	+û1+™Lï™{´¡2Lîë£DòÍí uÄP≥ﬂˆ˛òïâxø>ràõ¥◊~;„"§ÕáåC[ykÛìõÜlYåí#NˆWf´É"	$“mÆxB?ú≤Çp&≈¥¿ÃKrf‚VÅÛﬁÄêHj∆Dqö√@Än 
≈‹"íL'∆3EíT€∆;5	ı'ö˛…∞» ¿¡yFë5yÛ„%P4ç•p¯Î*Æ ™K≈?º	âxH¡]y È|Ûë41†É˜;¿•<àÒf"6AdOÚd"ö9∏ãäpN	∑‘?Œ,	î7∞p!ëfﬁøúdéO5ë∂ƒ1f±f|ãø˘(Z∫œ®<Ó1§ﬂ#˝d)úâ&Ôúü!ímì"áK]G«Ù Ä
^2ƒ´$ÖøÔ5C‘ØáòÅ≤"∏‘‰»∞—£f·¨ÎëÖ¶9ÎÃ¿¬¬€„wqç'Ç≈.n2íÅﬁﬂHÑ…C‹Eyƒ#d*#j3∏˛r/0	¢`ÒJ®~bÑÛÖ¥§v
ÛÄÑ9õÂú (Åòı–‡óπ:ªj0ÅQ7ß≈aût	Ò÷ ôÇW>v‰A∞Gπﬁlò¨“xƒ ù}3]
˚_€U/¶yôÔûÚòÜËÔƒp‰’>cê‰>±‹eJWÒí¿˘‹◊”¨] oËŒCDí“©Îh]8Nv$*C)3;¬—
≠nkx9&V£÷4$ÔèΩÛ„–mœ∂¯¡[DW^zÒçÇêﬂ˘»¨aßˆ±%	LxÛâi<ÍQ !ßπ˛˝r&E-ºöÉU#…ms¸e¯ö@∑‰˜…äÑd*|◊åf§≤w«˛r ¢ƒGı…SKyˇ x®Eñ°‰åQÓEÚ¯¬( «â◊◊'`n§ô9g¨K©≈¢÷B∞Ö"©≠‰≥	v+îE[.Fàè|‚ó!¥ÇbËép3 û(˙b¯l™NîïSEPŸm&{¡
—K-qŒd ã∑Qºæí2R`qâô√Ä[úàº5"ƒﬁ&Ê¥˘áÚc4â3èOX‰@S6xWê‰‚ SØI≥úÄ©≈ﬂ!Eí!yJ\Ù0ûébb∆°[ë}e`≈‰ÏyÎ!!AÁ˝`îPÕ>2FâÇRûîâ√f6hLk˚ºèH±Jlé"…TrjÅ}qôù(êÊ"ív8©Ú* @Ö¬È&˜ÑŸBçª’ ~1TGv’'åY$®G‚Æn~1P2ÖßƒÒW†eIáÑé1%0EP°„xu¢‰>˝Â9«¥¢¯6dcôÜNﬂ÷CE*TKÄzp∞;f´ïòh)Zúzﬁ: Ö
ÿNßåh©KÌ†Gy≈íbL®ñøÔá9EÎ£◊€r)‹L<éà#"SbyÎ/¢bFﬂî~˘«˙^èA"Ä£∆) †h∂N„.≈(zûº‚ ≤, ÁÌëk!pxÛ¸dHNa/Á$ï€0;úvJ«û„	%›@uâì±œıÎ§ê∂æc˝‚R…Êfˇ ﬁ,¢D Ø;ëBLLOSºÜ¶{—&†ZbyqJà$ªd¿Äé¢Wñ=$jF‰»£Ö˘ˆ¯√àô¡"vÂÅá»û·¸‚/:-≤|qîRFé∏sóA£
ö([iï*ù'`ÛXÏBíÎE√! {A'*Lwê<Ñ%*&˘ù…àx€âb5úrBv[dk$Ωú1¯Á®7=ô‚p,ø≥¶(·.wªˇ ôR@®ï«úÄƒiSºI,‹ê¡ïÑ∑îV„©“¡≤%IIä‘∑±Î÷0†M»>8rDTÄûı¢pL@@b:‰¯«DD=Îö¸bŸç	∫ìò0Ï¢;Gº=¿"E+^∏¿J-lu>Ú	íΩ˜ÌŒ–»>F»¡}D$['æz≈Â])§˘E<c® Œ÷´÷Y	¿<Á$Ã»1Ω˚ÒåÖ∂l˜Å·Êª»Ç$ûßÁ§$&˚˜ÇAKA⁄0Ômè[…ö§H•Àâk«+G∆2ùwˇ 0&~ıi∆$À0ÚÚQR¬"˛cêDâ⁄>ÁXÑ@GF´ıêCPì◊åôîI‘ËÒÄê §ñÜ7oÜ.]Î}g  Eï0l 0ø?·≤lÍu˛Ò†BK∞V*BãN‡†èŒDHµXú Ä≤q1ß3∆º`ë ]ùØÎ7ÁM÷ªıÑÅö7<ˇ ¨Æáøƒ‚qi ùûp PQ%Ê;»b∞kcœ◊Åçƒﬂ~0™YÎtÿâÁ6*“~˙ıàï;Ì?öç&á±…!∑uÔè^rôkLÚe ≤§òﬂ3áX≤	«x1Sa≥¬¶B4ÒUÎ7“hâ„◊x÷Ñí#F\± w¸‰ã1t∆¸·	⁄[ÌãÎ7X‰&ßKä ·E[Y°ßÊ¢ âIàÎ$ZÎ˚NJ»ömg˚∆B«ØÜ:…îEG…ëR>¯G nñlÎ9—ò-ﬂyCmË∆¢ÏNNÉ-•ô˘∂
 )|"óçÂ\ûK17ŸÖZra®•w!º0(≥Ç4'ù˘pÎb∂G±bsìZm-;ß
Aa6®Òä”Ô◊å§C†CìæKá=´&˚8D≈ñÁBN∏…&í
(ôAäîÔå,à)t…Œ!úî≤Gìáå$L≤·™˘ÄI9èæKç!d-8Ñ≈W˛∆ƒc¡ÆΩb≠ÕÅŸ˙}≤päC^kŒ ò!ˇ XÙãJ∆º†„∆7`B¢Ü√èù·
á Ÿ%^≤eF!r¥é¨$Dæ	ŒL Wº¿ﬁ¥4‡›v;îåNFÍ™<XÒÇä
ˆŒºwã°πXª2`îõéÉ…áŸuŒ$pNˆıéA∫¨™t˜ïÂ[†ùXÁgë#πénå‹´„Ä…,∆´ÔàNÀ Ô;(xÏ0FÇû
æÚH˘ä˚‰É<ãåôÖ$	¿x˛0HèHÒÛŸÜ`B¿tÔû3Õç’§!rº,“Nù{„â"ÖıÅD!…Ï;Î$lD¢x≠‚¯ ÄJèƒ“ò})6`"ukQ≈(¿úxô>HÂèñ&k"öB–ÜÚGî5ès
–ßúöe7CﬂåìN;å÷ÆÊÃ‡≥à∑x4@ók¨Ÿï≥‘ıå`–r5=^;
Fe1Òâ7@a0vü∆ùJíH6NÔ¬ Ÿ†rY%Sˆ¡¥dl¢∏∆tÖ•&πø∆\*‡”ÀåÍ	è˚eH!òr˙6p
N$è(û∏»Ä)ßtåjx{ƒ0∞k∑%fŒé1†ŸÖP‰xo$”∞û&Üê·9|ùcª§@Ã%4¬¿ÀP˛ºò™»S—ﬁ±D!‰ªÛÎF¬b$≤DƒüÒ…H9ä≥SèO∞‹˘q`∂ŒLøl§&¶¶‹?∆1êƒ%o ⁄'£ﬂY_Õõ…6≤Ñhuùƒ:rÈ	©qÈﬁW*N˚8…©µ∆C@Úäì˝b÷íÏ€ﬁπÀ`)vHºCbí…ÿx»íÜÖy=˜ÇfÜùúÄ 1kôLD⁄Ç˝π)Jz:üxÌ"æ«Ä£IÁ¥B`IjÑ˘Î!*€"1  É…¥2ﬂø9M1,û±·ΩK?ºÑa-»≥º
J>FX”p))…¸‰≠'‡#xÃBê'ÒÑE—[.kHQ,Ø&7y,˙Dª/ôÔáóM'OŒhÇ·◊∆@¿eX)”=‚"¿*ç©¶L®Kü©Ûç5^∑˜ìµ≠EI‰ÜAÖMIÿÜR9Ïƒ$ag«/ú{(¬ààÔX;Ç√lî‚ÌmèõìòN†w¯…‘ 4±®ésX“|%πN1ªîÌ{ò√-Xˆ∞–(©‹`¶HH⁄∑∂Ü‚ñY'érGdíJ≠sìä	ΩÉuàÅ2r‹ RiÆ·„DK…∂é˙»Kä®Bãä5`áø÷%`\AÆ„ºçÑï¶é˜á@îM5\ÊÔHó&ÑéÃQ)‰ÛõÆ+5Ãy2ŸR9É¨b@`1º!∂¢—ÎXB±ÔWÁëÜX_¨Ä∂å/ƒœ}‰&©&	∏zq
0:NÒïj°ŒÊ9»2Áƒ“sı¿JŸ¿X¯¡k	
ãóˆ»FHT©ûs}â∞806ëæcøŒ»•À &»◊X"(NÊnÿ$ Õÿ>F>Œ.(¬K|ÍŒ¸‚†ï™U(ÙﬁWŸ#ƒ˜Ì÷XòânÂﬂÎF` Rw˙»	 )≠G_8Ç|≤ùK√˛≥öÁs„‚„ÂT‹q]`90«]`MíΩ◊y•2&Pø)…M&<∑˛”+%ueú,…KÑ‘_TW5ìÈ÷]"n©¨çhç∂màÁèOAíÕ'N0)°ß„!±X©;rí‚‚•gXÖ2G«xƒû9ÍÆ∞0Ä⁄
˛0p©Ñ‹ÒÔíÖ?µÄ"*èíÔ’ï
%„«å"Öb%≤%"#a¸„%ïhàiè0uÑ¬ÑExıõ Ÿ{Pıåm)Gìsu0ë(
 ~±Zá≤WgæÚML´≠ï„÷$™ñ¬[		Çjr®q§m»Öi%®ŸØQÖ
Gq8ÑÿCπÈÛŒA$ÃL+´f&CÃ "®"Ú ëHÑa¯;¡ì$EPyB>òä3≥/_å`¢†∞i>Œ0	öﬁµê®≥∞ÍÍå"D≈%¡ß·…ØÅ#∆Œq&Ä¢◊>≤"¡IH@vñ#
M}ë	¬ì4√ægåà(ílπÎ%KR1}¯ 4Å T˘ƒ`»4ı’80ñïw=∆%P∏ÜÀO”ÜùÅs∑≈8ΩŸî}πÒãQY}∆è∂ZtUº’ÛŒPØ"mG«Á à¬Bò»RÖp«àr¥≈›ÀàIèùoújáaU^1î¿§π=ÒêëPqzì44ıÁ
†`TƒgÑÑú`RSÃ≠\"©ê¬)?ª√Ä∏¢¬b'â_óúADJ¬uîÉ‘ﬁ∫ Àπ›Í{ƒf‚Õs≈ôR!	m=ÔÁ!ïç˜∆L*H,GÉÕ|eÛ÷Òw6ƒıºTqK)6ï∆-·_M∏‡!eô∆ÅÉw:0 [!X®¬lçkvQ'>1K®ïBÜáúÿg~5|cç≈ÇdMz<b ¢ãﬂQÑíAozT˝pÇBß(ô¨ à P©ÒìR°• –´1ÖÚëÜéI„ BËN#ºúQÎıöZ≤ñLHÈÆpq®)CôÒÛãyDÙﬂ≈‡êDOß—…íEe\%…ä#A+òL~∑Ç‡ ªxoÇÈÉ¬9¥Vÿ5€[è∂, †j}üxÏUBëÿ^p‚Pÿ÷¬ÔåäíE</}‚u¬lOLfAA
â‹Ô«8uÿRYBxË√ãUÏí><`ÜR»ÓO√êJ¿ñ_˛1:…ò≠°Ã~pÊÉxÛÎ¨°/ƒlô>õ0-ÿ§e&·2hô Ö9aBf&—»˝éeµvB7Ü©¿5œ]‡,Ñ'îJb°Ç"Sõ•:Á/B–JdÛRòÚ V˘û›8∑•Jˇ ÃõOÖ]ï◊ﬂ

ïâ~c^pJI∞	TMO;ƒd»zª9=`(0Ï©^Y·ÎŒ„Æèh†∑66d0Dx‰È=Ûä ∞Ù ù˜8à∂¯≠Gn!Qàcß˚x)&zÆºD‚æYS9&iÜû/%»∂-Á®⁄ò7ê¡ÓıÁ+)z˙?∆L
,”:Cèú©›ïmdQáìO?⁄…Å&¥íì∫Ò◊∆!πÄK¿øÿ¿îG#©—¯¿3çñè∆ñ˛ºy¿òP5?O$≥KÙmr„ …∞ÈÓ2sBH0ì£Œ%å\;$ócº í∞yúPÄÙ¶ÄjüxõiG‹æcºí@"Dn#ÉòÜÚxıäRπ–,x0AyD‹¢‰ä∆L†!”ôé±,Æ&ãƒe"{}ÒbU∏Ø}Œ I•"¶…¿ålJ4!π±‡…ÄGÇ=Mû; ã∞’ˇ uì 3Ój∞•1LU˜≈î@ñƒª®Òâ,ƒkßfL¥@wq.gûLõtÉ\Õw÷C’≥ø∂3X¶ﬂ$·åxZ‚kÙµF;Ö{{„Áﬂ!Û«„&∞TXö¬iÙ/Œ!ª Ú[ƒ
QÙﬂy ïe û|`…ˆkÔÇGa3¨≈◊Âƒ¢2ÛæX¬Pd(—ß|e®uœ8ÇCUy‡ÛÄVÜí„*ÿÔÌÑı⁄œ¶/Ø˘ãaI‚!∑Öπ`BÍ*ß¯Õ∆j‡∑˛¯»n2‚c–*HF·1¢R*8È\‡$	πx{¬zâîù\€Œ2îY]â˜êH´íH:ÔÌì¯«êcWŒ∞ê+ÇΩ¯√zÂ&≤"ƒ i◊ÔHÆØ˜ê <´Æ∞òâ*Ó}ŒPL%ﬁ#Æ0VÇ[ﬁ∆8ùﬁ¶1@o°Úd-7ÒÜa¶g`¯¿`ÜUx\=NÒ0Æà≤^±íò©ﬂ<9,âIä˚`3L çáÀ‰¡ôÑ‹iÀ∆Ú2ÅqƒÒˆ¡0)P¡π8?8™&) ≈˜x÷Èê§T»¯·«q°‚h@◊›»≥)\«æ≤o"ê0∏…RŸ‡?∫\T•∏DÂøúPå\ZΩ„ﬂÜçUáQ≥Ö≤ê‰\‚$\#M&˝·ÄDô<HÁ	%á¬`⁄‘¿v˙ﬁ I )π±ÜD@ÄàOy4™U°mCÁ Â!@X ß⁄£f™Ïƒ'Òí8Å \ñæ0i@îŒ…Øˆ9¿µ!Q{∫ÈÖ;≈Mn*wºH42/≤Æ±©IdÜ'ü„Âπ!*1•ıçñFÕ'ízÈ#qãÊQ	ÈÔ)¿ÀC,<Õ^3I80Ö…Dy¡ÖQ -√ı÷*,ûE“o„ aBD¯¸·A"áO1˚»D!,ÍÌ<„È…€à§≠Mb—BÕ„ƒ:¢aËMÆÒ4v76†q[;ƒ!ôK&•≥,≤ÿSƒ„Ùí	~n8Òê†PT‹7àéT™©NÔfÍl#÷9≤ÿF+|iô∆ê≠RË¿ hãa'às„)É¢/>pPãìr˘¿vBH¬<3¨ÚÉÖüØ82$í%zÌÈ¡Ñ¨≈"u,¢ÜgJ¨V3	IÖ‰Æ‘“kÁ8dz√Z§V8›-îEsã#ƒ,8,Í∫…1Pƒë3Õ˜ê ≥T)Ï˛2à§-ù{¡f…!-¯Á)R#Gâ¿@™ 4‰çwß◊úU"`%èüò√è$ÑµÚSNà¥àNHéΩ:Ó6„k©M"†é:¡&∆âŸ◊úòH%®âa∆í¡√¬.ÄÁ( GÙAt<œÓ∞ñ	™à†…D&Yì\…gî”!‘¯™≈•rWs‘˝≤†	É⁄
qËÑ¡–∫#¨N»∆@]∞ö†öƒJ®}ÛÁPàI,ﬁ,!$ä2Ñ?úy@“-Gúdû°\∫ﬁZtn¿æºaF÷e–dàîAN„6Zâ∂âÚm≈≥!q0BFaC≠` ñ7Ù»KH;Ïeóü¡‰ª≈Bëãz˜õEI‘»·èŒhi©y7Ù¿4 "caŸ÷DÄj~Ô0≥$!´Úba[&ƒ‰¥]o•ú jº‡zL¿'I√Ñç'˙~Ú-åB/Qá%Z:>üdãÊ»üæHÄH≤oèæ&Pj¯åïh9nè„Pó'FÁ"éìÉN\hâN„yH,ÔÕ¶Y  ‘ûy¡9 Søy„©OÏ` °îu=÷H$A…hÌW'`†òÁΩÒäÜa≥QÔúLÍ ó?úì%|<x»a·Èßâ≈c£r3ÒÑ‘â—≠DÛÁ(AYô8Áç,5Èåê“:gäî<˘Á {ÑcÁf¥

ëo|c*qU^19»j˙ÛZÌn˝d–(üıÜ9«qñz™ë|t‚ï	JºNÖ_ùd√¢éÛç†#h®pó7§@Ûo¡«≤yÊÒÑ„»≤)x"$∏Ê"cæÒ 1Rù®uÄ… ·≈EAÃAsTû>Ÿ`byù9)°‡„ÉpÏõû±:∫Â•]b@ »!ZÙ\¥ö¡˘ÈÅñ'PÛ¨úüAó%ÒÅ≈õ8®¡@l∂S/‰3~@G†˚d»1äùµÿåñ2S"Eàë8Î∞ﬁg„Hè9Gn4â	-4ù∆‰'∏» 6!V∂~tQΩmè∂H\!écMz€ó1É%≠lYƒb3&!´„¨ )@àıÁıÄ ÖcRp∏∏Çf^∏C√ ‡íP»√¸Áì	ünp"∫£g4œXa®IÄ.*ú·â*V•tuı∆ÊhﬁóƒqI¢√='å
ãaT„äZ∏"®ry2Dç¨S—”øûbzPSõß°và÷∏»XïõÒQ≈ı8tMØ∂6q‚ê5:P6ƒNÃâFáàwÎàÕa0#hvÿªﬁÄ-•—…úpfîv˝b$î&Xçr¯∆©Ç–H√√:Á ò•ì”Î√w%~Læ^qÕxƒä2iBˆÍ3úä Ä•®Jr√òZŸÒëêJ†G~ﬂ°\(Á√d√'dı∆w—@Å}·â®è…ENÙ√Œ[;Ab4ﬂ2Véœ\‡≈˝2ZΩ‰È%l,€˙«FH°6#À≥JE:F‰ÒèHÆBñ9·8q5»âÚ4úeËÏ‰—YXÊf=˜-—/∏]d‘v€ÀÌƒ)d™\\3âD“a≥Œ1@ö%Ò<„@+ëé»ål)‹k˘…»G√¨ê1≥iÏú‡òî nÔﬁ. dæ|ü8ó …∑U€ÉXfõkô»PAπòﬂ9;0ã,á˚Õ$ 6ˆO÷qÖêìc^Xn™“˜®XÒRŒ¶6ßbA˜∆≈˘qæ1‘öDUì5ì√ìptØaÜ∞WëP[*aV"ß	AÑe7UÎ+—∏ˇ ô;íFf·çó¯¿Ñ1ƒNª»ŸÖ5≥ﬂÎ!N…†~üfÿvøKÁ6o3Ã#¸wÖå@ âáÀ$`VöN)t·;Ü¶0pöt°©ÛÉDTí∞|‰l{#§|„®ƒöy˘<‰·HJü˜ñi=nû'º"VâG}ü|WJ÷◊«s¨ãêÖàMœ¨ëME≈Ûƒwëyß«◊úcbvHéèå"ÑÉ0[\VDGHAù˝˝‡Ê§zL<ü∆HÑH‹ﬁ%,â^∆„∏Ù
µÏÔéA1ÃRâ—uçÑSIÎ¯¡A)1«óbØs¨UW,La A˝„è!ùºH @©ó˚˙≈"ˆ6âìÃÁTEuÔëùê≤RB/„„,í¬≤ÓF‰∆(‚w÷Dú’oä  FZ7oS˜À˛â∏ëzO„&Œ¬M—≈Ám˙…Ct,>¶ ñ®π7.
›'÷Ï¡VE>LD»â	{˚‚êÀÖGS˝ﬁ8 ôhìÅ" ¡Û¸„ÊÙWê®…ô4–%˛÷ "4@∂ñyúí“ﬂ3£Ä—ìÌ_ºôMÑµŸ™∆D"¿Hè•JHiàÎÓ‰ÙT∂ì»M8¨a‡"·ÀﬂXÿÿØñqÖ≥Ü∂◊bE∏i
 §√∆ì'*4Îÿ˜∆ •L§4Ö‹¯¬T3*'Xs8Öxè∆3Äm±?©”õG :x£æ≤X	©»√H‡¢à
&2ˆä £Á+,Ÿ.ô¬ló.ìQ…ÔBhì‹ú`1RìﬂÇÿÌöS˛‰®ôÇËŒãÛí;ó!	ûU‹uä1P¶Ωc≠≥‡c5≠
bj˛Sxfãp˚«	ë≈≥ÿùıÑH%(|◊Œ	ñ%eq#2TFß~ÒEUò¢ŒºqÜ îægúd"à\®˘«ËH¥èúm+)#óKÎ∆H"e)∆∞ï5MΩ;ú∑ittñt‚)Bµ¡Î¡ÄëÜB<Û\kâ†ÑøN∞†l"f«G8êV¶jI¬1°}”«1ﬁ@XSèHs1z¨  ÃJœ„6ÈE·îD◊X·Q`AA˜‹d%ËEíñH‘òU]å‘M¯÷F	 :…™’N´˘¿√¬ÿ∞@ÇA≠1ÇRîx ‚ÊÅ%Oò¡
Y’™3r»¢ï1=Ô∞+≈º≥B$õüg5ÇíE≠Yç}≤b ã*π7Ûë$d«·~kƒç•˝ÁÖQ£öÒöK∏òπr@RØÇ5‚¸b®
ÑÅÆKˆ`Á2dÄ(Ï¿'l®Ÿû√N-øoQlò∞¨g§£Zƒ…ë}]“éÚ¡»÷˝o2–‹Ò„‹„#@,úœ]¸bDÄ aåÅ÷n˚˙…I(QÄû©„!‡º$ê9„(haÉ3∑¸0≥¸cªkπﬁ#NáÛèë§T•Sf±ÿòJ¿ÇÂ¬„XÄ‹ï>?úí»W<|& L
C™·ÛÉJÜãïù ﬁ#zë-D$Ö)ôqãÿª®E÷&î«}ü§ç≠÷∫˜ú◊‡Ò›˛0+¢/ºé¡èÔﬂ$©ê!˛»JYeói€Ô†+H?:∆Æ¬4Îiº'P‰!ÔÁQ®;÷Bç ¯Lc´ß&ë„∆¡ÖπH15—Ä>F/è8'ƒ⁄¸Oﬂ°™€0S	Û{Î÷ ï%Å‘p‡iø•{ºDîÑÄ}òïI_oŒ¶˛∆Ò°Ã!HÙ˙éÖÅ‘s„Dß[∏ıåYÁGÒêŸÀ>óŸ¯q%¨∂K˘1ï"Ou«0ñã*ÛŸ8ÑX}∂Î!dd%¯ÛÁÜ¶bbﬁÒ%){„◊ÒëFÕY¡àI>Õ≈Áø$X–qŒ%ìXZÎƒyÛÑ•ÅÑ•;¯p50V\”ã÷;
æcß¨	[Iä¡@í dΩcL1Å%?ì÷I"J’b•–éO&H¿,Gâåö1HDírx|·	
î>Ê3B ˘?,çA)∑¢^π¿àÇ¶mè5Œoïh;NôîÛÖŸÑ¥«æ0•ÉbjO=òê¢™44õ…Œ©≤] ¯ƒÄõ-òYdvB*cÆr‚â‹úavZ04†q€Á ê∫'oº*Â!"#ê¢ÂÑ™™Wß7 êé+]‰.@ƒ»QÈÔâ.!ç9â—Áëìz5ﬁ((6Úœ1çÉd	5M5ﬂÁ HO#ª®é0”jS›ÿ‰Ë¢&cJr“Ïõ?ñÊLoú!Ω⁄ÿ
kå¥U‡ ŒSp∂ë8 Ω˛œxS)NÜà÷øyä¡µì¯≈ïJG®;ó¨¢B:S^˝‰	YhQ…Y(ÀÎL¿ªvæYIG€ (®∂]`_Å®5 ÚM934	«Ì`&ÄY∞Sƒho¥(ÿªÎ˝b¥$%ƒnâIù‹ƒFñÕMÔ	Ñ,%&∑„Y' √Ô;ùbìQd6Odk∞	ÇÀ√âÑÂ˜œŒ Ú"á˝aÄ^≤“ÊJ *É‡∏°=1¸‰-ë˙ßV»7NAŸat$=È¿Ïí;◊fÍÅ3'ì¨8!e`N>:…âãâÛÛÜ¿ñ fûÉXä,ÉƒrÆ2J4$Æ7ºd,√¸Œ å°°ÅÉd«8A °¡õÎå	R†tÊ[ú∂Í©[<æ1I"©«m¸û≤	-Lì…îI		=ﬂﬂ&
F˚E‡1´S∆8πQ∫øLÅ%a®=•NpÑ)(C—éTpADEnº`"d‚?9	-Üåy~ò†∆√É]Ô&P8I∏:”Å≥Xìò∫oSÄ’(Ñín¥õ<‡Ñ3!QüëKT©F∏ÉX†7íÈDÒ˘≈˝ß≠tbé	Ç òÿΩch	ÅëòHÒÖYô7®"œ>1*§©S¢>ÿ‘ùº§}p(•Úâ´?xCµíÍ>réÿ¬Ÿ&0$ nhyù~\çs’^2+§pK5>2+≤Lb\õÖ»ú£¥Êπ¨®m∞6Ø“?"a ì=◊7åÕHjWﬂXRƒVÔúf ãÈq€B5áÔ¨¶XçÚ|<˘»C√4√ªïË…T(Çó|Ñc±ì}AÄƒ≥’/‡¿dË
vqà‚ˆü∆Q1π^xâ¢œÙq0cµÈ≤ª;3À!ŸÔ"Q(`œæzrÆLKr◊◊6\aVB8û±X%≈Ÿr8µF“EÎıí£Q^
ãúKîö”∏˜÷:I‚Ó≤rFPÉﬂÎ“^åûúú7√‚¯¨8i<:‰»EòÇπ|dÿR∫é∑9)Q…”ﬂå ¿ãµ$}'Q_Ñ#bŒ	(ªEÎÁ/‡ÅØºdZC0‹Âæ∂P€«˜Á⁄jR‰˝∏ÊED«…ég# -ç•w1Ô
8^
Y&N Í.ø∫¿eHÉ–ﬁùûN2vç¥—WÒÎÄ®‡ØoﬁQÄ-»Jèx†Dâ◊O®†m¢«Ï`‰Ä⁄ZxÄp¡*§…ÚÌ…ÉR‡òûª‡3#Æ7÷3êF™Ÿ8ƒÿ†ÅOœ8Ò@i çπ¿H∞4	òÔÛâ&»Õ.|‡
ÙÇÙ≠·A°`≥3ﬁ!ò3»‘ù8™¢2BÈ˝8§:AÜßŒ*\-¨‡t:∆v‹Öâƒ‰	°@ì2zﬁZ†.ë£äÔTÏÔÉ˝aí¬ÀÁj<‰ˆëg¸ÀH‹µ·»â MåöáqÅkÄªôÛN!ÅÃCã©=)lÒ'–*íRr1-N,X⁄D>9@u?äÂ¬R†àHµ’Ü4w% ¿˘Òõ’wW€ ë]õÛ‹dÄB†]µ5ˆp‚DtHıÌÁ"÷–!& ßﬂ9Ç=Ø∫ÛâπYR‚„Îêì	0cEdg#[À£√≥X …5t%>ú⁄6)I'€\rxq$Ç7yhäÕœ\7X•	"D Ío;Ö$ƒˆ~ÚÜb"fNFLD[‹›∫úò©!M›8µ‘›’bÇD«‹ˇ yJZ¬ Ï‘∆„ÔÑLnuG~1PÉkπüpXàHêÄÁ8‡óêﬂ‡¿4#	r'˜`ÖÄô„Œp∆Á}N∞π]™U 	,!S“ö∆Ú≈ÇR’+y!†Hî~˝onñvÒ—„BRAò7E‚l!C*ûT„HK…·’d“°t´C’bÄ‹≥UŸÅQbWêShª¯«Ω@H=Ä°”x(§¡‹K±gXI)pgNæÿò¶+éûp$äCÚ~ULñÄª‰≈ÏAåºù‚íLXX≈¿◊{¡óí/8)„º ,†Ù=æqF9£WÀ∆29"∂CWsú—"j|˘…Èd*G„∫≈S!s¨XPKdª˛ru!'Uz¿í¨Öà›xò…'7 T‘Ú¬ë’§aÄ†“G>≤8®◊∏d ùÓ51DÛ"#m_Ü«¬µ∞ÀHÏ®„(@
⁄˝0
GÁŒ#"	PÉõÊ|‚Ç@˙˙·§K∫∂æò,§îAÈóJ	R»˛q
ò	mäπ›e‘¶2¶éóo9±ÉdnÕ∆„}cAe·0tûwç˝ÔÀé…wÂûÒ"§ òÛÒãTÉ|•Ø!õ% ∑qÇ‰„Z¬ÄÕ,QqﬂXÇ@2¢†:pÉ%QäÚaIU=˘Œ ·*GÆ±æ9C[Ãx£%EÆ*Æ€*ﬂÔ8‘)R F˝a(H6Ài÷ÒÂ©TÚ÷1Fô>1d2££H◊Ü*≈ﬁ˛‹d ≥±ácÎŒ(•ßÎ)1¢tbìdìw™üo9,œ»‡ƒD^ÂèÑcöKÃ∫åJ`N—Yi„∏DÑ8’.˝‰ È†|0 !DÀ1ŒDñëŸ]a$!ómøÿ¿üÄañO/8¡~>#!PB$atyıíãf‹W=·8G†XPòWúîÄßK>ˇ 8⁄'û‡ä{7ÖÇdY…}¯0¨î√•Ü”%ØPç$jıçÙ1®^"#|Ø‡çæYDN≈±˛Ô&Úƒï2‰„0UÑ•õyRh@%ØW.D)¢Ã)©ú9›ão\‡õ
!uzì¨™sòF^çìµíqäÍÅ‹¨D≈ŸÎÁ#{"1Û=cÌRnkxÄp£!÷ @äÖ-◊_¨ö4ÓöÒ÷°≠	L$$w0«Ã`dI(æ^æ0T…{9ø8®8,í≤&®‡	 ë:tﬁu@C@∑&Ò{F±‹¿áñZœòBZñ3∑≤»ï‚É≥\dö6‹SΩû8ÕLÃJ@H‚∞)ÑS¸‡âàÄÊáà–‚ãíÚkzH√ ÉtëÌ2#«[◊ÊK–Éj$ááúl^∏[≤"9N:ƒaeâú+ØÀ#P%⁄DìùQ¨ì,BRü∆%Æ©” D°HM%‚hAs&úå3)ç~û$Ss'Üz:∆C∏7∂WÌÉ &ÿræ}bX±∑$∑j)H”ØSº+WÖƒTÑ•©º÷2√1ÅÑ6GŒK†hjÅÖ»ëõ5ò◊…Ñ@L†MÈO8e °`ëÃ„±À<\Â»»“i^HànGA~µçâã…º±ç¬Pº˝á(Ùi√-|·Çk'vÑ≠R`»+6Ad‘Lê%hRã¬2ÿı™ò¸‰&å˜ÎßYÜ Mπº6ñ¢˝=‡Ÿhπÿ…¿U¢QM”‰»*xTà-÷_Ai6zı9à	.=b®‡L;]Ωö«—Â ) ∏¿[?±éÄB∆S*“Œ‚Áu¯≈	Tñ˙ÔﬁB§Ü¢ ^zúî™&j&ÉÊ3Ø§NÉÛyr$º©Ò«ΩdC1"‚⁄≥ Zù∑ílÒñ≤\Œ¬ÀD¸bDJR¢{è%0 ı«5êÄ¨71˚≈T$GXÖ2ñàZx<wûr*∂7>qF§àr%æ±È)mlçswÄDSf©ÛÉI‰ñy|c Ú‡&·á/åC"FUÇÁ˝‰]BP†X€Á$ﬁÜ∑Î∆. ∂‚I’` îbèüûL
I¥L‡® †¢˜}¸d÷8‹G8boµ‰§8‰ÒÎ*I@ØP‡Å¥Œ_ıí†Cπû^#÷Ò—@]êzØøåF‰‘’æOÄ*‘IMŒ`ë∞*u˜»»äÅÁ  πòøì)6ÓÑr}1¢ªQÎºåMVx¨D7c\´ºPU;ûÚ~~0îUû8§¢1Ù>∞"•‘A'üú&ƒE€—ç+HSPyÛÎÄL˙aëlÿ˘˜ã™óxÉº=Édaeö “pâÅFmÁÁ C0∂9;√‡ÛØ;ﬁÜòÔÒêÄ»:˜ÜDìS-¯Óg"J]úyçπ€Ló^'ﬁÑ#Ùq™¡?›‰Í«7s˛≤&@ !ÙdÒ‡êôûÄËúDƒZ∑œù‡\”†£â9¡0 ≥@x'èY≥¨p_ÉXÙ ˆrv$z≈"ƒs[èÁY<[›úlØ$dÉ)u‰4˛Ò¬∞—&»‡$“•-<Ge`6]ïjNk6déﬁº`«2±;∫åõ	VWs˙yp9Ä§y£^ÛòY≈®±∆†@(®î‡T[ﬁ›yú$c wå*Rª”∫Ac‘Y€‰Úqä≤KG{ó„*í$÷πÕÃ"e8kFÇJ≥„Œ!W&ø±ñ4ËåXÔC€âõ<§‰hTKx|ıÉ±[dõÖkºJBSc›ˇ 	‹˘0√æå)`HGD)&pÎ»~ﬂ\—$áQ<94™ 53˚9:¡M*◊Äü[¡Tô"7Ô∆,¡ç∫ÁﬁX"ÌQºt‹D≈–ı¢VôMD8¶√„!Ku4E}∫¬ 3TûJå$
Kπ;|`Rö‚jªqK'ªﬂ8 à(¬·∏Ô! e/…˛3Nfƒ˝Ë¸dX9Ÿ¬±∑º@A—Ù_˝…à†ÑB:Êx¬IÀgÔŸÇ‚ÅÒ3<˙¡,Í»H«¨hÄë§¯Tƒ$≥a5/ÔSA1≠œÔ&ÆŒ‚J˚ÒèhAÆ<Nñêü^qD–'ãã=‚oí¡‡‹ÎXµ#êX-Ò„fM¶z%=öº‹«ü°[ﬁ∏R≠9fÒˆZhÜt◊å'Ë‰‘ 1 6qé!∑<^ì∆-MàîoôÚÂœ·Æ0Ñ*ë≤k≠ÔºjßRfö–ä:#ÒâB~âÒÆ9œëR⁄¶GE´%O1ÁÉ!7ˆsˆ∆JXàz¡*‘jûC¯√eh6„$+M’Ôﬁ.Kπ„‚~qê0nV xÊb1ü,cpærÚÏ¬d&¬(y»B‹EØŒ1¥“„ö˝`È .Jè˜ï Å+è'å$ÃÑ:àÚ◊JÍâı®åÖ˘bn¶±Å2•r¸≤F“Â˛âI‚u¸‰APBìŸ—∆jJ%îkU<˙¬¢† ˛2í‚…≠˘∆É	ÖÃúy…4&6◊›¡ΩY∫÷‡Y∏áì " ÑÇ˛x√»`õ¨<Ü≤@Q%JñÎ‹⁄øüy±IrœgäÕª“|¸Á4'fû}|wÖ2Ò\ıÔ6	@‡Ú<‰ßH¨ñŸœÒëV¸ƒoì¨T¬xb=dZí‹ã…ﬂx"•œ'ØXìÄ	Àånb—ÎƒﬁŸç^"-[ –5Y“ ö`øÏ…$ãTº¯¿bPÌ5ƒcâJùö¬ÇíÑpK∆" ¶K5w4eR~±“%ì!Ô J£`Øwö≤P„ b$ÅÛÛéáí[W∞ı¨Q]˙C?\ö⁄·Ø∆-¡⁄™«{Ào^§ﬁmΩ¸amh πçoX¿¢!	VœÒîRÑ>∆£÷¡û>_yàíT∞ì9es'ÉÒá•ãÁ´ƒ£®¿†)¬˘èúÄx\Cπ«D94]]¸`:õôÑ◊9xÄäqek∫ÄÑëéNA∑^åô®ZÚuïØàYªÍ:≈ëCƒË,É‡»•èªç≈å4˜≠˘u9πR’ ï‡ÕHªÖàèú∞sA"(p°ã ã≠b†ïH'°∆{J˚ﬂ~˚ ¬a
∑òvÂJr#mÍNπ…â5¸‚b
%:m/¨SΩÏ8x˙‰Yi œ|,∞Ç∑!ëçTk◊mRá&‡»E˚'ß¨u'bÖDiXï{Ò«€
ªXHzZ¨ÿ#$í0$¬⁄…vI79gD∞c†VÂN%ìe“W»'®àï‰§åÉ%íø¡à1pq„i.L·§Õü<dlYDëÉÔÒñ`Bı≥_∆3"ÑH!	Íz≈ñâô ﬂ◊¡Tñ$VºÔdAJ><¸‡•ÙŸ1©≈¨–Í9t˘´∆#K!H éíõƒ$F¬L][˛ò´
|ûùıXPô!¢a3$Û<då…˛‘·,°H∫¸Î\‡‡»hò#£◊
C*å`ﬂØåã	†&ÅÇô"÷)!@ÑœX3!Tú¶J„\w∆Òfƒ—àΩ±æó††¥ÚÎ8"B¿sãaÇIR∫˚bæn%∂;ŒFÄËâ#◊qÑ—'æT{ﬁ,ã¿Ÿ[∆!Gµ„ﬁGP⁄™9+¨oi]Yñ±\pì"f¢y9:ƒ}%f3£ØY%
πÑAZﬂÙ»"[‘IÀrUdÎ ;s:ﬁ:A	A1Q√ﬁ3RÖ@5˜≈∂óeÚeub…Ê;£!«≤ˇ x≤‚Á]«/+¶ ÄµpÒZ7;ë9‰úiê%µ∫9JRC™·ƒã∏PBΩ≥«ÜT®ì«wS√Ç•6IÌıÇóBı¥>¯≈∞Q∏≥÷+–!á∑à Z<œÙºd2Ö’öÚ‚5∆ÿDÒ˜ƒ“0Ñ©oMW◊6»õPÆ&c%»ëñfOƒz∆X"e3%ö≠m®Ö˚<ohI_Kæqâ£Üu3uíX4™T3ê◊ÙÉYvøéú. XÀÃıâ!†ei#π˚ÂïãP«”º&¿ÖÇ¶ú Íf êN#xàbàx>rïàŒÍ≤
£˙¿íµWL«Òìa(_¸÷&Ç”	∫ö˘ıä	E:'ÎŒ"e^‡G◊ Œ•Ñ˛rDö‹yWﬁ ¢Ç|ÃDù˚ƒ
d;àÛÁN3MOsÎQLåz˜í	ï—Ôs§1Ãb†˛'ﬁ%1u>AÁ°íX	YÛﬁ!lmkú(P.4w;ÛŒD£IK˛≤ ®ÑœÎ,‡Ò>o>ß∏»!Ç]òôí‘N˛∏$3)µﬁÒSÂΩ=ò…≤!˝`åIFﬁû}d) ‚7<‰ËÛÆı¨j‰©*Xô"Ö¥L¥u.ÈSPéR}Óx5$!Q<LFTJ)ƒ∆(Ca˜˙÷∂œôÄÁUtb@A¸xz∆•t Ó„804ù°ß›‡L¶EâØxjé?
œ÷r”ól¨^œx®î–tËJ˛3Ü»√9~0≤Ö¥®Çä÷µçˆB÷{MdéE∂;Ú·“;€!%|:«	îO/íQIi≤ù˘ü∂( ®,ÙGì	
¡5$ÚyÔ'U≤"bå‡".fcÕdï$∫cZÒê≤H@s'∆*R/í˙Õ!| BáDá~,ﬁL"’eﬁÕ‚R–ñyˇ y*IIr∫ﬂÁ,˘H å={9ÉÙ@R"+F·h·ä9∆d»m”z√AU"Pq≥«åçÖÚ_ŒP⁄ﬂ#πRU1≤OÏùehJ;ˇ cç‡≥Cxô7Œ)¿Xµ‹âÎ¯yÓ'≈ªA‘y¿©>o=`íR-Z1CJ≠RkÆr[NnŒúpâñA·:ÍßéﬁQ¶Ø¨D °ô±8§¿›1d£E}Ã2·—âΩU‡L√V√â‚Ù˜à,HRÙüæ2î FíùÔºù 72Ôñ;…*∞B”Fèﬁ ≠“îÀêû˚ †Æ’ΩqX/ﬂ-≤‰xﬁΩK˚¬7T7ƒc&Oï¢◊Ú∂˘d)∂•€∏Ô“Uïè°Ô€K?˙k\RçÛÇ…»§WÃÛå 2±≈ò'2î≈≤\)√áhï(5äAìvãÙ˝·Bìqu”È«x8D,N@ÁÁ, Z‘◊‰‰¬≈–1™»Å•"bSGêr≤à(í]'x⁄¨hñe»˘úô“–Hœ-‚†ä¢Ó]∆6ÇÍ%âzÔÃ§n>Hƒf:Ò‘∏≤FØ˜â$Ã
—Â˛ﬁ∑øèD^2	*•˜~±JB$¿s;Á*d .Œ‚pŸ,oK5„Á9h Zü„y¿◊~8§Å%ëí{sß# é_|∆Ò"ê&$s⁄<‚rhBñÎ¨[ƒTy∏ÔX»$BRpÈ√¬€D ˜Ù„	ÿ£(œX
µc~?8 ñ Å=Ê‚Ç÷n{|x≈©5VA«/Iåd# Mx!ÇdÜ˝c7Çÿêr¯„‡.$”∆Ã_mg4)Nå‡Ü|â{»Hª_."YÓ9w>Ò‡∆¶ﬁŸëÇ[ ÌÈ1Jã,Ü˛ô{IY(‚x1i©¿ÖÑHèÔ¨êÍoõﬂx”hH eÇ¡:÷/Ü≈"∞©RN
òê=ÒÔMgƒ‘d	Iê≈J&,N„QÄ∞ÃTÀf+Ñ6QC˚ƒ—ﬂ3cåà ‚«»Â
HO÷EQHpˇ 9q'oŒC¡óö˚d0Äí"7Ôp˘ûÔ‘&¯¨°¶gåâ Åkå\îä–¡øÁ*$í©„¨/îà}˝;ƒkl⁄¡WÑ∂ì@yp;⁄w¥03ÒÇ[§Ö[„!ñUES«¨Keb∏æ	Ì¿ê)Cc˛ßê@
2#óÉXoà,t=f≈°"âÆ>π5(1Úè1Ø∂,P£m5ê±B∏)ﬁp*]ƒ`âÀƒÌƒQRé|±ü@!8ú@ÜîE√¸˜ä¨†”‡Ÿ?úáZ(CUxú*+$4ì¶t9<!%ìR◊€"G4ıà¥åC¡§Q°SœiÇH&Uï,}ÿf-Û>&X!Ê0õ	5ä}Ø¨$	ÉÒ”çÄëF{ëÎG]≈|~2ÁH
ÿ”ëQàlGSÄ≠æ[ˇ x*•~†Ô/ãh$n~ppÅÀ∫éﬂE¢ì»T{Á!"˛rd]Dæ±@;eÇy…J@Ä'ƒ·H&–*"˚u¢ƒZîıqíf`ë‹˛qö
|ƒ¬ì˚¨$Ú ñÎ'´ ,
õAÎñ»+±GæL9,´+◊åCR#ûVk¨à6Rà‘‹˚úæÖ
é>wbUƒÖÆaéMïídK^®sHÇ%ozˇ ò@jAôÊ9ÛÅrB0é=«◊	^çúO'º ÜÒ&ho√Ñ¯	$Ï´úê¿ŸÆy»j@e)A˛0‡”uéìú1 tr~<‰)c 'iõ∏ﬂ=`¬âÖÿÒïDM_˜XÑÿ'/J≈¶UFd’‚DE$ÑÔQÏ7í∆d∏6›æép!åñÈ7±„@◊(áØ∂	!H±d‰∂.Øz%‹p¸bÌ[RÁ˝Â‰±&úv∏lÃÜ+‚5X![Ú?Û#ô√Æ„û°\†íßåäàs†â±ƒ∂≈:MÔZÀ: kÍ‹uå†©l«“=ÚÂRÇ/<«é2≈£öéÀºC$ìT#ﬂ´2LçàQ†wÒåf‚tD}rAíFí7†ù‰Ùÿct˘ﬁ(cBZÁòÊr@Ñe\OÔ*ì
§jà"vıîC*ß—ƒ %jXπü8¿Ã…ô.Oıé»	uıäÛÄâY-#óÎFj…%5≈Û	WYÀ|∆""j'π,ƒj5jmé0"fB¢∏_npí9Dtx¿íòêEàÓ\[	ë◊MoÒíI,aWj|bÅ‰’Û‚1[‡EŒ„QXqÎø¶'	‹†Y)∑-‚É¥Nj%⁄jYÁ:GÓÒèY"õ<õá¨“V£àóXŒSÄR∏˘¡»b£„sêEõî»Ä£¡!Cú6vÖ@®.gâêY'„§§√„√ïHë°=æ åÅ6	≈d-§fQ†ıïlK/˝≤Ì±i> « *VÅŒ±dUç¬5´å √⁄pbÖ€a‘‡¢ìà"Ωz∆6ïﬂ\±E⁄sVŒ íöÜ”y¿VÅ;·rMãF˜å0Y]˘˙‚Í éıãkÃ¯˝‰Æﬁaâü2‘êjJ≠ŒBO˚»Ú&⁄·ﬁ Ñ”Ùˇ Y9y®‹ıÅ‚XLVèåv*d%ì%éUó6L æøú÷6‡W[¿c ûéΩd4¢™!8˛Ô«nªıÄS'¡„xÖbW|‡í¨ √ ›c“ L÷¢¯Á¨MnQIﬂó&Ã #˙≈…´=†Áb!±÷˙≈±ƒ€Aí@J›C!¸o ë@RH≤öÛñDÀ »ûcô»0K
3‘‰÷$IÌ±ıì„±3\[%Ké
#600Ê?ÉúJï †‘ˆFÉvÓEµ…øØåmô©6èüY≤h“WπÔÆp%H¥9jÊtd	…'$L∏p·rtœ˝»◊@Xb˝¯≈“ `j4ﬂ¨ÖlH)ˆå uÆûc„¶Œcêè˚õxB”≤{…≤¶—z<ÒÉÿπûOpÏ0!3UÔﬂ8•+tJ¯>r0´=¿<ıÉ,÷lBw=GÁ¡e‚ˆÔŒ3v≠æÒPØÃÒÇëwµø÷	õJ˜ŒDòJò[[=ÒãP	^<~±ñÓÃ∑?Fw.8bù˝tëL«∆$ã¬!•˚‡¨J≠oX2Ú7æq©t;g˙÷F
¬9A«Øxqh C¢é…±ƒ&r…‘‰¬0ÃZn«Y 1|ûÁ«y=hΩ‹I£‹CR€…ÓÚÉhQuÔ4éÂ0F˝`'µÕmÔÇ H,≥^”  Njì®B˙Ûâ2U%ŒTƒ)i√sZ2C-®#¡„©»Å)ê∏ç¡˜ƒV"Ü.Ç4.päÿâd_9í!πõ„û∞.ÇO’¿©»w…¢"»Ÿ($œk”Ç,N‰%ïˆ≈ë[yôûÁÉdÑ"`ÛÍq	ô0@≥¡1h
;Xı∆   öCwøèxéï% #˘ıä(M´1GºA!&PÔ~ÃD ,:áÖ|‚Tíl”„Ì¨í5ú!m<ô§ÎÔ÷ ÅI∆•¿$
4j˚Ó# "lÄNÌd7¥ßÖ_ZÕJŒÊJëÎ&§ù ÚÚ<Ç`(¬$.}‡É‹≤4’L◊
ﬂ+»¶	"{9÷,ˆOÆQì.ó;ºj 7Qy6}Ò»¡.O˜Ô ª˝ÛçßBƒ∞y¬_Wû7„¨úŸA≥p˛17â(i©H≠fé™qÙ˚π4Fì.1ZËôƒŸâd‹F*D-âöÜ>ò6§Õ]Z/¨‘Ä4|‰fò™|\êÇéæ>∫∆F$´™¨,ñ:á'ík˛∞B6>åox“È(óg€˘¿+™¶y…≈•*‡&˛¯¬2ín:FAv5fóqÄ(%%vXÄ™sQJ Äe7}`‡°î30é„Yl≤nu¨e%w∆ú!%-∫¨îêïÔ¶7ˇ qUL⁄‰:xµ\ 8∂oX÷Ì{ ∂ƒq›‚§∞Q7ê;≤ ƒÕ.‰¸∞(ùàaÁ&òA,®ﬂº)Üç£M|‚ ÿY“ΩeÙ,û◊üY	‡´^åä._û|d†ñ—Nœ¨D.œ≥úL€∑®Ô∆hKsÇ?∫¡Xkõ…`{:x˜ÑY$ÌeóS|bIÜ—≠5£&X’kÁ@&ZÀgÄ√MóßçàCQmdË ÙI*FK«≈u≠ØÉºZ‡@ñ'Äk’Õ˚ÒíêëEÜóÕ~1!_◊Á"0c˛uã±æ±jÙSNéßºA<µ.˘Ù‰FËë(”>qØ°ØéÚî§C§Ω?ÊMêASDÛÜ∆°ˆ…Ã*∞òù‡$Å¬&~±ã{
ò'Pú ¡ yÛí†LêLûc∂u÷Ye£””çì§h•ë"éùb∑l™!ÔßåÇ≤Ÿyé?∞‚ë-Ç°©¿
∂J§˝cl ´ÊÔl‘*H§è?<‰≥≤Aƒ≤zdm6õ»≈-π#Êk–!Eç;98+DÉ`l¨KÓHP±öóaŒ@!πDåﬂ¨j(ûO'{ FºöF	7åÜ•≥˝‚ƒ¡$R/F*MIVw'ú§¶Gœê,350¬œ]πI$Å:Cc„úS4Îó˚¨chç(ÛΩÒ˚ ©R∏˚8Aâà•ÏËÎt$®z=ô‡K¥Û«¨"≈πüXïÇD_NÄ◊÷Ál˘è	îá®û;„8YSéÒÖmÓÑTõwàr@"	$`˚9¨ÜÙ˜ /€ W>=˛p@“"eO^g]O\%Èƒ¬êÉ‚ﬂÃÁ`ÃÙu'9›¥äæèXnÙd äç‰ÚF⁄v≥©‹‡zHìi¿Q CÌUN	jŸËà%ˆΩ‡mLvœx¢ï>?Œ;ÿh⁄9Òâ@¢‘¸>≤{el;·<…äE%¡rÙ‰•	gß¨@ªQyp` '…ÃØŒNÇ’sÚìºõné≥kgÃéûœ9A55<‡†1	¶-1$ÃB&éc®¿BN ˘ÛÑ
ÅK´˚‚yƒ≈pèûk8à∑-}y√+2^®^qΩìÕç_9B°>œüx≥£$àß™«π Çü>q§Ä{åLòiø_ú©>O‰‘pDƒÒå°∞Éœ˙x -9ŸïKı…•‘óøló íkçùo,B—¶Å∏;pPAaoúê∏!:2QâøLSl®‚∫ƒË*lÁè˚âãI2~&{Œ"Ö¶˛2bîÄ\b¢bøVä∏ßóî#§qºÖ≥¬Ñìûπ99:πŸàr∆œ´åäüj‹yç‡•
ˇ x™D…^ﬁ4D1(sŒ)U] y»êvPÌƒmi¥ù^C6.◊}‡	(7;≈cß≥˘¿hÇ°„÷
n·´€í°Rá˙ƒÆ”æÚD*	â¸‰HíBÀ‘j#ì6.hÁÏ¬ ã⁄≥∆CÈﬂ8)rŒ˛—âW
@ΩWe„ñ+Mq}a5`ßœ©¡ã	:éˆû1¶ﬁ"∞,â Ãr≥º®' yõºíd§ñü⁄ f]áqÜev”Ù∆dÉ⁄ﬂ0k ÿ;u˜¡™Ë˙u=Œ®m¡Úx2Az
/èxßqîP∑1áÑy¿XkŒ*XäáÉÔéE@ÖÇêâÉ~1É ±2˘ÛêJXñ„\¸‚ TØüÏ‰◊U-Ïü5SàïO$ø*Üñ·¿a®êÛ∑¯≈&Ñ$õæ‘≈
Ëìkv^£àTç!´Oå¶H-nH√‘ëídë“◊¥oe,,Ouæg!"8‡∞∞˙b÷©[7˝ﬁIõÿîíÕHÆqµSló.^qï"`Ã¬+g_d◊¶›ƒ‡ê¬
agPRﬁ%D•π®˘¡=•ôÌàüıã¿*äéÿnp†#ë8]Wê…Ñ bSPiæ1Fì∑3ﬂY-B[BY.&0¬	]îC‘Tb†j›\¯"qPÃ:BÃ´ﬁU$D√ÉÁÂπ	√ê4òÎ 4∑Û€µØsqˇ #º$≈Ç>Úıî!É7û∫?f2HXzÅıìAÇA`´ü´â`ï.j N##Ba“∫o¨6ëßƒº‰ê1°5!ÿö‰XÏÌ÷J©Ç&l‹Ω‰∫ëõúï©¡NΩÂjá*„ÔÜå$ôæ&‹’íz}ÒÖ¶ 4˝8≈©ËóQ‰≈YôN⁄*Óqåºù=˛sBHÊ;.qrT@•˙Æ¸`&ò≈º‚dùYöâ◊Œ(LÄ≤$Í≥spåAPÌr‘Úze‚0í›ØCﬂ@DÛ=Œ
U”%èº≥¥õ˘Á∆B§†b9Ò˙ƒBw∑|˛∞	™Nòô˘¸‰ö8ÇfÒÜ%pbœ]Ôy.Ê¸&q§A>è8hUTÇŒøïr⁄‰Ï11ÀJ§ıÁ&FÌ¯5†≈%“√!u÷CPhN˙+ú6—nQ€ÄjHûÁœ“”¡ÀwÆLC†¢	á¥wÅΩ±ROã‡r\Ä¸=‰U£vç∫|c*iü√Qçq""âßÁQ`ﬁ˙ˇ ∏°!aÒØ;¡ì˜≈ñ&n%£‹¡¨êi’Œ±¬≥@Ç‹Öp5<wè1∆“Ëôù`Tòv¨• Ò/á"Åb¬¬¯¡5Hö"Õ8‘íh&ñK√é√ÈX∑ÅR‚AkÖèÆ$,«u˘»L]mzå~EÜœÆAÏ8å îàn≤,TMy˙ÛïñÁ®˙då†]sXêiÅ˜¬!éÔ˛c3∫™‚9èxÃ∂	{D‡(CU.¸ì"E›˜ÁŒ§öEÓwÛíãÏ˜Á£¢,áƒ¯¡zÒà ÒQëth"wâZˆ9˛ÛàgKÊ3P±
Õ†πÉúF!ó%ó¨AR¡sÍ~ÿ‘tªèæ L+€ÃyÛÇP"e˘«t(–÷Ws¯GÒä‡b§ækŒ2e,Æ0≤∆√E¯¿‘–œ‘Òè!TjΩ„¥9'†1Ùûp®G+&&`£Î JÄ—>q"[çË¸zÕ¿	l=yƒAkÙ‡ôã#˚Yπ6AÆœπê$å$DŒ@µ$L_èﬁIHZL9<íXF:‹|Œ0YC{ıÉ$cM”¸9Z>.]$o#õ(@5|ÎöX%˛2EîBıÄvÒÔ¨ã°E˘~pDn¶vN@"W»x∆
Ñ¶<fÃ´v¨NRàò`‘„Œ¢#òèˆ∞;Ñ‰M±∆2≥=Ωd@"b_+¡:ƒrî£ïÇNàÁ$QAíóÃ‚"‡±jkOxnY'^èõH¨L97√Å§°3˛Ãù®	æ	BdÖíV@gæπƒ4ÜóÖŒ9äÿ*NB‡Z??¨ñD[mﬁÒ§í+àµÕéÈNúc
ÿ≥ﬂX§"ffû-ú@∏òy∆éB@o\˚¿∆∆Ix}rVRsÍ£ ô‚xÓÒ7J+≤∏;¡∞Jj%≥+,w≠‚`ôQy+Iâ6W„A=JhÒ”Î%°ØÁ(m-˘≈LER¶6nÚwÑ*˙Ú‡®Ñí…|üº4àñ>Çú«Ã‚ ÍVŸ~|`®6ŸŸ˛íNºπ(H∑c3îBP˝Î'»6ng˜ÉLÿG≠eê¡ôàˆdDô÷ˆœÔAÜnBO~ÚJ!Äò-ûH	iˆ˛ÛôãOo≤;»©*Gbâò"`}ÛyÕﬂÃûrpa!| ø|êi—Q„aHÎmsÎAJ≥c=·Ç1'Îº	#∂;éıì	¶w≤Úˆ
ë∆JHº}[ﬁ4˜51®tPÅ¢&”ô…#V∏mrLÈ‚~x≈,p+û+D¢÷Wàπú!"aààÔ6b–GÂ?úö
À˛Æ±∞L√¬'LﬂŒBPóCU<∆]Ç6}; ÷Àr¸b©;Î∆Jê“Y•ï8ç2¶çkÛy™K∏¿˜«ti˘«à<Oúd  ºƒªπÔ&Jç*ò}79 ÄÑDΩ˘¡0î≤ª}üLöCô.*+#|êßáßY(r#a;ƒ†boüÔ∆!0R˛ìÔ!$"\Õ|NîROq1"»!∑ê<dPq¥‡@Å≠V@2CŒºF2Dûü¯c%4u˛±ñÅßH¨ë"òô‰…ö}∆˘„X£[ÁqÙ¨A≥ƒ<â¡ä©Pm›b°21¯ô¿$ C≥∆`πb˙…Åö#ºu£·«Y®â%!≥åêÌIqÙ\ ´—îfSsΩoŒ–JkÉQÔ>á˝∏B«Gﬂíwy
 Å,Ùı÷$
ª˚¯∆Í$ƒëœåë…ö>wÙ»az˛ÎH˜^Òë KﬁDòÈj∏2‘Îè‡`Äady◊Ûàwµƒä =∆2í-àÎá—öQ¯…Må≥3ﬁ	P
#fBJ‘V-»Eõöz1±Gˆ,h∆˜ê!û?ú≥yäò#∆@¡¥‚â¶™| 0	±È6k[ ç¯:„'Ã"h7]‰‰@¿ÇöÓ2ñ8ñ∑8çà&πô˝Âh).áú6fåâÈÒäú K⁄>2©¶ABÃÇÈìÌí°;2òı2%QÊ¢x…≤)≈LszÒã7,≠ˇ ºHân◊Æ#&âπÎ«ÎEm<÷L;ëíÏÂú.03≤ bjw,kûpHËA◊8®àçümd™
©%€?ºõeâ€Ÿ˝qÛ\x€Q„ÒÇî÷‡„”îZTôπNæò1pC…›` ë(ŒA á2„≥úvLùÙM@õ©◊ø¶A!õîøúÍîàÒW8'Bñnã◊}·
b„œ”	@¢l´Æ˝‰dK†≈ìÕºæ|˚∆]Çk¨åíxN":≈ÄË◊ÆL3#*wªò…2bùwª¿HBM˙ÒÇ@$«∑Cú†—i˛ÒÉôA—Ô9é@HD„r9®Î%)%–áóå±ÇÉn	æ„ÏÛﬁ
TT¯≈		‹ç3¸bçõu#  Ãz9>qUà‹§Úoy´l’uçPièQ…˙≈∞]ìS¨ùáQ‚·Æ¡ııd,]O∆;å¬ W8.E"!ªo÷7™Hôÿ~Úpßi4AX”C#,oË^{F†Ôº…üáÅîΩ⁄ﬁJLPPLyú*ò(g$f U0ë&•µ‘+JáC_E∆Qî@!c€:éqH
Ö_Ejr"¡Eµ<ù‰§É§Òâ$—sˆÔkiRUx1è	µØ·» â[ûé“ ∫/«y∏Åç¸9mì∏Ê'P."@b¶∞MÊ∫‰…l'l¬¶xÛ¸gï#≈ƒq^lß}mkıåÓMVC{æg)$!	ØÎã+1|5‚êıª®·ƒQ	5·hPâÛ€—àƒ⁄l•¬xr|»é„4ß!œ59C@épú^K>´å„⁄ïù‡—f∑f<ÑSÃídbÇB—ùÍqÈûàè9ƒ¡©ÁbQ?OŒ $ñ/|cyE˘¡ÄGƒÔ	*ê$¬Vhª¯0l§˝`0±sgΩ5õì—˛p/mÚ˛0´dˆÎâwÅ¢m}#f‘ö‹˛Ò4CÛÁél.|‡ ≈Ωsõõàîhc©(†5Î∑≈DƒuÄZô˛rq6ôE¡ƒdï3H¸Òíπ¨M5é,%äˆeê‘Ú∆@h‘c ¥DD˚ÂÛê (ñy¯Á!%AÅuœyUÉpÃ∞wàQé?ÆPï;©ﬁ3>8Á]b®∏P*|¨Ø%æO|∆M—	_Ü´Œ»!3-|‰ƒ‚$Ø†FL»ƒï}b nc¯≈ê16ˇ kºäde‹ÛåÇ ’É´Î¯Œ•ëlˇ g!oHº‡O”ë˜àXÅëˆpLFU~90††CÒê7—:≈∑ox(⁄WæuÇêI6]…Î<oŒ[SAGüY+Ol2ï.º97PÀd\vdÑˆ‘≥˝úñÀ~}Œ3*¸ùπ9‰˛ù‰…Ä∏Ô8úàcKƒ˜„"ëµ@.D¥Ó˙…“4T«Ììrab"N≤lmπ/ûÒA+Ë‡¡5<ærâ}	vYÄÇ+ÏGÔ¨D4‡Æ,Œs”º∫J•È9ô¿áu∆∏»¢œ˜ﬁ(F†ë˛ıÖ»Lx◊ü%wÎ¥Y„ø˜úL†µºä	ﬁ¡–{¡CVu…êh´8âÇ¸…ÙŒJGøıÅtí˚åôAOÔÎ&'˚„÷∑≠éÅ<{¡ñµÆØ æPI)3h¢
é;ƒNÂÛçX'ÕmıîänıØú-•†G˜ﬁ_)\‚µåB†(ÚÙŸ Ô@çÀ:èÆ6ÅáèÁ!§ôf?XµÇFëäÄMáÑOÁ¢íF|k(î⁄9‚1ä+‡9¬…bj_1à˛¶À˛ŒZ±'∆„ºÇíS_£(*‡õˆbâ8ﬂ⁄pbC1I0ªe'A0‡QÖìæ˝F4+(/“mıﬂ”‹îD˚…$Ç	ù]c	$ê˘OâÎ(à;ãcx¶öîF´d„´c≤‘Ï1Xx'^≤!%)·Íº’jË2}(ÏG®…JMÖQ_”.Ä≠ì-ÚÆ!Ju”ƒ˙…4Ÿou–‡dA<¥O=¸„ (ìq∆¶5ê	ú/8ÜÿÓpﬁRY€÷ )©ØıêÇYıÀE20C1ÀO¡Ú˝û,Òˆ J‘k^⁄3∏¿ë?càIAòúXpŸ*˚'√Äñ/áœì
ãıÁÎàΩÖâ;uÉ© A√≥4H‘ZÂÄ:ì«ò∆ÑBÄè3{»b&w\Œ8§bóê≤HéQd^Ô˝`M≤G|«ƒÆ§ç‰óGœÛÖû∑ú*‰˚ıÉ∂¿±~Ò®ÓáØ9
b<säSdıÓ≤@∫Õ€Ü}o÷A{0_=‚Õ0Œø”,ªA≥nr√{ã1Ï4ƒ∂œ-ó'wx`‰:”≤†YÅﬂñr@ï4kÁ!êJî&u˚ •‰ÛÜî0S}œXÇjD›ÃÔ EãF>2chc”«PeCÜ·ìß˙…úï°˛˛p’"˜Øü}„
eπ~pº∫õ∫»°÷ØOåâ‘Ú•ÎâÎ D∞L‹ı}b@N©>˘TÿÖœ|Â∞≤ﬂ◊Ø„%2ÒI%ëgüŒ6°	∫¿Õ˘åTä∫è>Ä„s%˙<]ŸÄD<~/:ñ¸xƒ‹|‡©Ω&£!ªˆ,o≥œY£K?|K<ÒIRÄÒSœé±±&›˝1;KìÒâ	fúbv-¡ Rûl˚dA"≈«z¡£W≤3¥)/àÁÈîTFﬂ;…ï∂•ﬁ"‚¢ﬂ>xîˇ X,©ûœÆÚPÆæëì@$∫ÒêrÉlY÷0@œ>]QŒYB^£ı„
êä∆∫◊?ƒ†êÏ»¥s®rd*˜ÇHn∑ﬁNÜ	o∞¡AÍ'I^ﬁ*‚∫¯»!<⁄~2Pèl Ó‡Éıè5naØÔúVÜﬁ*1á$k6Ù –|Èúen8ª<‚â∞ªqQouWXÕ%Y©≈\…π˛qd§.ò‡Ûå†¢	¡—âbòòàÒç+Éà˙êê}|‰ ±;˘»Öáè.* _ñ∞b'âÁüûp∂¿lπ&´Øﬁh∆Âı‡÷-ôPÀ ◊–¿´B$∏û+R%©Ñ˝L 	lr,Òû"¥Ã@‹& g“t?¨$·ë…pxƒåWC_ÔÃƒ∑1œ¯«åC˙yÁ*N•Ê~0≥P˘ÁgÁ8V u¨πE9?Êvdzû\D@,n.\T&!‡*\H	0L˜Ê11»Ô„m√,2·ñfN˚àÀ‘Næ≤c¢gaãX≤¢>_9%kp|b«pÛYSÂó#*j#‚kåàé+]qçRŸ„Îâ" ím'nŒ\a©U!„[æ1A&Ÿ”ﬂ„Ã@>˘BaÓ8«IÉ!Èπ ãllﬁ
¡4§ﬂúå	é∏¨îH…œ˜¨{j*©ËÒìW•˝£^¯(¨˚…()WfKrµ„ÀU^ﬂóÁ-Óô*qP±ƒœ8£Ræ∑„"f¶∑ÇB ¢#¨y\kÃy≈îÑK˜¬cKÀÛÇ*8>û/ºPk≈ÊiéßY1W’’qÎñW>2JCDÉS÷6aìÜ]‚•€§{»ôdl>{…†àõñ7˘1$M!ê‘˙Œ®Ñ√¬j0uŸ	ÒÔ7¨1’ò	%ø¶`sæx≈V-ø˚ÖÖ¿˙áúKÀøF≤.Jg¶#GŒB]U$|Fq7´õeÁ!€ÉØX	∏w¨	òiû1dÇŸF≤ïâjÚ+FLÄŸ3ª„ŒUáâ>ÿ Y|∆@TK˜¿î`k÷Iœ2£3∏/º˜‚¯ƒo∆.f.ØãÀß<‡JI˜É*é2HÑ∫/&/π~1J…$¯sJ7%U{ÛÄRï»mÛÄ4-¬M<«9w›Á∞·„˘‹Ω∏*#¨Cq“˘Õi3œ9)l¡Ù∆ÆY∂dC¥C‹`õ◊º≥#Y ûèÎ5ÓªﬂwÅ•&u÷R['9∞Ô	ÒË»#{0™x„ﬂÈà˘«Du8Ñº∑ë÷Øâ5˘Ô ≤ít˜àÒÒå‰èÔ	É4›æ˝aÑ£ãÛöäÍ˚ÎZåCc	µ¸yqHª1}8ƒw_⁄À™Dì<≠‚HîÆ™˝~põ&õ≈•¢~∏·Í-ˇ æ≤ªç4}Ø k'lyÛÄ(gj;è9CµO'‰À¿Y"¸cã#Ë‰@Ç”õü|B1wÆ0⁄©y˝*¿	>R·öñÃÄq|‰AïNé£$v<˛úu°;ç√£ ’–EıàáÖ:£ò#$ëôÉ—Lè◊∆◊{_û≤•‘ùk8ó^^2°Öé^øÏãüÎ]‡@E,ú”∑ƒOƒ˛Ò)ÿÒ1Øy)E«Òà:ŸßË—;úY(`‹¶h±‚$∑˚Œ@:	ˆ1¸uâDM‚âF∑Òàß¶≠üyFE¯”ÉT€Dıâ≠xÀmÇ; .Â™„C0í¸ŸÛë0/∏¡»Åì¢Oıäm]Mhû∞f∑üãø¶T4, õ=b@∏‘·f€ÔßS£ﬁ≥Üéç±¸d·'E/8#“LqàîÔ[ÒãÅ˜~|‚‰¶˙≈ ⁄“Cº1BõãÔxKøxÎπS¯»Ë#¡ı2)∞ñ+—í i$]œ&2#t$w&≤§Ÿ¯5í7 áY º=¡è	mvsƒì&∫„úE7S˜÷È∏dmè÷†äÄâæ≤R50¬}rGGèy%	í#r+≤à#nÔ'Ú{ÂË¿äû'¨≤ÉŸé˚¬∆‰4·A Ã\Ó<‰ûVkœÎ›L˝ ¨I∞8/Ìç˜3πÉß„åÏ)˝ù·À∂S™¿&C¶¸‰,cxñ%‰hñ"Z˙dX®é9õQ∆±ò©˘ØXpﬂ¨§/QöµxÀΩb˚ìúÜÂ—¡th∏˜Î√¿‚“.‰fëPD&KGƒMkågcQ∏ì!®◊“2SÃœ◊ÎâàƒSiü∂JÃÓrIÅo˚˝ql™4ıÜÿ›ø¿ÿÕ¯r(îné0†3)$<¶#?ÈÛîP˛8ƒ]…Á¨'”Á 9‚oúH5Æ0m˛1|W€<∞©œOúõ«LÜ4ﬁ"~q	√äû{¿àé>ÿ1Y2Êÿ¿ÿ%…ôn|ÔGM+ä&k÷HHm™Áèg;úh.Ä9*Zõﬁ$êGöˇ Y«#◊¨wÆ˝q§<—u◊ÛÇ§‘3ø8¡ûˇ y îäRd‚∫≈`IÑ<pF›q”¥“Â˚e¿jT‹òMós{}Â‹∂ªì¯Ô@<7®ÛëbRY¬‰
R%Ωˇ uè"’πêg_˜”S∫àÎ5„œæÚd˝Ü@ÅPK‘„Ÿ©ô◊e5*òÏ˛|b¨$ÖºMT6«qÎ§Ô∑xñ(˛ıßôâΩi¡ÅçG˜8πi÷úUöS£◊Ô≈T◊åå—A=ˇ tÃ5ƒÔﬂ80J_oâÔè<qÇç#£æF»å<`&GÁƒ˙ƒ6ó—…Éj÷"4π2ÿÑÈY=¢£z; ò7 ‡H%/sÒ|a:îIß~r
Îf/ ÷NÅa_öö2T´Âùπ6F!∑·omH1Œ[e‡‰≈‘9¬Mäé.ºa(MÃ‰ãõÊKFà≠˝ÚJ%˘è˚ÑàÈ÷‹íJLS„-•ñÒñiá÷≤"3[∆Tnù‚v·Ô÷Sb!º	`ü›‰j–i|`‘<¿‹eÛ)^£{|‚rCÕÔxAÎR58 P\ÍúAÔ˚¨6∞˙∆DJ7rƒJ‰=ÛY—1PWüÁ¬€Ωùa‘B)wåE°3qÑÅ6‰Ã¶·ö=‡¯o®Á§S/)n£K«¨ ÏËßxÑ]‹rK≈g+ó”ŒOÅ√ôNô¸‰¬–fπ˛òIÔGﬂÔêE`å√9"8(ùﬁƒkRÁîLo ñ{¡µ¥2Ôº`’M‚Qæwåbj6dU<„âáıçä"wñ=A™ºxDÛ¨`*x¨©7Õc5t†$«øx±#\\ê£!‡M≤Ï?”àGW«Õﬁ¯¿@tH-ò0<∫˘∆è—'L‰íWˆ2Mõ_x&‰≈|ÔZòºìå	∆ˇ Lè¯˚Ÿ?Lå|‚#ø∆!ãƒ~r_y#£åíõıâï≠ˇ º
qE«è1õ
zÕöoÔÜ«ØY•bf#~9èx@TﬂX–ƒ”ÈˆÀêÖbèà¡AêYc[j^ÆXJcq>G◊ƒ¸‚…E…Ï1 Ãœøx:Cáﬂè≥ée®j>0TÈò˝·ô5\¡çA±|∏!Ü»o√8HÉc„&$E*Eıõ∂ÄOKÎèäkiU’∆@í"I‹∆‚4‡Å]≠¡õb}Y¯…ı.Áâ≈§êgo
í∫Âw3¸·II4»ô¬ÊSÉ˝ÎYoQ„ÛåRb9ù}1§ fHÒxQ xû&?YœlµŒ¶H»I†îª3ñ`#!F!™Bü=‡[‹
V1P&¢Áfz¯»a÷ÿ|O®3ùFFj¨Ù÷ûj£Üˇ ær	<ÛÑª$O¡íh‰a<)ÉRˇ ò¨G+p™"S©˙eˆ=XOÒà≠’\5LÁf∑Î'&åƒfºb
dûw~0F® ﬂXÑ&wlí$ \læ!ƒ¡È¯„4çF∫Î$¥Æ\∞˜Ç$◊$ë{q:Åt˚∆∂~ÚiΩUƒwÁ%b{#S¢÷ﬂ& s\œº¢Å˙V-˙>µ9R+àΩZ‡"d3æ˚¨4Æ∆JIÎ
ÃzÛÁ)q§<e`”w;Ó0,Aªí	=hã˚d£^€S˚Î;OÉüÁ$∞ÉD]e"‹}cás≥π÷ƒ9ƒJNπ«CﬂY	Ä≠±Y@z&x¿£'h÷JØÒë‘“sáí#ÎÇëÆ1ivÔ4€£å\‰mùÒÇ◊èæÒ!8Ô_âñ•¸‚ffπƒ§Nß!v_Xîfµ˝÷^dÛ˘∆R(7˛‹DÃ$l„ få}1ô’w9T†yÒìR`f!Î¬eûz˜Ö
kU8oAÆcÃd€ÃdΩ~úA!÷a_Y¿·*ÊVuÉM”Ë¬f%™ç`öÈz˙‡;l»˚ﬁ÷F/˙ÛÄãÉ»‡¸◊åÑFü∂l¶1lè|„ÿzıà∂Ûâ∞Å˜åõ∏Á5∑y&|q„s¸‚’W˝¨QAÆ<d3o'N-¢J#√ã≠≥ŸÙ…íRi=O“âÎóAgûÎº¨W€F\|ÛÛêèóºéıx)@·{„Ä¯ﬁ@∫ß˚80ÈTúû8,©O Æ1*JKzÌÕ&Åõæ1H&¬ï´*$W'EaNe†ÚÒ‚rÛúâAö~}`•ê_<…ÎKEæµ÷K¢fıÄAYSæw/‘ækŒDH±ŸÆ£ Ñ€©ó9Ê6≥˘sÿ
d• Çˆ÷H@tñ!1ë!I]¯„úµ˜9ƒªp}"ìSxûÚf
ı˚…GÍ%bæp)æ5Ÿú7w≈:èXÅ"pˇ Y	P/sy0®Ö@}‰®◊G◊¯π/?„ÇJDßßI~_S⁄}ÿ§Ù/ŒnËE	y|ˇ ‚ìœ˘úúH≤ê≠/¶	dao8µQôπûÁº7®ß¿Wf)⁄k«mIñp‰—Ùø˜ùëﬂ∆mw,•˘=bV`h¶3€ç9‹ˇ \ã`rÜ4Zò)Èê"a*!√–rC6eBLŒﬁΩ¯√L¡ÀµuíÛ·/WåÃRkKl4`º≥R¯'{ÕÙ¥Å?\	ƒâÍ6å¢a*PL˚´yÜ§2`ñ» B;üæ3¡ûé0Szf#È©¿ÇÅ´ºÂXÚ{˚d§íı¡ã…C%;èx∏d"›G∏ö…%*Œ#¯…AQw®01=)˚‚“√9∆]|y0í¨¸x¿ü$œ9•mó˝ÛÇ?Pˇ ÇX8ÛÛÇAlkü>N5ï:V •HﬁBb-0ah`ÊQÃê=Œ)Ílªèú|mª¨õËúümﬂÒç˛ë∆C°Ï¡b±∆&Mbi˙yÀúç`…SÓq÷√Á0™W˙9`6\ÕjeÎ^ÁW?⁄¡Rﬂå+Lø@ÌpîmÃ)ïG‘Ûì‡·]ˇ ¬ª˜ær⁄‹x»K˜~#Ñ‚ß˙‚¡ìúÄ∑QäiÑΩ≥ÖÆ/;¬À≈LÈ„iæk–⁄&¯«PçLnqËÎìº^;OúK¨ïûï€¡í7ﬁ*Ÿ≥èQµyû;ûMY¸Â¨rmê&fàüX~€üÁ oéX„
>^~ºb24ã±óﬁm⁄y<F	\TØ´»§ÊhéÁa¶î~ÒbÀ
ãÇX÷JKQ•õUÛÄeLÒ÷(ã∞í˙æpÉb	G'¬U1∑˛d‰êêûWhÃA«€#‚/…Û„ñ°ÌπÁ	^cÒèvVﬁºc#À˝ºîDO8ëH≥î`–`Â≠◊€Òœﬁ∞swé„÷6Q}óΩfáx…d ¶˚«Ω#IXÄ–.ö˛ıäJ“©Õ˛0 Ü∆iÎÜáõ ®ù»˘∆Ä|Tc4∑ê>rNMÎ„ˇ Bü¯úúöˇ É¸
20‡ô6˘!#w#0€pÔH≈r®÷iÙÄ!Ìçø‡‚ø√ó$l@˝æúBåÏ∞#∏M‡ñp(,Â{√_¢e@¨H∏Ú¡ˇ Åæ2·e∆6Õƒ∂;ﬁIkÂì!˙ÜHÂS
	„u‹0«Y8õa%ßúR≤çΩ∫rcrñÉŒU›:ã=|‡îTEG˚»åOÉåX+ƒº ]|ëÆ≤E™`Õˇ ÿÎ-≈<ŒÀÎújµ˚‚bCQ«,á"™àbN(	ëá(j≈ô∞Usû3ë£0˛0≠AêÜ' 3ı&|z«®∆Õ˜ºö,6Ã|xªY1ˆ«1{Å‘∆°˛»«2C@©˛˚¡F,0é=bìë#ªÎ!âg⁄+€9Èÿﬂ~!Ç§ô’uø´¨H7O·óOúGÏ/k_?ﬁjí=ÖfÚ8%–dﬁ\°Ô;=≥ÇÜÅ.¨|Fîë¢ ƒe\pÿÅÛ ¡ÓíÄ¿óL™Õ§cb⁄á‚YLº˘†¨aÿGÜaÖ‰§÷TqıŒ;3&≤¶è&=˜í¿⁄C•L«Uì÷êÀ>N|8J]V™#$l+ïÒêôhX%ÙH»îΩ^, Ï#Ú÷<ÇQ®eÁ'í§™ =ì$¯‡2ΩÅp˝U$åaÄû6Åí…∏NH&9å∆∫§ÉÂyhƒÀà)9>j¢≠nO…¯FG‘b+∑d#∫»u{û0!€c…˚ƒ°1%>π;ª61|ª nâûq"ÆΩsÔºÑ§Ÿc◊9`≠-_X	.Ç‚	@áüòå4üÏaı6¯‹NEKißÏ…-	*Û>Ú@óEî√J’$Å∞ÜΩùúõªS<ŒÚDÜRyr¢ HI>Òí:†G;ú‚∞ı&/($Y#ß‘Î„ﬁJ5Œ¸^≤jçıÎKI¢”‘aƒyôúEM·ƒ¡S-Ó;≈*H‡ÉºÉQºÔãIÿbÙ”Óˆ~Ò Â¿Î˝eXù÷YkΩâä™¨ø˛S&W≤,ˇ ƒÂFMFUˇ ·ü¸µS¨o„)U}ˇ „ü1ìê„≈¬ï	È0këX~q£j ˝pÚ»å$cÈ)kÊ[ü9ŸfÌ≈2û+ëñ
¥‡öøåñHJñøwó>ŒÚP…ªIÎº<Ü∫ûºÊÅÔG∆ 4§å?ÉñA ë>+ú(Ì7˝åfËô5≥Áy∫%‚∏Ø∆C0ÿÅâﬁ˝b‹àáÉåbe»ıˇ 2¢ÄMÑmÖåº+óS÷H•âÜ'lπÆjØ‘∏∂§ù$pÔuâwì Hàí}:åXLßJ“®_SÑA§ä„ÇT=b™™Ãﬂ˘ÃÕG≠√ç.¿ä[œLò»—´%=‹ÅS§gÍ˛\õóπÎxùw%á%0g…¸‰>Üôª(c
 X8u úÑôÙÜ¶‘≥º¬•Ω¸‡I—1KxŸÑ““Â.Ã/‰;ƒ0tÏ%7Ë„Û⁄oà*º∏gFììÿÖ2©18¥¿A†√Ãƒ;MØ,úpÆÉJaòrÁsï¥—S’.6é0‡a(‚Z %¨øG2ÍÍåØ£xÄ‹ˇ z∆∫™◊†ñ8 DÄ∑;ôÔ2R3@pòEï√;”#°ïJúêI4!∆-ò‹⁄ò≈Ì9I-0E˘≈“‡∞•¿~2»Fº˝ﬂ8àN¨(	SﬁÃ™áÈÑ8j‘<BÅ¡¯òæ∑F=≈¨ Sq∑‡¡sTÓΩ∏∫Ö˘Mòçqoå º,àá…Xå+ﬂ„_8∞C4ë.áX¬[‡@¨GOÌìåñK'ºN¿‘ »à8C Ü∆îÔØ8∏‰¬°ÒŒnd]bÔÔ!√l© ‘[ÕâgºR™ „øÛ∑ˇ »FÉ <áˇ ]ˇ ÔúI'∆?‚ˇ …˛Ed˝˘Äá<§§=Ñ÷ui pΩ-[wêL¯ê»∞°ÄÆ^{Ãa¸'Ô&#8I/ÁÈá=™zTâ['ötá≥Ÿ#¨Ñ0à(Ç…Å€§…årU¿
ŒVw_o€!Ãn©}£à1¨¸FÛ20 4⁄O’âû%˚\„8∞Öœjú, “ŸW≤0âB∂´√∑Xù˛U+ïçTá¸VHàè€& 9	s…Ò‰—'u5;¿≤∆D7£( [p1À%‰Å#©
Ó-,/%Gúåû!_W 
Â7ì˛ã.).I€éR©âêW¬Ã˚¡¡"∫!xt°Ã˚‚dùÈ˛4	R≤Ã JÛ'Ta$D2KﬁOLOÛú∑\∏˚âÿu¡äò∏‚J≈¿Ø∞«ﬂ„„ zﬁ)“ﬂﬂ gX¿v‰Nmñ?∆% 4Î∆	iJr5e'\ï;í7Î#Œˇ É:¿åcõ¶±xÑ¬ı∞…·ÀÛìù|gXØF∏ÀÂ#Ÿ_å\ ßí%L´€?¸•…pFJ"p]dÛ8‚`nr∫ˇ ƒWˇ ˇ ¯µÅÁ¸q˛ö÷i ÄGúô4oHac]80Òï◊›âÄé{˘œ’f´˝q∫L≠ÛáJ2B£≥_9¡ìÉˇ ìˇ g¯/ö √T#9=¯…RAâŸùa	`ÆÛúF˜Ò∆y1¸„ƒ†€„zÂ<˘ˇ ¡ˇ »c#Nò÷Ò ;0¸‚G„&õ£˚Ærpj>±éà/˚ıƒºEsxÅWœxI©oøƒ=ﬁF„¯\‚å∞ÛÉbﬂÛùÿG9'Iã4◊úIë_ãåT≈ãˇ ÍNÒ˝â˛Ó2_Ò?‚ÚÌTÖ∆Kììì˛wã„øÛ93ˇ ´ƒ¬Yı¯	K∏(ﬁ[Å˙y»Ä&Î“rıã&6Wv˝„∞Uïn¸'ê&ìAÔSÚb‚-øç˚ƒ©s¡X»=Gï∆¬Wúë%¥g¯…_	=‰ñ'”ìTà
´¿¨F˘¿ê.wâ¨π,óç?¿é\”/Y »N+ÖÁy£_¯èÒ_Ê25êÛ÷;»ç8ˇ ¯_˛ìÇ]ˆ¯ﬂˇ 8ØèÒ˚®Àˇ ‚åﬂ¯åá¨$‰‘Íeqò8ü¸ø˛  G8—yò$Ô“Y,Œ"ncû~pc<ŸwàÖ
„Èë&ZàèÔXÒDÛ?ºSUÏ¯∆+qﬂŒ;ﬁ©≈GQëø¶6wó„ÌxZÚúgŸëÅÙ¿Tøl∆ºd?ºÂçòÅ& Õ<‰Ê2W„89üxi‹¡âå$ü˛ÿˇ ˆ∆G¯?¡‚ø˘W˛##¸uåeÊ”.2≤Y]é7˛c7—ØÛ«˛“?˙¬ª5ÇÇ—–WÂ¿A!Ùi¡@a˘.ÚiC{á˘¡Öàí;qE*˜[ æµu3à"(˜êF&]yƒï≠?7ñiu'◊EëíMh£.¥ó\'®˜ÜÚO∆mW!‹^C\àb4˛2æu}”üû˝c™{»uŒ˚ºóˆ{∆äy¿îYöØ8à≤x¡?◊ˇ Gˇ »Ê£W˛aˇ Ì?Ê?À‚ ˇ ’`Óøƒá9Xs˛$ŒpñI◊˚Øˇ Ò}Òìˇ ∆øÙ–5;‰9å÷öﬂºpN‘ˇ ¨Jypk`√4ò Qß|¸‰Øsz≈6ÊÔä¡kôì˝d∞æøΩb>X Ìo—»$ù}˛Ÿqë7&∞B|KØXÑj¢Ô}EyŒyoÖFqΩFj }„	¿ëóØ„ Bnn"ú	äô˙fõh„ œáÂ„[pc_˛èˇ ≤¸ı‘ˇ Ù¯œ¯í5õØÚ‰ˇ ˜7O∆h ’˛_n*Ÿ®QãÆ≤“0¸Â\çÛ;¡(»WXÍˆwQ‰Ri>¯•`Æﬁpâç¨G8'w¯ƒ•ÜÃÇ]◊éz¨Öhä˛˚∆éûØ	µÎ∏…Jl}¸Á37¨aâüÏaªàô¢ÒqØy á<óÆ1ﬂˇ aÁˇ Òˇ ©Ûˇ  \cˇ ‘óã∑4í&òz:ÒäÒƒ˘üﬁ òd*qùë©˙eÅ$wÄ3™¨u∏Ámê˘pU=Î®gÁ¨ÉÇ√ΩKèx2	˙Âtá∑ú`œv∆√Í´ë|¯≈VQˇ Íø˛ëˇ à≠‰bóˇ ≈∂?ı˚?˝ºcˇ ‡í5Ûˇ ÂÛáXV.vj˚«ôÜdŸ˙úKÆ0tG˜ŒISÛ∆t¿X“NH◊¨Yùæ»„9±©<∆lˇ π§_◊ ì=π≈Oπº#¡‚1	Yˇ Ô«¯sè¸FGˇ 
ˇ ?‚¸§¸◊ˇ ·
4‚Ã€Œ ê<˜ä´∂B_∑f#nªƒm“ˇ ØÓ∞åœå6Æëg8"nwŒ§jg( [Ôˇ …Qˇ ›…ˇ ¸∞bb ﬂ¯˚
28´∑•0tåE˛5Äâ∏«∑Sœº®n^‰èåRØˇ £Ãˇ ˛è˛ıˇ –K¨&ëı«¯ˇ 3ˇ Èüˇ \ˇ ˝∞üˇ DÏ`œ«¯ Ô'ˇ ÓÌˇ ˛9ˇ Úü˛á˛ˇ !ˇ ﬂèÎüˇ ≠ˇƒ *      !1AQaqÅë°± ¡—0·Ò@Pˇ⁄ ?ªª˚0ƒƒ¨ÏÇâ·¥ÿ_l>`ÇÅJV©É0ÍP±ŸàÈà†ÆïÜ#Tº∆^ƒHWî•·uï¸Œ`cSXnë5ÁÃ%ƒé3çº^"∑⁄V.cAÜ'À2∞¨‘Fo?Ír^~ %Ä£„s7U+k∆;lµ˘ùºëÅûı2ıZÃy«É9zâÓÕ¯ï«©Å«f√^XÌÏ¬sáR±(œ∂ Ä¥)y>ZäÇ^}‘p©na¶TBº )óyƒÌ2¶µÓ¯ÌP∏Xó‚≠∫Ø2∫XQú˝°æ’Áwó;˙àc‘˘ïÊ|«qÖ{õ·Ò–2êÆV¢˜û*8∞q˘˝wW6zò¬¶3ü2õ=¿ BìFY÷°îU(tSëı03«“ÇâÑqUáºe4áµ V,æmÀÕT5Zπ®“⁄v7˜"é¬∏{Jlπì$lúÊ'ûs®ôZ›
D∆7Ê\“°¢öK¶¢|éùK ¥∞
Kÿˇ …∂‡◊2ƒçê±≈õÖÑ©Õµ⁄<qﬂƒ†aÉuu*K) Î ÁºS~q⁄±ò(e´‰ùÃ$œﬁRMlÚ±XkÉYâäõo≈@kT]◊~*&Ó‡∞gz3∏ª√x˛Ô¥À^ß,ôﬂƒœà! Åöà
§SæIGyY•›{¨Méuüq•vG~H( 9"ªÚf(Qî¨¶yyÜ)|Îº•ΩΩ‡0-›{ñ´‚gË É4
«éä´™.T‚TQ¬ÀÅDYﬂúC)+8ú#mΩ¢xÇ◊~Â+;K R[W
∞õ<ƒWq¥œ‘è_f°n†`)Gò’?0vùœ,^˛–*ÅRﬁ+√3J≤∞ˆ®´ïVçˆ5 w«Xv_1(Åçj!axœÊaë9¬ç+ñ'êVªl/0mË93∏ä∂⁄ØyÏA8Å
-ºWàÊMïÂWÀ∂"ÇC<*óO¶iîx‘B‘˜ò·ófQøÎÿn"ÿKs˚Ør°cMYëı+)º Ní¬¯K7 wzœôbNN}C8\~gd√T^{qµâÉ7.±ëv vyıXt‘+*¯s(Ì
≤ı Uµ€Ä>;√r3à æK"ÄN
rÊQ“óR•D«òÛIiï)ªºGâRß€OyÿñmΩû¶›ÂSs67p¢õÉhónq&q√«ﬁ-^cÿ‘UE¿ß.–aêù—Ká:Û	õ
?a€N¥Maƒ:Bä∞JÓQ@eºõ–ÔçJŸõ√\bizaWP∫O¨®XR€yÔ∏AE;MBîÒ√WÎqFJQ≠]÷ıû"√C5ÈÙÉûñw4¡oÔjŸn:Î2@›5º∏0l©,–÷öÓJ‚–ﬂ7®°[◊$∫o ±ì∏ÛYèÌYõºi]◊â…1Bö\Ω€YRÇÉK€®Ü(çª(Ò‚$OøAΩ(cØ~"BÀ(5Ü∑yÌeb´ºÛ8ïÉ<Í øÓTˆàQªÊwRà9,Ωc|BáÁ…[[`ßÇ0î Ü∂)ºÄæVâDº@U&ò⁄™⁄∆à{ãºﬂN%tWKÍﬁÚ†ÍÿTªV√ãÔb\a≠⁄À∞®Û®UÂóoﬁ–j©nq
õ$gIPwaÛôÑ8)&¥≤≠tyj·ñ_•JïôÓ8à¢é#Ò`ëkÚ;=†1p√LºÕã7UyôÇP¢úW~*`5DïUµÃ¨©Œ^9mK8ÃM•îZ"≈qà”±¡mëåb¶q…µ“∏ÜÎuT§≥éõıà‡˚˘èJt≈P˜‘@§3ºxâb•⁄müUÊiF·}ß‚ÑZ≥øàá® ìÍK∞∂ØP[cåÂNr< nZÑ«°1zÀâ›Zî„Ik„V÷•Jòe.∆°¬VNx”‚1Æï*{Ü’–F ›§r8s≠ƒ,P≠3‡/8Ã@+c’?{ cˆâOx	‚9@÷@.≠≈ˆè	YÔ1qâ‹kç‹elÏzà(ç3¸¬íqÀh@*-g2 ]s‹ãm5Ò›àÇﬂö¸∆ó j⁄Ü ™Ä™B¢†ô/aôbX§Zá}Ôˆô‹•-ˆ£º0%·K¡πe⁄n±«Ê	LÎå7äÉWmÇ3†›b	wºÏZDñﬁ5Ó 
%è¿Ö»<˝`)]ïº'õ ´]ıÛÄ’:ΩÀ4V<ú¿–nˆV£Hh6câ~¿3éoªkïZ’x„ÛÈÊÂãç≈wy^fCõ_äòkô_Hí[ICE;ÀœƒuRÇfÿ{QX«ôeÅlh{ƒPÉÕ;ÔÍs∑7v7òÿ˝•E,|]nòZıÇˇ ‰q8∑⁄$”ƒ™ÖÑ∞≈úí⁄(’–‚‹f&?xD)R;∞≈WˆÁƒ†îﬁ‡¶ùÃ÷˙7íBµö÷ÙÁdf+®x)V÷~;¬¡‰tÕé8"\‚‘{é±Uqp–»àù»›∞]ù´Âécw©}2¿ÿƒ5EÏ3¨˜ƒª;ô‡i¿¬	H‡lÛ4´1ú%∏ÿQ∞çè®%¢:¿à5I3|ç€Ê^ .-PB€kÔ;#wuüØhTpcÃb¢%d˘óbıÉÕ@∫°Så¢8ÒÎs5CBû•lƒnÖV–tJÄpÉj∑®b/0+5∏[†`Ì®ïaßLh†ÓEà„0¬ô©ÅißôŒßãsR®Àüâl[0s©è37lΩ™·È¬Gd±áJïlKç˜Ê-’ˆû‡™®◊ªJŒ%›pq∆û!a∂åxÃê´é•
nƒY;±2Édx{ïÃÈ®Ω—ÚÄúF·¶Õ'aØq¶|G9™áåº•)`îÜáäÛ2≥u£óπΩ N% C>Íh5gx¥TÛL¥7≠‹A–¨ﬂ‚8≈NŒ1ÓàâHë•)¬J:@\•á#Ü„e”iuOÜœ≠[7®€∞3VÎñ 3€ñJŒÓ•ú¨\û¢Ûfı´·K‹*L,Ãº¥FÃÍ:3ΩEÿ õØúGóa†ÔÊ2Ö—òùáã?iYÕbqƒp™‚
nRzï£Ò83ƒ-ÖRÈA˜<ÌàÌo@ á≈‘™ÁòeW+¿ç ›óõ*è¨HbÇ±çJ1"ÜvﬂÌ±f’û|˙â⁄aœ,*U¶k≤åØùDÉ2Ây›;‚≥(s_Iƒ©Éuu(ÒRäñ´¨J∆≥(ÈP©ì™¯éàX[´‚7F"/Ê„`¿WﬁS6€P%ﬁ±;é£û#¬Â÷X‚’ÑøpgŸåªÀµwr—yâJ€#xeÉ„Ê%ƒ`(Õ8;«6Æ≥ÙË/ò¯d-∏∑Å£ `≠7OåJ-´~Ãd÷9{BÔ◊ò†gg~›Êç/ù@ŒØÜL_è˘-[rÀÅCﬁæcö¡é≈Bc;b7òù‘s(€cˆâcm ;˝Ú≈A‚Ø vsàËPRƒÌ≈ôÄy≠ÀajmÿW>‚⁄#´>GÂB ™~cTQÀyïK]ïçåÁ0∂wZ≈òﬁfÿlàŸ+°≠'Ï≈i†∑F°cÅá~"NJ4JyÌ(çp◊Û”g‚o1Y¿gDE©Pµ˚ƒ_ân5Øò5N„±†∑AèàQX‰WoôRµ©QÖ¨ï´ÇUÒπõûOÃÌú •“^°BœLƒ•±•ƒ°Ù≈)!x±‹s;ƒ..ıRÉ-¥‚Ø[ `∑7à@ –ökíÈãY∏ö|˘;bä“
E›c‚Ê¬€ƒB¨KÃ∏ní«˘ñ»¢ˆôKÕ~ÒÉ≤à›ôºS˘öÙº€Û∑Nq
ò≈yÒ-tM@bãÈŸ\é`Sù≠ÃÜ\R~'c€º»Uº∂≠g|3Ô2_9Ç√YΩ&%#^Xãa`≈›bYa™Nt8√È_1∂ƒÕÌ‚•Yx¡+W&L5ÈÊ.¢‚
áù¬¢-≈WspƒKÆl4)ã∆†G¡
Ω@∏Aö≈ÉJ{ÃÀB€Él∞€au˜Åp £\ú ƒ2˜ú«è¥º§æäÔwtÛıãt‡§(’4ÅdøàÇóWb˜ÒI`Æ‹V8ÊãÅ
mÁ˝GR!ﬂ0Z^pÒÈuzxà/øéc|(ªà†Ô-®¡vﬁy™¨E1â~ BŸŒ3k†àÖ•
œi›˘"!…™∏9Yñ´ü˘1A¢±à$ÓÁ«ò⁄(5òY©yCÁ! ƒÇ"#™ÅbÒ)´1åkô¢º!Zjq^bcƒ´™*Ã¿§•T5ü˜0ΩéÅ?ò)ı+xÄU{sƒ¬gPª◊kà,èM˙Ä4Ú‹F∑d¨`ü|§)«0ﬂv	u0Æ}%‘[Æ-ºDä¥Û3F„6•Jn«q∏fhs¶«øºJ
éY≤4Ö-ˆ®ûH@‘Ÿvn¿fcæf¶µpqUkVÈÈv.¸∆ïﬂà30x3{åCŒ¸∆ÙK“UÖgªG÷!Ü™Ûp …1™Åa[©[^‡`9Ã¿mYw™yJÔ0&282÷UgâÜyèñ˘`ÜÜSx‘°¨NH*∆æe Õ€(ÊB¡sN‚¶SΩïˆîW˜4qº”ƒ€Øsò£ó∆∞EÉí_t”U^˜òÖÊ‡U÷sÃ¢£’Ææckiw´eä8N˜.π)ıÛ/ÂØà	¨~" G6ŸQ^≠‘ÀXòáÄ.¥yúÃg|bP˜‘j<ˇ ……«ÇQUWßΩ˜óÖô	µò‹ÿ¨¯®Â(˜ôk#m}•nˆcPhà^…√XôÇUV|≈
L≠dÖs ¶Ó≥†Ülπ¢Vw%D™î’Ù5> “Îhô9≤#∏∞“Œ=¯çCXiÕ˛ =°çg√zÔ2º—ƒAAó√:⁄5Û.òÇq{Ç«‚ ’DÓeq[∞BößÜP≥uÃ2Yn)ΩD¨y‹|’◊'ÏƒÄ8æ€ä™Ñf°IFﬁ>#æ> √ãàç'“qπ|!%õ„r∆lÃKÛ?¥Ct5™∆ V[íµ˜ôTÏ∆~ªÄˆŸà çy8òä≠`r9îÓ&~cÃÀöπ®Vk∑⁄‡X;‚!EVÔÃBAf¨Ô2Y¯˛ -Ï&/)‚Î≈Ì˙J⁄πß=·AEµœyO°@(ÏÁŒ`z ÁRËòÌ≤ÖØ1©bkí1∫˙ …≈_ﬁ$H,/'Ø†UK¡}•DÇ±wq%bTL6&é
@™^
ÃK¨dî©Å>Ò∆]›»ÂêdnıÍ\Fè“)B¿Cö…ULJ´AÓYU˜≈ÛâC™aÖ∆ ◊Ö
økÊ’.j∞/uœkà„1&{≥Cƒ`∏≠◊®.Y•Ñ†JM ÃΩGH˙ÜL›=¬î<ÚÙô⁄jÜWö<jÂ#uG‚!evÃ>±<@‚•gZîÀ1|◊!∏–Î‘-è¥7v€{ÙE 2ÎœâFZF´òôÓD0€Í"PÌHˇ ŸmäÁúJº∑Ò+,òÔπX˚@\DºTX-Ô8ñ‹UçÊP∑kTiÆ◊.Í&>`±qöË•îÊöƒi≈„9©Ã<ïÿmö‡°À0î≈P…É1ÿƒﬂ2≥ Ê:›íπ*ÕA
ëöÈ5 \O~ﬁcY§
%öÿ”2^}¬ƒ≥ÃÂ‰ñÚñ›b˜ákrÄ´m‚ùc‘ ¬Rô7NÊìS±}LÆä◊"P O<ŒXe\@ÃbïsÔòò◊˙à[≈dø-CzÃsÃßáºKpV	•É?\AÜÁ|Gq∂∑[Ã˛¿QX>/>!ˇ "ç›&˙@)fjô‹∆~e¯‚fdØ¥)o»?iL´ÁâEhà≤É∂9ÔägAœ˝îSﬁıS(¢Ω^}¿Aı6-+àõÒR⁄iæ#{†W1@ mﬁpÕã∞g8æﬁ#éô.Ωq¶ªŸ¸1î_uM¿∏‡Põ™ §Lji0<´36TJ·ÏîöºÏ@ÎwÃ≤[¥äÄ£õn»≈WÉHîïÓ.÷¨ﬁ5µSl
WÆÿe@ﬂq∂Ö∞(Ò +Ì4≈’≈qá\J¥’f
Në¶«p°u<’‘+@¥-ÄiLSLtú@Ã¬ª¿É=¯õZ î™”#ï8ç€-b∑ò‹•íÍ]Ü÷gü=2≤^YRYOû–U`kêL˚Ñ.«∏
]-›AJ˛ë‹
`⁄]@àîú8Ä∞Ÿ„<?Hp¿_ñW5-1≈‹„SP<ñTm,˜[Ç™ÅÁ˝J6ÁåLRV”1Â®
†R£∂-õTŒÈI™ºK8€äÊ)j¡R∞ø§§0nX ™ÍÆÚ£’∆Üô.âÄÀ 4xÅ™B√UÏÊr&+ÔòÖL™&+~—¡qŸÓ36ymòé^7\2¿¥_æn\ÓåƒÍ¨œ¸êΩﬂå¸A[(sÌö`0¡Ò…¿†sD±wªÑñ7¿W8äT;Œ˝¿.¢¶‚ÇâÃ≤¯®6N_hTL '©USD.Œ¸Û>Ne@ÓVu€]„ã*≈[yÛu>:+7{˙¿5ùˆä
aó_º4‡n0hkÌréÂÖa¨Á_1[L[§›\B·JÜ€ÒÍ	ì9ÌïX˛=ŒÅ◊∏ç™i>∏¸J±]··˙ëÿ√N∆Œ¯Hüyc∏$àYM;/L2
7äÿë±Âr‹—p-l™oÍ4q3‡MTx†ä¶±»¿¢πUßß>Í65++ﬂ¥≠g£kf„kp\±DsK£‘™
ïàí“u⁄ÕU¬Ñ¶ûÒ ß]‚∂√Ô€ƒjΩ‘ƒ4 Áº£ç’‚‚ wöc`î){¯¯ã¡Æb›èiñÛr◊qk\≤≥+N~;∆‡ãb_é>b`%M7πP
‹rzï„ß¥J2›∂T U¨wπFıòçqâv ∑πŒÂVl‹®`Ó¯Ä#ëˇ SFπÓΩÛ)H“≠‚öîkxá+ÕÎƒ]Mƒ§”Ù≈JLˇ n(8Lˆø˘´ÄÁrª±9^~ :´àV7íp8ºD"5 €øÊS9ˇ qZ™”ÃJ±LV;BØ:ôkàò*V%é%bT¢£väúå	FüE[]ç,/é–Ç•…Ã¶Ré/vÂÉÅxÅAÇµÆiÔ˚D5Ò´¨ÃÇ‡Ω@Á‚≈ÁÔñ¶#T ®<s,¢õÿ„¿∏Ó‚A‚â¥¨[ñQŸ(‘O%Dï*{à∂Æ°A≥‘
qù¯Ñ<LµóyXƒ®ÄÓ?¸∆ Ãß≥P å]˙ô-ô◊sN.Vª¿Œ»ãÖ·Á0.ÛÚ¯#ív{œÇT^Léü•GàNÒŒuÈyƒoò”˙Åò
P©I-Z+7º8±n±Ãhæ; Ãt£<¬›\ "˙L√÷]@…⁄<¢JÃ[\Ó)“[]¸LåàÙ®a†I…Äëãu-˛ª≈A{¡6ä˘E,ßài¨ì°Y/ûp∂UèƒE5¯ç8É7Cé`gQ(kU¡Ie∆™ZÊ∑dH≥Ç∞Hô*7l	Mb T€`fÒπÄ“g~Ió/1@¢!Y<˚õÁWôkùﬁ‡p∏ºÍ†< nmº„¯Ç©¬ÔÎ3 ún(Œq‚U‘µzîˆ8˜,zÔ-‰|∞g-@[®eØÓ>wd£ÓÍk‚QúbQH’s0ñ">‰u*ÿÇUeÛåM2◊è2Øñ¢;ƒ%=¢s4‘{ã∏c6Jƒ*M+~{Lªñ¶ÀıƒÕH,ª1}†SªTÆ!SuwÙé-Ïπ•˝¯ïi≥®Sˆö% {¯ñ9Ò3!bÏÔ<N1®W$ÂQ"?hc1∏Ü¬V~e@S*ÊàóUÃ<íä7õ‘*©‡«0q_H˚LúX«∏‹Ô*wåøpEEe˚˚årÊ2æ≤ù÷ 3q124QM7ƒSCkü3ê∞æ&∏ü(◊>&Ø¢=ß2ÂxÖç¡Ã3ñºJ∑≥≈gÎT0k¥E,(Z˙e∑àÍG?ÃµE˜FÊ÷ÛÁ˘ànçóD§]KE;¸˘Ç%ïp2noP.ÃnP∫ﬁ?§qƒ”s<@>#Y˚J;ÌQ´ÈYÅí„ª™Ò(≠ÌØﬁ3Ã ›¡ô¢Sß¬S\LWikÃÖ‘Ø7ü˜`–‚V.&?iÒ´X?àˆÄ£ÔÃ©Œº@ª“Ò0ßÎ∂µıï∏”x5P¡EV1âS8[Wu‚≠@RÛ\∑Ãƒ–›Û”‚5*S ;ı* (t˝*SÊ_y∏£x%—î<‘¶ˇ 0uπªósràD®ò`9bUÖˆóÜÀƒC‹Ì(øåK•kÊV˝Âgs0ñR¯Ø˘™}•7YJÓ\¶5M.ÁxÛ7*k˚Ó`∫zghÕÃ«é˝	x™åÂƒΩ‰‘8	fq-Ì¶"’∑«“YES«j{@\◊âSIñ‚¢qw*Z2⁄%7Ê†xeø8â3$}¡h˘äM9âºN“Œq∫â‚:–£∞ÖR§®8ΩJ÷kQE¡o∂"‚»≈;Ê(Õ?H¨´/¸òMK@IúÓ%.Ëœ‚Iz‘h5Óq©ì$sπiúÀÔî‘u©]7∑F:vÈV∫.´9óæ~`o.Ò‚®µºD2∫V≈ªÌ8{Aƒ£Ìûn:˘áƒΩNbòQ∏vâ»UkÃn»Ç≤—ºJ G$uﬁSÇów|˙ïâ^!ávSu\Ù<àXb+õ∏5Ì‘O¨ﬁ≥PX´›b&%M•ÍªAMi{ÓOÌ cQ ØrÀ˝©tÓ0∑º≥OyŸY›ˆÉP‘¢=‚3”-=∑–%J&9Ì¡;√©ZÃ‚bSQÅâ¶˘‘§?âÓWî˛˘ÈSêÚvÄ6…ùJ"câä
â+jòiúñΩÀ
®˝°Yº„àÙ(s™‚eKkEÙJ+ØN.ÅÀA∑<J⁄Ñ/È¨ eb&™Sp7ôî¶¸E7rå¿BX'uWπjÖ∞∆çÊ"Ÿ∞VA™£>"¶˘…5ÎSôÕ‚QÌˆé‡+s1‹©F±ãËFéÖYzÑ¨D¡1—òïπQ(‘¡"ß˙¿T §7]Æ¥—(≥$∏›«N–\øYÒª
œèH<4Êˇ ü£*X	TˆIÖUŒ˝∆á*¶.:ñä¬ãœ>£”|¿ôÃiHÊ] ÊjÇ?1Â‘+pïbzZùúëKX|5ºº R¿Ã∂™BÛ	ÆÁ¥v çfYYà÷3~ Ä±Gw„¥g-Jä’0(A˜‚T®Ö]ÛZÛz®ƒC5›u*#9Éh›1x¡ƒ⁄%“[çKƒ.nrÂ„¢›^Ò4NÛ—Æóa«Ko
¶…Ã!uüp#£Ø"g†ÍÄöT©ã m”x„©™Ï˜É…QhÂnas$ë•q«yÇÄµ†Àñ&¢*} ÑL\H–@(£eÊ^:ÃÅ"Å≤Ø‘=F*Æ;¸Œ–3ƒ®⁄Âæ∑Ñ≠ıMt≠M;πñﬁ”‚g£xïâàE¡„£X°÷zb=8âèR∫2°f]¬•ÊÍ,Càpñ∆{^"%— ãQ*¢—˚FD‘∫Û81`◊ExÉöÜH’≈âÃut∏o•íÒ∂±.˙2¸Jåz2’ÃYQ'xÖ)óûïQÀòç‘`ÀÎx1u@≥Œ°æï¬.ÿ¸ÖhÊ"´ñò≠UŒ(›Ç:-6Öà·-ñÃVe&#hcœ2Ò-∏.›πƒ`GÂíÁ1)ãçAI}o†◊Ká[A≥v_h≤‘:[1Ks._à≤ﬁó•¿+yŒ!–SS‚,%Ü·)rÉpÇFoqÊG2>L‘m“‚%Ù>PÉ™≤\AÉ.\∏∏ó.vÖz∏1eÀó.,æãó©r˙m]./A{≈ƒπen_C{Å}V∞V∫\˘Ëª∆ãtgûêãÔdï_1è[ÅÈ•˚èAe¡ä ´‚·—pu—H·–â}KË≤\#(3ixË\ÀõG ÂÍ\ºt,X0bŒ`À*\RÁh2·ôrÛ3¯óƒπr‡%¯ı¡ îÔ+ﬁV¿ Æ)‰ô"‰ÃkD≈∏…ìÁ®Fí· o	Jf$"˙/ﬂ•èxNùÁØO“NÆá°_——BÂË:óôrı-∂\qeòó[qgó§ùz)ﬂ¶–ÛÑ’`*{BC=‚`E:˜À§ñ=°–"¨¨≤·º1Úá]YÌﬁaØ®ÅïåÜRW¶ΩCØ„“ı«AÅ¨Bó–∞Ë\^Ñ;ïÔ9N˝7Ô=ßº$∆y¬O””Œm=Áº<Áø[ﬁ=/xœ¥ˆèóC$æ}|yõ« {NQÛÑìÌ=·:Ùu'Ë·√˛ã`Ü_Qz‰æpÛÎ˚B	÷m	<·˙0Ë”†ˇ kﬂ£ﬁ{œiNÒÁ∑K–a}·Á=£Â=°Á/{Ëì~à`VÌÅ”?KY%Í÷¡Á=˙o∞Ç8y¬H:ÎwË!Î//ﬁ{KwñÔ—ÔÛ/ﬁ{Gœ°ó¶˘Ù0˘Fc]œiÌxJÎÊ0pËÂÜ[ËêA–`˝ùÔÆ~àˆåW†ãC ]'óIÂ8I–˜áú˜èú˜û—ˇ =Îûï;∆iﬁ=7 >QËußœhA$á}4 ÛáX~≤'@Ë#_Qr4ï˘ÇK´ô⁄;ö¯ÇÍÇÄe©NÛû”…(yt<∞ËZß^Ò=Â;ƒ˜û”⁄{œi~ÚÁ1ÜΩ]Â˚« {Ù>S⁄_ººJÚ“–R®tÇÑñ$Ix8tØ–êÈéKMèƒYµÛs$„ΩÊV>qóÔ1,óÒZπÂÌîpÌ	*›ê‡úq˝ÓÊæ≤é&Z¨ƒd‚·ú£ÈŒ=∆Ê?Â˛—Gn-ˆûx~É {G Z˜s‰aA–—àÙÖG•XñÉÉóóñË_–ùÿë"B—c∏g∫º¶yßôçyÉÔ
Û/ﬁaÃØÍæó”}/=Fí¢kb,˛:<=ræ¶»é”≤áf=¥i§økÒˆK\˝∞÷¸∞O‰?à∏©ˆTº<…ã–|üƒŒ“HH¡ﬂàäƒö0>ë>∞Øô _~aRœg®(¸∑˘ã<`‰?x¢◊40NèbôèãóUÅ4;ø$V[ESv[-E8*±∫è˙‚W@Pl˙√Öî.*/ÈA∫É–ŸÂaØó“Tà>£qÊî˚O_¿3ëD
T<YÉ≤)%¡\-≈±WÙT_“Kç∫∂_Ë?QÇŸı(ˇ f"U!.1ıﬂ⁄ÄÚ}¨–ƒ&ÿó–ÈJ>8{A‚(›∞ä€⁄r¡Ëãπ˙”J– »¸L:˙'èÊ	»$—πÏƒEt9Ùèi“zHVêøXÂÆ‹ß•‘He®é‡˝Yó/˙Øˇ ◊Ë∂fj7Ãø’}*S+° ñπòV/oÒ˛04`˚ÀûìiN YÎ”cñ6¨ Ëººº"ÚÒÚØÈÅ÷ˇ XL~ãÎ]_°cLgyîñà+W^Â\©DHùT©Rø∏µö•@È]._˛©“ˇ ]ˇ óT¸EoÔ8â*qƒÇXn(/èÒ™Q“•uπ˚/ˇ y‹À%"fDπ∆ëÈ}n\ø˛Eé⁄Ç9ãp0\ëﬂ˘/ÙˆÈ_Æ°ˇ ¿∂W˛øˇƒ *      !1AQaqÅë °±—0¡P·`Òˇ⁄ ?oxîHX|A&≥ı{"bYè7Ù8m2∑Ÿ;—]lyRgÇXù"°%4c˝ò.õ dK◊¬ÓáØ—ÜL9¸û ëUeK)ª«\EÉ:ŒÃ¢ú2Eå›Ò±&üüDy÷:–”[Ë∏ìäœóë˙˝mfôq˘0Îo>!ô:‹“∞jy¯Ú8Ü€f€u÷mÉ¢b7û«îGÅc¢64}ËvËö#O(hj11‡ƒ◊ÿÚΩ#®ç1w˚D∆ó…íxŸü"¿„Km…ÿ—∏Nzåûƒ´>∆öd÷(‘{"<			dåÎÙ$ﬂ1˛§õRô ”dmâ	√7YáQ*d¿Ú'‡Ì,Ωà∆Fçt1\(–ë0'aƒós%Q`y„XæÑù´¨—◊[ÛñdûÖ¥6ì‚ò"¿ïDå—0D5:ô4mˆ9JœsÑvvL°lûÖºìBRúOk¯·ß˝	aò‚>âŒM5lìI·˛îì£Î"±
¢∆E^
ø¿ò≈1Ù;<=˙f1
M+–∆m8ı‰k[≠$ø{Ü&~âÇa30\E»óM,dBÌ{¿◊Tè€˘WŸ8…8¿∂cƒ„–◊Ò˙'¶Fïòd˜Ã–ê“¡\'mÜ˝Ãœ\$ìW	¯œÑERΩ∑éSi¶å∂9˙ﬁFµ≈¡Ru‡TZƒÚƒ¨≥ÖöÍB.t)∏˘7~8Ï¢iÀ©≤	diOè‹¢PÆ¸í—#{ÇøÙU:Ú¥E‰q„Ú4ºâ.∆"3ÏòæÕpë%ÛËh‘˛…ÇMï∆à$Ú¸ãòÓ8i‡Hk•.oC5±ìfîM·x=&˘MÍÈ›	Pc¬kΩ∏/åâ`±AÈ·'|ìcËZ≈dÿ√Aºâ\Ñ'±,îqw≈ö{2-cm,*ÃTW%pè»∂|Ù$ÂËπo±<Ëè#òÏƒ8ø—w·è~KéÚ!ÌÒâõËËq√ç58{¶Q2∑≠–‘Ñ·kd™¨ÂØ¡ı∆M·aZ®ìNo|Qˆ&kyfbO°`KnkewŸjyÁ;O)?˝¯©ÈS‡L‚hà•ˆ#[˘%fæL¨ßë,°-ÁGB∞]`më.=qrêƒŸ^à˜√ËèQãÙ$·?C‚{2bH_<dÏ„±'dËÀ˙\.z]|Òü&|éëêÁóèÿ{-oFﬁEF2∏B∑bFé¢,~Â6’––Ûá±¶íiì⁄. ñ25ì]	z§ ∏˚)d%º
—°ãiƒt} 'Xª◊‡KYæ∏K*ãd14"^…ÉK˝x„¢c‚3≠sé„ƒ&7á–ñH+ØC»üÅ´&Ñ◊»lÕ4¿€qxß–Ú.|Æ‡ÁGbDYßû‚EÚ+W	Øm∂Jx·¢q=–£>]ËE‰bKægúx…$‚{"â’íWéWCœCDGíq0hylƒ‚q◊Y^úfi‚28∞$ ∏)1≤iΩ·J1ì%≤$b?=¶¸òª,Ïfàw¢<c˝Ö≠xáÚ0∏úk¡åpåüˆ5	∆∫«ÉUliô·˚:¡è”±~à25U]≠⁄,6‚ÙQ,S
çe‰ËR?$1Ç_íù•ÅüL&K"ZTeJ<ˆR&óÓQπÿˆ?‹tF·≤àÜıé+¥{∏I≠`™˛‚DÍï‡éJ¢p˙·¯N:3¬YÂÛ∞˙Ïúﬂ˝ÉËÛÉÖD¸Ûû'å∞S¿Úµî≈®Q•Çä•Å$ñQÅD»éÏIQƒeùç'ì&f‡F∂∂`X"¡8k*	∆^–◊°9f±#≠˝5Üß	Kë≠í˝≤;‡É#d*à»ìm<‡Ô°òáBJÁ\AêÑ1 µ¬¯4FHæOX'	q_	§¯ô§9Ev6k'¢ãi(!1kCIN≈[·¨òÉE&4”4»õ∫4/É1ûE≠
˝p‹uç©øÇ4Í"ñ˛óëÉ≥Æ¡ÿí∆˛	ÇßF⁄"Û¬‚q÷åõiE‡N2ã=ìòA¸Ò—àc[¬»¥6gs°“5»4ªÇ¶§tFû®ôz'Ñ=åâÏââ—ïﬂ!ø?LzÚ&$'ìjßÌ[d√~8~ö!ë°hC;·f·àA≠
wƒ√…	ÃÑ≈1‡]_≤q;+Ûœ\Aqî].åÜﬁ&Ñïv„Pm9ÖäTøÅ`Mç{æDûÊ(€V{"ŒL5√SFc™L :÷«UE„àêñÑÿ—∞“‚8O;‚dKTF2Ÿè'\LêTi1"2bY¡°&ë=ç‘J®¸"‡ä	º
jÏôŒÜÍX◊j>$«ËIów¢1&∞–ô´I∑Ïl$ “ÖµDœ8Y√ì"ÕÜF≠ûö‹,ãe∏Ç“¿î§˙¯»Ü%Ïk<K«d; …6∏È^#‚x‚,	
ª'∆üdcN`õ'íccI¶ûôTK∆#™¯0˙¸iQ£>p§õuawŸ±òõ˘<¬B18J\˙:4Ïfﬂ–àÍˆ$ÓÖ"5D∂D2p÷H=ú$([o‰hj7√!<ìd Ù∞"uÆèLâas•·ŸÙx…§_'|#n%h™o°CEÀ0N%fiÿAËâ-dIâ±lXjaçïk^HúËQ‘ûPçº	ú]êäæFI√	liF> 6Ô˝ûB7ùëö5—:‚q=âD!∆≥±#Ø–◊≤q©É°Æ2cdiëÌv$à>ƒdòDFZîàÍÇˆLçhÉMtBpò©¥¸£E˚âa˛»Pì-¬Q§So1¬J˚C\æ∫BI,,àâUˇ ‰.s÷â\CxhzC‡ôú"!âƒ:&xAÈqA`Hè!Ÿ	¢"◊#Ù‡Êâ1âB§‹6d∆äîô&M'Ö∆Ñ≤á±¢eù+¢eB4$¸?Å.Ñâ1ñ4Z;ô!¶FñÚ;^0∫ÿ∑íV4Ã"dô‡hHiJ4Œô!ÙMíì¿÷Ñóp•íN…Å`ÇCY î%\ˆgcZ&
¨kÑ©ÔÑõâòîæHLç¥Lé—∂àÜ∏Ç2		a¡ù*åÉœBH“”92pVï1{»äi≤f˛‚≠!aË”–≠çA,è√»⁄≤Òµ‰k—éhÉ[3ÃŒH:-A,lÇ–ï!2Ñô‰hÑ·a‘AÏÑ!·0<7–’ktODœ	"{&ÖÅ°ØD Ω0ME&≈¥-?Å4)±ZY¢Ö[êΩ*≠√WÅ!√¥¨r	2gÏØX–ëçC†ÑXˆ»%Å!l ÑõA2Ó‰k¬X'¢cdQpûÑ´{∆»∞-êàÒhî÷1à‡—µ©∆∏bB+ëåóÅ&’’°%—ã≠ç`®—°äL 4ìçòûë9Ñaü∏pg»ñiúIdqÁÜ∏ “ò<àJh+”_ò5¶ÈŒ÷WÏ6O(ÉY¡ÿ’˘ ó£ËhK<B1Ÿ–ñ«–íö#b•µ´hÏd»”2Aß6$áfPïêyA¢	1˙°2%ÅXõ|5ËI2Z¢øùK°∑…e?±™∆∞ÖKB4ÙM±§∫ÉÙ¨éëêÜï∏i·√≠qA'Å/OÁ9œŸì˝ämíÕ?)ˇ bjÎÚø°æ”≥7Ó5”y‰ô!†ó	"‚dÜ!¢w)53xûÜA˛H∆ÔD'¢
A,‡l£ÑP’ {"w”Ü„4Zñ‚m˛5	Ù"$áIâ∏„Zœë¶%ëQËxz4g»÷Á°¶5_‡Çp|	Ñ'°‰BÖ±9ÌÛ_*Î‰Ωì˜($<8R ¸·0≤wÂìBHy!	6eº≤)o—3Å•\¿÷àBãlå%á†ÓaÛ9Ã—3W0ßk"IkﬁFˆÕ±$œËÑŸïA£∞D◊B*%N∏&x¥ÖÜà0–ñrCB% —B}èBÑÔ¢K—25‰ÑiDéhÉD$ûÿ‚–— êı¬ü|SÂâdõD¡,û†π/CCdÿëW
·RKJE≠Á9*i¨q˙rü`®ﬂÉ&e®&[;D¿˛M	gÉHk\SmêÜöi•d·6 ÷»çx¯»¯6!™ﬁNÉD1F∆,ÎÃ≈¬û≈ïcM|ÆÕ> íêÑ7Ωç+¢"2dÑÇX&QE¡hú ÷œs6B»EËZÈ»Î”∏Î¿ƒãõœí>–yπŸÖ) Ù9À∆D≠Q«{Ñ6‹IVÎ˚ˆh§¡'Gñà±çà“	<!Lâ+˚HR©ïøè'¿ÇM”}”ßfD&ÑàM‡cÿ¢81-°4Bpò&Üñ"&HâÅ°¨PhÇ¥»ìœFñÙnñkWB…$¸ZÑá$∫4ë»4l/åà‡Ÿ/"V‡ëàk&G_By^…˙B®Ö""Vg≠Ú`P˝∏>D'ΩÏLêò&x4BéÜÜî!ÃÛ¢dB≈Äëa$óèÖâ£i∑÷5¬3;…O∑Ì	‚W±\ØY¡J˚´hçxu	‘#ÖÁLlXYÀ»ic2˜L{~Içpˆ˝∂á	≈Ò$˙c˝Éf‘s…<rDC˚r$…v™ûy¸zÓog√à1Œ7≤àN"Ûƒ2¥…I	àf”ß©òK}±(A$Yÿñ’⁄ÀOÖím§ˆì*i≈Ú â
€¬Áé≈ôT¿˘,£•RqÌ_ˆfçf–â°œ\|2§r£‚/‹0∏0B¬DÑ‡—85ä≤ìCypô––êq„ºûF£CD¡=Ò(◊(ê÷æÅ8HÙt'⁄ØK‡i›ìLË{ø—ïÒìœ<<à`íÆæ›&õäÆUÛ¡µc<Ñ/∫&Ò˚44|Pó¬ÊDr„‘”Ç0ëø∏SºÃ¸;,;ww˘y"V˝{yì8øQÒﬂÅPÉhE:lT4HdòíÔCF1Ç¸v5Âµ‰¡⁄cHDÑ£UÌ¨)ÙZúœÅÃ^Ñ±±£#qW∑ÊÉ≤ë5ÔD2°hèØO°'J∞ìΩ;“¸r¨	œUÂ>VRYzw8≥±‘n2ΩGJgé⁄„Ò4‡√cr‡√/îƒ°–ha¨,-êhhÉK&iî÷Z/‹∏·º,©ΩéïØÏßE?"+pc¡"a!¢BhÑ!D$*  õPj6µÊmz‡óíƒ‰IY‡kë◊4U>oúYûoÄ”#˛Cñi¸ê—†—	ÎÏhÉD!Ü∏ 2±BÅ%“Z+∆JçÑﬁ2v)Ë/"—N/Aæ05ën4MÆ„2yO¯·≤é9ΩÙƒÙQ¥WKÅ1W°dm(\óÜ Ü–∏PPi¡®√0¯/–iêJA¨àÜÜ∞4àA¢hhîõ	"ÑyVµ≈·2åj¶º©èb~ El˝ã
ãÖDÌ∆ÜƒƒÀ e(ÉU…\∑¨atQ>	îØâƒ ê–è94*Ft!¿¯/∑Æ’ˆ†˜∆ÜÜÜÜà∆ò—à«°∞˘ëHåúãD¬‡€ÑÆ<∫B1¨ç228åëëëë˘2FgıæÑÜâº„—`à\‰Xg<vgÑ∏j0·c>xâıßéW¿aè@Ú·b|I]
ûë|pK◊óâUuz|jÜ‹,´¢èè[pô#*êÑ ◊¢q	Ëôü–ÑÑ≥√a"p¯ÏéiAoŸE∆Ñà!Ñaî¥l2n=ÒYeáàÔÒ∆éôjwB*yM∏«.1yæ›/±Üf√P´ôwEÆ≥∆û	&ç§Q°$ë≈ñÙ≤ºpø~∏$	ïπó˛ÖÎ˙$ﬁcF‰|kÙEGÅ5åR	""#^cQ®◊Ö,e†–h$j4£÷o≤p™‚±øTgL≠/ÿ©Z£‰lÜYæÎcmºæ¿z;»JOåkÌ)Ü3(ˆ∏˚ãÌùµ&+hómçötN8œ¯Cå¶ò4◊ bfîD‘´a„Ïˆ◊ˆ+˘C2ÜﬂWcF(õvB]"f¯ﬂ°¯‚âºè	ãƒ.)£À=Ã˜Õ¿‹)õíªy<£≤%ã∆$≠ﬁ«µ¿˝CT#:Ÿ|ƒÜÕ!óDxRãÃxMÃ2E!˝/…Ùáˆ{o¸IöLì‹{7v®Û<?"∏ÊØ
lÙ””^¬’´-™¯y '¢““_KÙK¨l‚<_Ï]_5˛æË_+bSãL´ˆ√‹{áÊdá®˜˝‰5˚çy˘p“XÙ}ƒÌı–ë"›Í_	
m[V≥”˛Ã≠ø∑Ù$%ßl|ÀÑé™[ï˚W¯)iiyøÏó˚(Ï˝?ì6WIÒ˙îNç7µôD…C€§_ˆ,—ÊñLiã"¬´?©£2·ÈøËS Êêï˙§R[Z◊«b!L£›ŒL!uä∆{∆≈åÄnŒ?lrñ≠cèƒè≤'˝∆Ì‹ı?"B5vøπãkh√ÂËBoﬂî¸G=%Ìâ!¥wË¬}å$≥XDi|S{¯ÖFï”˝C˜Û†ï7*ìcÌÙ~«*ø‹≠3 ã,ÚG1~E$œΩø—8ñ™ß◊áG©Ωó˘ˇ +
ô|/∫œÕÿ£°˚/Û˜_˙¡âñuÒﬁDÙ7Ê√≠˛O¯4iü˜G˘øq∂ﬁXÕ@ól˛BäÖ’Fﬂy˝©¯È¯¬3Â˙Ó|˚o…ÜYÒ›·	ª»⁄∑≈≤'#e”…Úûv[nÂÑtÜ˘¬í4[,x$°i6‹ˇ ïAGÏ§$ˇ €…–!‡”(£#Ø%ˇ ŒõN¶&{¸èeÒ4Brà<ÛÈó?£¢	pÿﬂˇ õBióÜ“:·ø˛æ+ˇ Ê_ˇŸâPNG

   IHDR  ‹  ‹   |£ı   tEXtSoftware Adobe ImageReadyq…e<  ´ÜIDATx⁄ÏùúT’ı«≥3≥ΩwvÿñﬁD§
ää±wç%∆Æ—hç&&ö®˘«[‘X0DEP§£ “€¬.∞ΩœÏÙô˜øÁΩ¡–Ÿô}ov ˘~>«]ÅyÔÕ}Ôæﬂ=˜û{é√hIÇ∞ha¬≤ÖI¬bÖ%{ˇ>QXä0wèßfVÇøìºÓÂ˝ˇFa.aÕ¬Ï¬ZºŒ0LÄ—q0LªHñÔ‘ØòvVË⁄Ta1¬2ÖÂz≈0Œ˚o·˝ªhœI‚l9â‡÷yˇ^Ñ ì‡6yó~:Ω¬[Ó˝›‰˝ùƒŸ!Ã*Ï ﬂZÜa¡eò@ì$¨@Xa]ºVË⁄û¬≤¬ËªJ^zßW¨	´VÊ˝ˇ=¬*Ö5x≈ôa\ÜÒô<a›Ñ	Î-¨´∞˛^è5ôõÁg^Ò›ÈﬂZa;Ñm˜äÛ.n"Üa¡eò√–T0aΩÑ6»Î≠&q”¥€Cﬁ··›¬6zΩ„ºÊ‚&bXp&|âÛz™Cè0◊xnöÄz≈5¬6x=„ïP÷ç∑@YGf\Ü	QÅ"l∞∞âﬁﬂ;s≥%˚ÑÌ∂FÿfØ'LÎƒnÜóaÇì3Öç6Bÿh(Q√LhBS–´ºﬁ/	1MQWp≥0,∏”1PÄ”9¬¶Bô"Ó≈M∂–∂%Z˛∆˚s5îÌO√ÇÀ0AûÎ4a„º"k‰&âH¨^œ˜{a_y6s≥0,∏„?—^ñ¶äœÖ≤Uáaé•Zÿza_˚Jt4√∞‡2ÃiHÚ
Ïl(Où∏I°HË≈¬
˚mOõ…0,∏LÿCyßõ)l2îıYÜQäx˛¸Ôó£ü\&"9Kÿ≈¬fAIï»0Z≤_ÿØëÁk·&aXpôpÜ¢â/6Jv'ÜÈ®8√ß¬˛%ÍôaXpô∞Ä*ËÃˆz≥3∏9ò É÷|?ˆ>84√ÇÀÑ(îNÒ*ØÿÚî1
ê◊˚Å∞¡’ê\&»°¥äóõ% äaBë
Øæeü/√∞‡2Ay∞◊
ªú∑ò	/(π∆Î¬˛Ævƒ∞‡2ÌôΩ ˙l7∆Pu£{çìk00(“òíHllfîH„ma¯5¿∞áÀhE™∞+Ñ]•h;√D:T’Ë(€ã8»äa¡e⁄Mé∞€Ñ›‡˝ùi#±1z££êödDRÇ©…—x$˘g|ún∑‘ÊcÙ:4∂8anu"Z”‘ÍBMùï5∂wn—ª%âÔAÄÿe™˘o¬π9\∆W®"B].,ôõ„h≤“c–µsz'£∞S<Ús„†7Ëëìç.yÒHå7"Ymú⁄xc1QBÅä
∆âü‚œ|RDRPõ∞{ !æpy`mr‡PïU>åÓòﬁ¨ˇ∆,Dπ…‰Ä—ß¯˜Uµ646;ÂøØ≠∑°¢⁄*œë6õú8 ˛Æ™¬Ç≤C≠p89¢ü‘
{^ÿ´‡æ.”(MüÈ´Gq∑$Ù¢ZêèÒ{èÆI»ÃåEÆ‹Ù‹x@,Ñ†!JØ|HraFﬁ´Kò€£dıH üQØ£ü…∑H HB•S~ß5:o¨˛‘ˇﬁ‡vR‰Ë(¸/∂M\î√+¨ﬁktW[P~»Ç&ãÕçvîh¥ÂB‘ÏÿµﬂÑ2! ÕÕˆûO’}Cÿ3^ÔóaXpôü…Òz≥W
+âƒË—5Ωz§`Xø4wOF±^ªÀﬁ*2bÖG*ÑÕ„Qƒí<@ªU´[˘]"M-í=‚√nÒ·7âwºAiÉW‹…H§Ì¬3¢kb[Sc√Æ2Ò›Wn∆˜[õPWg√ˆΩ-∞Ÿ∏8œ–6¢óÑ=-¨åõÉóâlxΩY
ÜJçî/ùõãa“Q“+cád¢k∑DÙ.LÑû<VÍvÒÆ¥∏aµ{Ñ„*Enè°ØN-ŸË˝IÌ§ßA<D;ô](€g¬¡C≠ÿ∫◊ÑÔ7÷c”Œ&Ïÿ›Ç≥3“˚ôÕ+º‰ÒñÛkáóâ,®Rœ¬.çÑ/€GxÆÑÁ:È¨lB€ß(	1	@\¥XÖ`8Ñôú T∞G‚ÈR_^"‰”õÑº‚$£‚%Ω”÷¬Îm©≤»ºy[#÷mnƒ¶-çÿº´v{Dz¬$ºˆWaM¸Ù∞‡2·ÕXaøÑí~1l)ÓûÑQÉ31zD6ÜıO√¿>i@vúÃÑWfsz≈’…)q/– #&Õ%Oò8—®¥ΩKx¬çvÏ/5a«Œf,YSÉBÄ◊o8¬º‡jaO
˚;?,,∏L¯1Fÿo¶˘ç≥3cq÷–Lú;:£Ö;∞w*êü‡ı)Ñ'’‰êßÜ%ªÆÓì'úlÙNIãﬂÕ¥Ï3aµÄW
^∫Z·÷÷à»¢∏Qÿü†T*bXpôg§∞ª†dÜ
+ÜJ«§1πò<*ÉÑõ÷-Iô"&∂Ÿ!Ø+J~ Éﬁ¶»iﬂ¥h%à´≈Åª[∞ˆá:|Ω¨À≈œÌ¬s>ˆaÎ˘°`¡eBè~¬Óá≤á6,à/ÂÒ¬{ù4&ìŒÓÑ~3ÄÙ8eñ÷ÏTõò–~!ëú"<‡$Ø W[∞z}-ñ≠¨∆"!¿ﬂ}_W¯Ó¶ƒøØÔ≤‡2!AÅ∞áÑ›_Ü≤3ù;>”'Âc¸Ëñ§
oHºà≠Ny-P¢Èb~ä√÷˚•{´ã”ˇo[ñ…ÅΩ[±XàÔÁ_ƒ◊À´`ø‡´jØË˛ì\&8°ïªÖ=B: _$!—àÈÚp˛ƒ|L9;È}”ƒ∑ãíß—dó˜¡≤¡ﬁ/M='
s∏Pª≠	_Ò˝xÒ!,ZZ)'‰#(OÛÌ¬6›g¡eÇá¬˛e9dô4æfMÎÇBlÛIdç!∞69‡I¢Ñ:~\ô√ﬁØù<ı,Ñ7%p∫QµΩ	Ûø>Ñœ¬ã"å‚„ûÒ§-|„Ypôé£á∞ßÑÕ
’/–ßW
Ê^ÿœËÇ^C3Å!≤ÕvEd›ºeáiã¯ä«ÑRX¶z≈◊ÂAŸ∆:Ã[Péˇ.8Ä5Í¬·[Rñ™_˚òo8.xhƒKkµ±°v·)IF\*DvˆÙŒò0¶êõ X@≠√DÒc…¥√Û•≠FBxE◊h∞`˝öº˜i>\^ÚN"’·••£æŸ,∏åˆP—köb
πz¥GÁbÓÃB\8• È}”◊§ *ßOî¯Id‘~π—î2%›»é•⁄Üpïô—óÊºR|±§2îøZî,qÔ]f¡e¥ÅÍ˜¬n©ãN1bŒ]q”Â≈<2Hàömr|I‚'ê	Ñ◊Î}Ã(ŸFfú·æqyﬁ˙h?ﬁ˙†uM!hE…2®Nuﬂd\F=(#•Äô‚ÔgŒ¿’ó·“]êZí&µÄjØR98~Íòé_ Ûú£§˘l⁄—Ä˜î„•∑ˆ`„O°¯çhj˘W¬ﬁ„õÀÇÀ¥è(âŒØïû9≠3ÆB;cJÅ∏˙†…™Ïóeoñ	FØ7=HU÷zˇ˚i9˛ıü=X¯uH÷ç›ÎÌr$3.„s°dù	zØ6#-◊]^å´ÁvGÔëŸê∑W∂*k≥ ≈;	:J-Ÿ)^ép˛iu^~c^}{léê hU
•0…W|SYpô∂ëe˙¯⁄`ø–‹ÃX<pG_\vq7dˆJWrWY!π9“ò	Q·•Èf^£eÎÖ
—}EXmÉ=îæ	≈z< 7îó95S†§sÎ‘mj4~yc	Ó∫°©≈i@≥®∑+Ÿü¯âbBù√•©úc|4ö˜4·˘◊w‚•7v„`Ël+Z-Ïa;˘Ü≤‡2«Cô¢Ê§‹˜‹ﬁ˜‹‹ôΩ3Ä·Õ÷⁄îP¸$1a(ºÙÂqNâEÎ˛fº$º›ó^›â]˚Õ°¨^—Â“,∏åó^¬^6*ò/Ú˙ÀãqÔ}—sX.`"[#ƒñÖñâèó˛CY¨2‚!Uô‹kªó∂·`eHxº/	ªôo$n§sÖ∑3ƒÎ^4Ωπß?ûùÿ]¿!O3ë≠ÛR
I!º≠e-xÈÕ›¯Î?∂¢¢∆ÏWæNÿe¬ˆMd¡çD^vS∞^Ì£˝˝˝0˘í"π:¥rÜ9ÏÒ“>∑4·Ò¶«£•¥	˙ømx·ü€—bqÛï”®ÄˆÙœÁõÿ1Ëπ	N±∞/Ö]åWòè?=6/˛mäœ»BkÜToWÜf,∂Ûøæ@µòÎ≠àÕå≈ÑÛª„öÈ∞ª$¨€P¨Wnv©˜Á∑|#Ÿ√wf{AXpÄF^w‹“è?4Ò…@µZ≥ì∑˜0L[<^˙Onº’ºeU%ˇ”&º?ø<òØzÅW|Õ|Yp√ë?{8/lÍ¯Nx˙g†Ô®Nrûc9ÚXœè√¯&ºíx°ä~”%Q~≥.¸x?{‚G¨˝1h=^Zœù)l+ﬂ<‹p!Jû”)¡vaùs‚‘Ü‚◊ˆR˛†‹Ã)¶ΩP`U¥^t0!ºf^}m˙›‘gÚó◊”˝êoúˆÆ∂Ù∂Dÿô¡vaw‹–˝{Üû”YN√({µQºÕáa⁄Ô∆Ëd—EΩM¸™√ê	ùq√¨.rö»µ?]aJÒq1î©Â’|ÛXpCï9¬	À¶ã‹/Ôø27ﬂ34«ìj%^´e’•LÙ)!≤:
¨ ç«îãä0mT6ˆóôQZtKßÁ
£oé`f¡=Ç≤Ì'*ònÙìè∆[/çF· 1ÿoRÇ¢x≠ña4ÙvΩ¬+˙öÆŸé¸°ô∏‚“"tJã¡öµµ∞ÿ›¡tµCÑù%ÏaNæy⁄<å∫º"Ï˙`∫†—gf·Âøè@Ô≥ÚÄz3§F-√tn	∫™Lîåö›ı∏ˇ·ÔÒ∆˚ÇÌ*w	/¨Çon∞í ÏsagìWK{jÔæ´ø∏:—…˜ô8#√t4òHÅU˘‚ïß«ßˇŸÉ{¸{ Éjöôƒv∫∞ç|√‘}'3ÌßHÿ
(S2A¡9£r˘º	8ˇ≤†Ÿ© ™xµ,∂”ÒnM3∑8†ku°dtnæ¥;,&'VOPUî°HU 7ç7X†5è•¬ÚÉÂÇ˛¯õAxÂÂ1»Ïö(∫J3$'◊ßeò‡ﬁˇE3R¢1yv∆M«∆ÍQS[àHÆÑR‚oﬂ0‹éfîm?AQ|`@Ø|Òﬁ9∏¯˙~@ìR%{µÙ–`Xx∫:·Òvûã[./ÇπŸÅ’ﬂç∑KÚZÑ≠·õ≈Ç€Q–»o^∞\Ãm◊ı¬'ÔåG^ˇ≈´u∞WÀ0!ÂÌ¥w7ﬁÄsgcÏÚvÎÇ%a∆da≠¬VÒÕb¡4∑BâFÓp2çx˚ï1∏˚ë3†sπ!lÂ ﬁÆExª&ÚvspÀ≈hÇª&8
"–^›Daã˘F±‡ä{Ñ˝-.d ò|˘È$üÿ(oÊ}µ.ﬁÆtÿ€5bÚúb.J¬w+™`Í¯Ú#Öe˚ÇoÆ÷<)Ï˜¡p!øø ^~},í3cÅ“%2O!3L¯yªfJ∆Ê„∫K∫°ºÃåÕ;ö:˙ Ü	Î%A√Ç´	OªØ£/"+5üº=◊‹1h∞A™Ê¿(Ü	oWIy—Â=êódƒ¢Ø+(áFG2àEóW+ûvWG_ƒπcr±¯”I Fªÿﬂâ“¬±WÀ0ë·Ì6;†≥π1trW\25õ~¨GyÖ•£E∑á∞è¯±‡™)∂wvÙE<¯´æx„≠qHLãÖ¥ØE˘ÍXl&¢D◊%‹⁄+2˚•„ö_°±ŒÜµP5ÄEóW-ûÓhœ6Ft≤wˇ5w<x–xƒ2√0ëu}h◊€ÂöªS/ÓÅ~›ÒÂó·Ë∏9f]û^n„ÌcN.∂˜t‰ÙÓñÑyÔåGﬂùî(dŒ≈0Ãa(≥1
Ëíä“ç’∏‚∫ÂXµ±CΩ›7Ö]Õ7Ü=‹ê€ãßu∆‚Á"∑W*∞∑ô£êÜ9∆]¢‘êêÎÌ¶ï§‚∫+ãa™µcıÜÀP≈ÅT,∏>CµlÈ»¯Ì]˝è7«âõ£ÉDÖ™9
ôaòäÆw ﬁ`á.Fè…£gN,>˘¸ :hÇôD7MÿBæ9,∏ßÉº⁄ß:ÚﬁyqÓxhP”
âòXiÜ9á˜ÏZúË?°3fOÏÑÂÀ´P”ÿ!i!©†g§b¡=%w˚KGùºSz}r.Œª§'p†í’≈¡Q√¯‡ÌÍî˜Vd ƒıs∫a˚ñlﬂkÍà´°åTnaÀ˘∆∞‡ÀU¬˛Ø£N~FüT¨X|zùôî6A¢í]º^À0åœ¢Îﬁ:Y±∏¯™û–ôùX∫∫¶#ÆÊaµ¬÷Ûça¡=Ãtat‘…/öîèE&#1/Ri3`¶˝»Óù–yÄq°w^>YPN1VÅÜJòn∂ïo
ø⁄G	[—Q'ˇıuΩÃÀ£´R•ÖßêÜQ⁄:-¸™Œ…ÿ¸›!LüÛ i/‡9Oÿó,∏ëKaÖEwƒ…ü|hx‚L†—™G±ÿ2£Æ,	·-JCÕÆÃöª+;føÆx·EˆÙr§æÂsÑmñﬁ'„π∏ÍˆÅ@ïâKÍ1(†™k`s·ÚÀó‚ùOÀ}î¯πü∞}ëz"q◊ lù∞ŒÅ>±Qß√¢'‡¬´˚(ë»6éDf&@ﬁØõhƒ¨´z¿›h«Úµµ}
ª@ÿÎ¬Ïëx"Qp©pÚYÅ>iJºK>;cf˚!π9ôaò]ì:Ò˛9Á¢»O‘„≥≈áy©¬¶{â7¸°ÚW˙§πi1Xπh*é+ÄT⁄®¨©∞÷2”Q¢ksCgu`ËîÓËìç??»+Ë$l†∞˜Yp√óÀÑ=ËìˆÍúÄuÀ¶£pP&∞∑…[Vè˚<√0Ωá\ËÃ6Ùù–9‡Ûo+yΩÖâóbdE.Gä‡ñ[ËìÓïÇ•_üá¨‚dH{Z8'2√0A&∫t6'ÜMÎäõãWVÚ
(jπYÿ‹ÅrzRêTr O:º_V,ùÜ§¸!∂‚ô2Dqg&¯D◊)<]á£f¡^e∆äZmà÷s∂É7<òOŒf O8r`:ñ->11êJ[XlÜ	n—Ç´sª1Òíb‘Ôn¬∫ÕçÅºÇãÖΩ#¨!‹õ:‹ï‡˜¬&Tl§cÂ≤ÈàNbªœƒbÀ0L(ÅR≥CNƒÛ¸;Á‡Át◊$-¥-ñˆcõ0˛nî√sA OxFÔT¨¯vb“¢!ïµri=ÜaBZ”ÌË£0e‚¯jU@◊t)ÕÓ‹–#OX98e>ºoñ}„ùFfœñaòê]tùª√FÃ«˜€õyˆ	ª!l'¬Ù{}H±%œv˘íi,∂√Ñ>‚˝%0âF|≥p
∫í«8Æv3nË@#§ÅÅ:YøÓIÚ4rtF4ã-√0·#∫•&$wIƒ EÁ!5—»≥ˇSÿ‹‡gé∞Îu≤nù‚ÒÌ¢©à…äïN[Üa¬Gtur˛Äº~ôXÚ—§@g¢•Y ‰pk“pRàÆ`™0€ıÀß#≥(“^[Üa¬J÷S⁄Ñ¡ì
±≠qÅ<3Â\^vÕFﬂeµ∞¨Ä<	Ò¨˛Ê<‰ıMW2Hq42√0·LãEc
êcê˘∑ïÅ:kîR™ü≥‡/B…X¢91B\W~9%#ÚÑÿ6qy=Üa¬z≈y$Ë,NõﬁÓZñØXYøa¬ˆB…FMÍtøÌ O&a‰›!Ìm‰Úz√D$∫…—@V.ô¸>X–≤~=ÑÌa¡ÌX“Ö—]èƒ…Ê˝sfﬂ‹ÿ◊âKÏ1i∏ÖËf«FFçòèUõñçqó∞^°ﬁ|°ÈÛ~†ƒˆπ«Ü±Ìhf±e&2—Î U[Â —ÖÛœEßåò@ùπß∞WXp;é_õà=xS	nt8PaÇ‰p≥ÿ2π–v°˝&$uI¬∑Bt£«BI1.Â¶UÈ(∂;'ö}n>Ê}5®≥)…Ωy›ñaFY”-J«¬∑v`ÍïKuVÒFw(Kâ°7A¢∑zô∞l≠O2b@:æ˙˙<¿ÊÜToÁàdÜaò#¸5]ã≈cê‚t·´Ô™•Y„ÑΩÃÇûvë÷'…œä≈⁄•”ùÈ†Ö˜⁄2√≠∑äóksbƒ›pps=6¶–A'aîkÚ€Pl≤PÇ
…oƒâ∂-õÜﬁciØm3{∂√0'É"óÖÉÇX=Œ˙	÷oXÒ˙±¬æ•¶
µ†©qíyˇ%ƒ∂3§Ω,∂√0ßÑ"ókmÚœ/?öà¥$c†Œ¸!Blñ6î˜i(¡RöÚ-Ω1˚ó˝ÅM¬ˇg±eÜiìËÓ7#£gæ~B†ŒJq<oÖT3Ö»uRπΩk}ísGf„µè&µHG$3√¥Ÿ}ÔÀ&;ÚÜuBn‡r.Ô[Ömc¡UèP≤JiF~v,÷-ô=’ÅÙNè0√0> :ãgLÔéÜ=çX∑9 Îπ3Ö˝ü0k–èIB‡>Ö L%/¸œx;≈C:‘ bÀ0„‚’)Ÿ‹@c+û˚◊XúŸ7-gçF f@#Ap˚ª_Îìº˛ßaË7°+§RíbÜiü™ËîºFæò7I	Ü@úïäÿ\„ë†f≥∞~Zû‡™
Ò∆'ìÅC&Hvèf-¢£ı:∂^åqb¢îÇıFùòE…ôÈÔOWƒû˛ùS\£K¸¥ãQ§√#ÔÉ#ìÛ;3L$:U:Â%ˇø˛•W˙˝NsúnÍ/¢Ø8EüqJJ?‚>£=¥]®8ﬂ¸g&^ê-≥6({tõÇˆY‚€ı†∞?jyÇínIÿæiñ‹'•Z´™AR∫h—Ÿ„≈»éB‰‚ßÀ•àd´÷;ZÃNòÃ.8]Ò◊Qp8‹‚œ\ß<¶¡†CZr4≈à1+=zaà3»˚ﬂ‰[ŸÍ¨‚V7$ßás>3·≠“ 5ZØà*yNFΩÚ4çIœºË_ÊzjE3ã˛†jú ˙aFZíS£ï˛Hüï˚åË£6—g,ﬁ>Cy“π0â∫˜ãf”Ë≠KÒ˚ˇ€à≥~·ıvYp}†Pÿ~≠OR∫j∫ç»Å¥ß•}S…íwîMùYtlyd›dCcô?Óh∆ÆΩ-ÿYj¬ˆ“‘÷ŸQ+^&Òbh19·#mΩz˙ŸÙ‚:iä&SàmVz,∫wI@øû©(?áÙNEAÁD$ƒ!◊“Í ÚãàÛLHy≠z≠$å)B(i %ÃÍÑT'µ∆&˜©›˚L8TmEiπeï459PCÇ[oáÉXmåB¶ËóÈBp3DøÈíè^b∞ùóèÅ=R–C¸û$˛LÓªZ≈qhÄÃ^p;°LTtˇ“¢qˆ˘X˛C] ŒJÊ±‡∂ùï¬FjyÇ∑˛2óﬂ=“ﬁˇ=[zò»ãÕçW˙©Ë¸+÷‘`—wïXΩ°?niD´≈–ÜKœà¡Ë!ô∏pzå<#=˚§©q Hæ÷¶å‚yªÑﬁΩçt4cì,ãÒ¬Ï¢ÔTYì¥í∏Æ›TèΩ¢èmﬁ›ÇCÿh∆HRƒ@πI*JäíDü…¬∞˛ÈË◊?†∫Ø4'Òm≤CrK‹w¸Å¶ñª$¬t–åŒÉ>F≥p44¶UXû∞‹”sï∞7¥<¡‹©x˜ãi¿°ﬂ◊m…õ•a/çÜ”Eá¨∑`Ò7¯ËÀÉ¯‚ÎC(?ÿ<7Wº,F…¿‘sÚ1cJ˙À¢eÔv≈ÎÂ˜”Å"+O9í¿¶∆(œ¢“{öÒïËSK÷◊bÁNEl	Yb¿:qD6ŒïãÃÈ 4Vç0ª∏Ô¯#∫≈iX¸÷ú{Â≤@úÒ# Á~®nä∞jaöU5.»âCŸ¶YàJ0B™∂¥}ƒJ=L≠Œ+¥¶ΩMxc^)^}g/6miâg~Ã»\:´+ÊÒÕÏõ°xΩïHπ3Yäe"Å%s∏Q+Du≈∫,˙∂ﬂÆ"ª;∏ì·uü?π sfb∆ƒ<ÚÔª⁄™ƒJpﬂiõÿP;¶‚˛Îñ‡œØÌ
ƒ)©^˙7,∏'Áaø–Úﬂ6CßB⁄”‘ˆu[∑wÍ8/ŒC&¸Â•x˛ï®¨≤Ü‰ÉOÎX◊]VåkÊvG…»\ÂÂ!<âF≠^4ÙpâA.ƒÄóh‹⁄àÖK*©∞≈À™––hâÔQ‘-	≥¶w∆ïs∫£ü~Âù‘w¨úôÓ¥xºKºÉ}å≈@Kc®fnÓâçÀ-˝·éæx¯Ôc ÌÛ¡#uâá§sºËXzº˙¸¸ÒŸ-(=–6}‡∫Àãqﬂ-Ω—sd'†Ÿ∆Y∂uΩYzî2cÅ§HïfÃ_t.(√ÇØ°I˚µ<Mô"º›õÆËÅôÁ
o]|«ÍVHf'ÔÈúó¢dî}_ã¢Û·vkïF9¯Ôc¡=ûRa›¥:¯‡íTlÿ8SYiqúæ0ç∆åbÙ⁄%ÕÂÕ∏˘é’xÔ”≤∞ÏTÍ˜÷KƒCÉê æØº∂m„‡*∆_°ïîÈC
&å5†Úßzy˘ÂÕ˜J±sOKÿ}›ë√≤pÁçΩ0gV7%ÆC,8˚)Dáñ∞ä“Ò∆S?‡ö◊‚îΩÑÌ
äÔ$˜Ä≤I=•Ÿóﬂ≤lÌË<4`úŒÉsy†£QyZ>}g7nªk÷X√æ#tÈè'åÀØÌ•$† 0ùéßôô∂-=/˘	Ú6ûﬂU·Ö◊w·µw˜¬jsá˝◊‹7ﬁ›sÊ·M4˚Ö∫yç˜Ñ3îò$?	≥&.¿«ﬂTh}FRı3Yp®ƒ“AaöQ|··¡∏ı√OøHÚéæ∫'…õ·Ôπg-˛˙“éàÎ3ß‡ÖøG~ﬂLqg(íõΩ]Ê4/P˙y¥ÒFl[UÖÁ^⁄éW˛ΩûléÒ£r‰√É0|J°≤æ âÆGCSÀ˘Òh≠≤¢`–Ghj—|y·2aˇa¡Êõ°’¡«À¬∑´œj≠ê,ÓìcöB¶ à¬Ï˛°W\≥k77DlHI0‡˘ßÜ·ä€˙ÕvH56eÓôaé}qR LF<™6’‡wœn¡ãoÓÊv\e1˛¯¿@dı◊
ì2ÕÃÒG?;≈©¯˙ﬂ;1È*Õ∑
—ZFîÙèFGóÁ£‰“Í‡Q¬+[5s‚¡8ôóF7û¶Ä
RÒ[;0˘¸≈ÿWiâËæ`wzÒóQ]⁄ÇÈ”∫@ó]Éùßòô£®∫n)rJ—'û⁄àKØ_Åïﬂ◊q€xŸ∞©Øæµπ…ﬂ	∫#tÕû-˙˘≠ÉŒ‰@˜±(ˇ©?Ó–42m5•˘EëÏ·Ó÷S´Éˇﬂ£CpÀcgûz*ôƒñ÷kS£Ò¯ÎÒ»ü6qG8Üa}”—˚Á††o:§“ñ‡ôa:Œ3…ÔÆƒÃg|l∂Öa0îöÃûﬁˇ¸ÎY»Ïôî5CrÒ⁄Óœ∑Ï8∏ÕN¯Uuö;†]ÑàD¡Ω^ÿ+Z|ƒ†¨ZwÅíQ©’u‚oJ¡Q	Ú^∫õÆ^Üóˇ≥ó;¿I»Nâ∆¸˜'`¯‰Æ‚Ö—»/åˆjQòSyÓ~p=^·>”fr”¢ÒØˇçisãÅ:$J…SÃ?O-Øú∑£/÷<O≈g¬Œè4¡•Ç¡îQ*U´\?˘C2èÏD5âma‹ÕÃ7y¡“ Ä6@ff&∫uÎÜúú ++111pªïhNäˆÙx<®ØØGEE≈œVV÷q[ì(A–áØç≈Ö◊ÙÊ`™H|)¶+Y÷>{w7n˝ı®Óÿ»˝ºº<tÓ‹YÓK˘˘˘HOOGnn.‚‚‚êîîÑ‘‘T444†µUŸ7/Ií‹üjjjPZZä™™*Ï›ªW˛7Å‰û_ˆ¡”œWÆ©‹|˙≤úë M/¶‚¶ãø¬ÀÛˆi}∂—PÚıGå‡˛VÿÔ¥:¯Swı√˝#ƒ∂˛ƒ˚mÈÂ—=	éz;∆ûÛ9÷ 5#ΩŒ>˚lúu÷Y1b∫wÔéååüéa∑€±k◊.l€∂´WØ∆ä+„è?˛,“Å‚çgœ¬Uw¢€ƒ¢)b[ò(WùzË˛uxÚÖm==DàAÉ°wÔﬁËﬂøˇœbõòòÿÆc◊÷÷bœû=¯ˆ€o±n›:,\∏PÓgZ3el'¸Áç±H£5ΩM≈L≥'Yq∞õ(Ù™Î4Ω¥n8(R7MXç0ÉPíÇM.L.%ÎÀ±ﬂê2GuKDKÖìŒ[àu[µ€¢¢"ú˛˘ò>}:∆å£Q˝ùO¿ó_~âO>˘Kó.Ö’Ø„u!∫Wﬂ)ûŸÉÕ,∫· ·Ì>›SQπΩsØ\äÂä“ÎıÚ†t¸¯Ò:t®¸{vvv@æruuµ,∫ÔºÛ/^¨Èπ
s„Ò0xL>ØÎÿßaÈ;;1˛Ú•ZümÆ∞˜#Apˇ)Ïf≠æÒ≥s1HŒï‹|¸T≤,∂I∞U[0x‘gÿQf÷‰¶NùäkÆπ^x!C¿ñƒ˜›wﬂ≈¸˘Û±}˚vÕß ﬁxFx∫ø¢[.FË.â©¬Õ„ê3≠•b˝◊eòy…T4hÁuDEE…”ô3gbÏÿ±Ú`µ£Yπr%ûzÍ),X∞@≥s–|ﬁøœ∆Wî2º’£∫§‡”æ¿ª_h€Dkày·.∏ùÑiñV‰˙Ÿ› º…êˆ7‚∏äÎrN‰xZ]8ÎÏXØÅg{„ç7‚Œ;ÔîßΩ:Ú»„’ö_çãnËß‰ßÊ‚·#∂Tó6/Ôæ∏ø∏EªÂÆ3Œ8sÁŒ≈ÏŸ≥QXXîÕ±{˜nÃö5[∂l—ÏØ¸e8Æø{∞x;∂Dv!zˆr„aNQÓ†è—¢mæÌ;Ö˝=ê_/–´ı—Í¿I	<Û‰ÄŸ*OM7Uë+'nò:„+’≈6>>oΩı^zÈ•[öRæ¯‚ã"∂ƒÏW`—˚ª†Îñ
•‹Ú/<™ÍìóÑÁ_ØôÿŒò1Cû∫]ø~=Óæ˚Ó†[¬b±hæÆ{√=kÒÃo◊ ÌÆÔ2∫	4™,àÎûÜ¢ıŸÉÜ;Zpiø≠f•˜ûx0íä3 Q…º#Gáîﬂï‡î\w…,Z]£ÍyimvÛÊÕ∏¸ÚÀ;¸Y• ÚÊÕõ–ÛNùªªVU@Wîr¸`á	1±}%7Oﬁøw<ÚÉ˙œ ‘©ÚT--{Lû<9ËõÑ¶î)Xãº\≠π˚Òßá÷àˆOR=*∫r Y•	ó˛∫F…‘ÚT¥KÊ¡p‹'¥:Ä^)∏J‹Tôéüä°õ◊)œ=≤Ø}¥_’Û˛ÍWø¬ÚÂÀÂà„éÜ∂;å=Zé`¯{Zÿ§ãæFkπ	∫Œâ,∫°*∂TÛYºÏIl˙ÛO™~‡¡r`ﬂ_|Åë#GÜDì<¯‡É≤íû‹Ñ??‡›¯ıt≈+[Œù x„Ø√µ>€Ω¬íı’ï⁄ë" ^‘Í‡_ã\ ÇTe9ZpÂ⁄ã©X˝I)Ê‹∫J’s˛Î_ˇ¬C=œgss≥ÕI{
;ÏÃ.,_Zâko,ÅéÜqV˜ÈK 2A‚Rà~´ó◊lü/{5≈ñˆƒ>˘‰ìxÛÕ7QRR2Mr€m∑·ŸgüÌêsΩ≤âNF^–:ãSº«<ë◊óh_n≥ÈÉs·®4c≈öE«SNJ˘¯U8	.E&˜”‚¿øò—∑>6(3∞C#ˆNÒ∞W∑b¯‘Ø–™Ry0⁄PO£Ùã.∫(hûÕq„∆i–—V ´¨∞j≈§π=°3;◊ó57»≈JÌ⁄.©xÛØq˚£T;4MˆŸgrÙq(Ò¿tòÿfÒwU(L‘c!∫-ˆ»ÏKí›(	gè ¡?_€ãv%œˆ<Pÿ Ç€S+Ô÷†◊·õ& >≈©˘à¢ÚrΩEÒ’2„qÈ≈_´$EõÌ)·≠ìW^y•< Vn¨«‡º8îú”®∑Ú˛‹`á¶›”ÒÂ[€1ÁıfÅû{Ó9Ÿ(˚S(Ò‚ã/|˘d|∫¯Ü%†«ÿ†¡yÇKﬂ◊ÏÇæ0=íÙx_ªmB4'/7∑ê"xfkq‡ﬂﬁ⁄ø{aÏÒ≈	< TÚÇW∂a∆ç+T9Má—FxJ√,–Ê¸`÷:ñ81ÿ)ﬂx!2ãì!—^gŒú–Vπ…ÿ≥∂}F}ß
kÔ]ªvïüÀPYß=
~0`@]◊“iËwv>§=MŸódÁ)'„FŒ«≤uµZù∆e_n}(n±0M¬˚≤2bPµi¢‚Öw€hˇﬂ7!ÔV¸ù£≈ÅN˝?ByæÌ§Gèr
E⁄˛,P>Xß”îùdÏêL—9. Íl'/¡tne…≈iv¢Á‡è±_Örîî∞Ç¢èSRRBÆ9(œ2?Óﬂø?ËÆ-;5ªƒ 6%?“~s‰’•ñgaƒ¿pi%zúÛπñg¢=πwjy≠£î5ã*˙€ïü|‚©ñîx<ÙÿUƒñ2ﬁ|˜›wA%∂u´ÿÀ7‘·πG#”ƒ„ìê0¨.PÍ?'q—‹%™àÌW\ÅeÀñÖ§ÿø˘ÕoÇRlÂ¡uì3f}Ì-%yëÀ4{πﬂÑ‚Ò∏nv7-œt´0M◊@¥*—‹´&ìÓ%E…ÿ.º[à—˘QﬁE[$†|}
G÷˛/ <»Mõ6›:]Ì Vüè.√≤ƒ»‹ƒÎπAÇ|∫•·Ô≠∆ùO∂ø˛ÛÌ∑ﬂ.Ø◊Ü*ïïïr|F∞sÛ%›Òœ˜&á(§'≤fçº®LZë7Ùcò-.≠ŒÙga˜á¢á˚òV~Vx∑HàÜd:∫8Å.J|ùhÓÍ«vüÉ<⁄%Kñe–G∞lGjW˝jµro‚`Ç ZßÌñå_ÓSElÔπÁûê[‚∑ø˝mH\ÁãÔó‚›øâ{ñüyY›º®íJ2ª;˙jy¶[Ñ%ÑöáK*•…‚Ûà!XµÍ|em–·˘ﬂ_–4ônKWW£h\˚Á˘)ôJÈîÒ¶gœû!’Wﬁ{f8.˘ı H{9Ä™£ΩÑÏ89A~óæˇ≈¡öˆUñ¢eçÁü>§õÑb!®&u(±g≈tçÃÖ¥∑%≤˙Ω„S¢ÂÁ8øˇQ°]=Êﬂ{4î<\Õ‚ÍˇrØncêé€ì%ÓF¥O¸£˝ôñ(©E0ä-Ò∆oÑ\?πÂw·>dÇ.+ñ◊s;π˙OR,n∫eeª≈ˆíK.	y±%(!G®1˝äeÄ’]fld≠ÁR*
êÕJ¿_Ô◊4ö¸aöÌh!∏I4¯’ ª9ª+p–|‹z E\ñ.;à7>‹ﬂÆs‹zÎ≠∏Ó∫ÎÇˆô{ˇ˝˜CÆü46;–c? )q¨‹Q–Tród,¯◊VºÚ·ævä≤öΩ˜ﬁ{a—,°(∏;ˆôp◊/W©±–¢"Î9&èæ åπ7ˆFˇ^öËëÿ^*Ç{á∞X-.ˆO˜†lJÕ»£>@\4ûs∑˘?‚+..∆/º¥œÂIÓ»ÙçÌ·œˇ⁄âÚ5ï@AB‰VBÈ(‰Äì88òpÂ›Î⁄u®¥¥4|ı’Wa—,˚ˆÌ√÷≠[CÚ⁄üÔ∫ÂÔÓ
S‰˝‘ëÑ‘Íîcx˛ˆê¶Å£˜ÜÇ‡“ÒÓ÷‚BGÕƒ
	?ÅwJÚ]a∆'ã∂Îü~˙iP?h¥Ì"îπÌ°ı@¥^ô⁄dÜ‹ﬁâ1∏Òé’hliﬂV9*©óëëÌÍ˝Èí_≠Ü≥⁄]NÑM-”˚ˇ†	Á\^,œzjDj‚`‹+i¨âáDﬁ≠ÒxÔV^Ãå≈öU’ÿ–ˇ˝Ñè?˛8˙ÙÈ‘œŸÜB∫ü|ˆm%÷˝wüxîìÿÀÚTr÷˛w/ﬁ¯dªıÙ”O„Ã3œõ¶°Ìu°LU≠∑›æ
Héã∏©eY¢¢îYOÌ¯M∞Æ&¡R#ádûtÌVûO÷∑/œfø~˝‰çÔ¡ŒˆÌ€Cæ£‹ˆ{1h∞:yõP@ﬁJ¢{$ìóﬂΩ∂]á:˚Ï≥Â-@·D®N'…ÀÛˆa’á{Ä¬§»*ã){πfåô”Ffkuñ˛¬F´‡NÇR®@u~w{üÆ› zKe≈jZÒÈ◊á¸>˛€oøÙœó«„Auuu»˜ìı?5`·ˆyâÏÂj.∏¢}≥Ò“3[∞árZ˚âNß√|vÕC	/¬ÅÀΩhq@óQª d=û˝≥⁄ÆÂ>¨Ç´I6Ü¡}”0qvw†¢ıƒôä2cÒ„⁄ZÏ;–Í◊Òo∫È&80ËÆññ455ÖEGπóÍ≠ZÏÂjÌ›f≈°uo#Ó}∫}ımi@öùùVÕcµZ—ÿÿﬂeﬂ¡V<˛»˜@FBdÌ =(7°ˇ¥.ò8J≥Ω‘”Ñ©ñOR-¡äàqZ|€GoÌ$FC≤ü K~∏å|∂¥¬Øc«ƒƒ‡œ˛sH<[6õá#,˙…ñ]Õ¯Í∞ó+±ó´ô‚&«‚ë«Ñ©’ˇ4x”¶M√/~Òã∞k≥Ÿã≈6ﬂÁ—∂¢Íá* ?>¢fé$ßR(¯±€4çøQmõ´ZÇ´Idra~.∏§®>âwK—óMV,¯∆?¡}‚â'êúúñ…dí_·¬o˛æEÒr£ŸÀ’ƒª}ßbm%û}cóﬂá1¯˜øˇñMD”‰:]¯¯É°;7›∑NN
Qª ºkπ£.ÏÜ—√≤¥:ÀçPÍÂÖ‡R¢ã´¥¯ñﬁT§«C2ü§*NZliƒ˜õ}ü¢≠w‹qG»<W40HJJ
õ~ÚÉ∏g+?-
‚y-Wu1°◊C4~˚◊ÕÌ:Œ3œ<r‰}óÑŸÏ ¸%X3ØËYÒÚZÆh¸·vÕr,ãUgãêÇK–UOˆúöçÎÆ(,'ˆnÈyJà∆óﬂUâ—ùÔ◊#è<£—2Má“ı∂ÖﬂQN™d‡}πjz∑ËèÚxuûˇ•(ÆÅ™ Ö+TF0111Ïæ◊ù¸$mè$/∑¬Ñq≥∫b@ÔTÕö6X˜z-æ›mBl]E„5ùx›RG)æ‹n,ZÓ{‰njj™ú¬1î ó≤¸ÑãWTcÔíJY 8«≤ZÓ≠∞X#°}[^^{Ìµ∞n&ºÜ›˜Z˚c=æß-í˘ëï—M≤∫eÏ·õ{kuä¡¬⁄›^¡%~à˙Óº∂'–j?˘{8¡ ◊>æ]Ìª‡˛Úóøî◊ßBjvë¢ƒ3¥∆mÄéì,´‚›RÅàÊüÍZ;º€Ÿ≥gc»ê!aﬂ\gúqFX~Ø«ûﬂ&º"jÊàº‹öVÃπ§;
Û„µ:Kªß|⁄{Gn–‚[Õ=ø2Üq°ä&'{ß∆`ΩÕ54˚πJk∑GéÇ˚Ôè˜√º£Hãf¡l∑s+71}'‹~z7HUÄ⁄B8eÕ:íœø≠@˘wU@NÑÕQ}ÙúD‹yïfÂKÁ
ãÎ(¡%Òr-æ’Ω◊ıîßãO‘ {C=ØÚ›ª•≤b°VˇÚ0°V∑-ò[]xõº±‘8ﬁ"‘^í£·.o∆oÌÒ˚˜›wrss#¢π&Lò∂ﬂÌo4skà®}π	C≥7^—Òqö¨a«{E∑CwÜ0’3Gü90É&‰ïútû1J\∂Ÿéekk}>>M'á*¡ûÎŸ_^yø∞–°
ÙPÚh3„Ò—ße®≠∑˚u
Ã{Ù—G#¶…h∆hƒàa˘›˛ı¡>Xw5F÷Ã…Öxˆ„K“q›≈›µ:Kªfu€#∏öçΩ˚⁄^b…·>˘?J2†•‘ÑıõÍ}:vó.]0vÏÿê}ûFéñ˝d√÷FÏ§)∞Ï80~ækh∞bs‚ô◊˝ﬂw{ˇ˝˜#..≤Ó¡≈_ñﬂÀdv‚Ωè˜¡ç∞DÙªw_”K´S–ÕÔÉ˚+∏.;EÌoíûçã.Ë*F)Vú2ä&9Î~™˜9ÉŒeó]“’ÎÌﬁΩ{Xvî∑??†OÒ¨≤oôÏXÏ]Yç5Î˝:DBBÓΩ˜ﬁàk∫9sÊÑUå#˘«€{ ã=≤∂—≠¨≤¢ptŒﬂI´≥¯ùw¬_¡ΩTòÍwë¶ÙÖ…êNE/ΩÀ◊’˘||ZøuŒ?ˇ¸∞Ï'ˇ˘tø\”XÆmÃ¯¸éAåo|RÊ˜1næ˘Ê∞‹óz:ÚÛÛ1k÷¨∞¸n?liƒˆÂﬁô£H*j@UìÙQ∏W;/˜Í@Æ&¡R∑\ZÿNu¨3Í‰©≥µ>N'óîîÑDëÇ”q≈WÑe')-o≈™‚ÂêÀ
Í+Òz9˝È{ ˝>ƒùwﬁ±Õneè‰M»FGVî‚Â∂b‹yù—µ Aã3êÎ<>PÇ[e[U&å A∑ë9ßﬁ
$ø\∞Ô7aÌﬂóí∞á¥?rÿ∞aaŸO>˛∫BûΩ‡$>")´ø´¬—/¸a î)(((àÿÊ;Î¨≥¬6>‚ÌO ‡9 ûãƒ»ö9íhπ1#øº¨8®º\wÆWÛ‹"y$&πNÛ∂Mä∆O;õ—|≤¸ '·‹sœõáÈ©ßû
ÀNÚŸ7áÄ:ãR„òi„õÖ¶œr]πÌ∂€"æ√uÔÒ°*+ñ/´î◊¯#j Kâ0Ã6\uQW≠÷Ëg¬è=π˛ÆÍa}i)—ò5£Po¡iÁ>Ñ(øπ¡ß„S“ˇ≥œ>;lû•sŒ9'¨æœavñö∞u]≠\„òi∫X·π4X1ˇÎC~}æsÁŒa3˚”hÊ(‘“Ω∂ï˜î_ıóÕ≠ﬁÜÏ3≤0˚<Mfo®Ã‹T≠∑á∞˛j_˘•Bl£
≈ı∑ú⁄k’—®≈È¬⁄}‹Q£F…{√âp-õˆm‚í}>åVc∞wc=∂ÌnÒÎ„°πØ&œ=˜ú< 	Fn∏·Ãú9”Øœ~∫HÓ°»Hîhg©e‹§›û‹ŸZÆ&õ÷Ææ∞´7≥‘i˛°A'3¯iGìO«3fLÿ=L¥ß¯˝˜ﬂ kÎ—£áﬂü˝zeïúC[ßÁ
BßınÈ?qF|I¡f~rÂïWrC~FEa·¬ÖA∑MàÇ=_~˘eº˙Í´~}æ≤÷Ü5´k"oÊàncµ&Â#?Gì˝Âî¸…'OŒ◊∑⁄lµØ∏g∑$ì{˙`)"¡à∆füÉC(("°M˚è?˛xP]”≥œ>ãµk◊˙˝˘’Ía*5……Mò”ı^—a.,[WÎ◊«˚ıÎáﬁΩ{s;es˚ÚÀ/ÉÊzhÔ˝∑ﬂ~+ˇNµâiﬂ∞?|æºRﬁ*i≥ rTßD\ANù˙–>∫…Z	.ıÃAj_Ò•YÒÄÕ}˙ú`¿ˆ}&ü^–ﬁ¬°CáÜÌıõﬂ¸&h“Ò]}ı’Úˆ*#xÌµ◊˙u∫∑+~®R∏ò¡iâ7¿u∞´~®ÛÎ„·∫ˇ¥ΩLû<ˇ˝Ô;¸:ËΩµ~˝˙£ r˛˘œˆÎXóV6 ”ßäAÈï35+≈ËS±/Ç´IÔºÏºŒrÉ¥)ÄŒÂÛZUﬂæ}Âb”·Ãcè=÷·ıK˝Î_„ı◊_ˇ˘ˇ~¯aøèı›z·±EÒˆ†”íbƒèõPQmıÎ„3fÃ‡6<≈`dŸ≤e»ÃÃÏêÛœù;Wû)¢⁄›G“µkW\x·Ö>o„÷F¢•8ÒÃD‰“◊Z—˚¨lÌóÆ≈ŒÉ— æÓÖj_iˇ^)Ëqf∂h[õ[oÎÓfﬂŒ—øD<W◊\s6oﬁ\—ÙBx˚Ì∑ÒÃ3œıÁ›∫u√\‡◊1◊mj Z©òØ„ûåD∞ˆßø>N≈◊√µ¨ZP_⁄∫uk@Û-«∆∆ ¡[Ôæ˚.Ù˙{£˛f©\„rö	I4F‹@V≤{ƒ@#ó]†âóKﬁ\õ£ï€˙FÀßµØtŒy]ƒÂ∆à9˝t≤é¶,NÏÿÎ€˙m§.Akr4*ÂïW‰ÃZZCïóvÏÿq“H◊_˝ÍW~˜·µ9ö≈€á˜„û≤ÁJæ˜Sp'Möƒmÿ®¢'“≥÷…1fœû-öoø˝‘uŒiıu_˘V.g™Cƒ-‰“˜µ⁄q·ƒ<≠Œ0√ón€¶kÚÄM:nw∂Ì†µá:vÔÛMp{ıÍq/âÎØø€∑o«;Ôº£zÕO⁄6A”«t¸¸„ß¨-<~¸xø25µ8±yWêdsíw%§Øµb√ñFø>O{πô∂CSÃ+WÆƒÁü.{º¥∑_íììÂ˛∫zıjÃõ7Oíj7ﬁx£œÁ¢ÄDzf"2±LΩ]áe·ÃöL+OEá1mÎ|%≥ÜjÍìäçﬂÕêÉ•⁄‰·¶«†vW3:çò∑ªÌs"{ˆÏAQQQDø,∂m€Ü`È“•¯ÓªÔ`6õ€¸Y£—(OS¢çÛŒ;OŒÿﬂÊœﬂ}˜›«M7∑Ö◊ûékÓi_3òÙá‘h4óôë3¸Sÿü?_VV&o-c¸£¢¢B…%Kñ`˜Ó›¯ÈßüP__óÀ%o+íN≤«ë˙µ;’·ù8q¢<…ÕÕı˘¸ïïïÚ`÷„i˚Ωè◊upÂtÍó
©ŒY7L‹]˜T<˝‡Z‹˜‘&-Œ0Zÿ ”˝£∂ÏΩ†Ïœ™ágMûO∫xqÔk„û⁄8=ˆhıIl322‰µ™Há∂:ê›wﬂ}hjjí_$¬;wÓîç˛Ï0‰±RG¶ë6h–:UTÒ{cˆløwÀŒ&yo6mâî8xÍΩ“à≠{[¸[⁄'Õb€>ÚÚÚp—E…FÿÌv‘÷÷¬b± ::Z˛Ÿ–– ÔÌ%HàIl©º&mÔi/ù:uíß∏W¨X—ÊœxDGZø•Áè»"MpÈEbu`ˆ‰≠˜µwî4V™2c\‡t∂}˝>⁄Ä˝áZ}:ΩTﬁœy$‰D¡ Å
Æ>|∏¸r†π/l›%<[õKŸkÍf≈=QÿΩﬂÏ˜=a‘Ö2Ÿ∫ Õ8˘"∏•≈=ﬂ´?7ê≠∑£€‡ú—?›ÁÙ¿mÄñ]Ô;Ì,C4QÌ+Îﬁ%ÉÜg…k≤mú{À|{¡kö∂HÇF¯„∆çÛ˘s˚à¡UÉ=2˜û∂?–€“É=e˛	n8ÔKè$¸4o⁄ﬁ(<=ß2êç4ú≠ãÛ'i<Ey*˙®!∏‘æ≤ÈÁà/ú©-….‰´T2Íî˘Ë·˙≥6¬®Â≤ˆïÚJ*Y∏ ˝…z≠›Ö}¸\⁄õŒÑ>≠úê‡[Ω◊Ì¥À£62`»Ω”çigw“ÍS€“uOÈ$BÉb”«wRæ~[ß4h0f˜¯,∏4ï…t<˛xTV1;H	xk–â\\π?î”Äƒèáû={rÜqqq4»∑‰˚ Õ(ßôëƒ›–`ïL‰jí[˘¥%‹N'∏„’æ¢¥#Füô%œß∑9F⁄ .”‰DEµÕßs—:¶„°Ä-™5¨≤(+ò£âéÇß—é™Zõœ• B^j	|ÕÖÌrKÿWaâ‹Å¨’$`¸»-éNµÌ‹qj_—ƒ—πà+Në¥Ì/=Ãu6‘6˙YßF4 ”~hØ°?[≥TZ"oì~˚CcÉıMæGö“Ø√ë≥LË”÷}ªG≤k_°z+yhZUá)c4YnÃ6†=Ç;JÌ+öF—…˝I˜©ùê=™ƒ¶¶Œ∑˝ëIøôéÖ^Ùæràf4t¨∏«aåBcãSNà˚¿/˛lÔ⁄wÄ≤Qëô´ú^'&&7⁄®…¿s§øÇKC'U{Ë›9u¥pÂÕ>éÃc¢P'º[_√ÿ’ √¥ÿÍ(Jô]‹x∏Qh6;·Ò¯˛∆‰}È·Ö?q*ÚÃëxvtë:——‰@NI
Ü‘dtîøÇ´zfÛa2ê›'M˛¬>•CMΩÔÎUT¿˛¨ß7”≤É√ùûE˜(D{4¯⁄áºú*'z[M®-T’ZÖ”„Pbc"óHé¡¯öƒ¯ú·Ø‡™^µ} ∏\˘ãJ∑oWY[Ô˚z≠2¡’%ˆïzZ≥ß⁄«,∏«—“ÍÙÎsî}çâÏ~UY#úófgƒ
Æ</$I8Á,Mü43‹√¡¢ˆïåû-ßÎÛy]N¸˚∫Fﬂ◊Ìvsè¸YO∑QémßƒÎ∏«ı¿Bë ›&xÒ%óÚajÎmpZ]ëΩ@Ë…ô˝”ßIÙÿæ
nú⁄ÇõôÉC3≈ıo*¨∂¡˜œ±‡˛D∆∂òúJaˆpè‹fìÆ?SêLxAœNìŸπS ÑŸâÑû)K[T’g§ØÇK≈‘ºÇQgd"¶0k*L'ø|}Å2∞îrhc¢ó	.Ôb9ΩüÉˆp√Ì9›C£Ç-&GD{∏≠„∆qÊ@MñXÜ¯*∏’æÇ	£r‰/(˘Y)Ãÿ]hlvpÔ
a®íäØ$&†ãè®á€O-®j>8??ÁâÏ ¥LÂqc¯ MóÙ3ﬁ¡§ˆå°Èdáùù
!“ßoo›÷÷V¥¥¥pè®dôœﬁXäQ…•Ã’ÇTÛÜ¸…¯≈/áÚÎsıÕˆ»ûRñE¬Ö°}“¥ÿèõp2à‡Êd∆bP?⁄‰gFJªÏG-)¶[m'ö21ﬁ(Ô¡ÜáW≠{êïï≈FP—{à‚@D†≈Åú¢$Ù/I—‚Ë˝€*∏§Œ}‘<ÛZò.HTÚX˙¨öQÚH§ﬁè(e‹‡¡◊™&DF™ä„ÑË∫yNYúN'l67D—ÿÿ»ç‡/¥éõ#◊«’Äam\ .•jd≈»!J:Gß%rr|ˇ¨ŸlÊá*H'Øu∫Ë s√Ìw\«ı£û©≈bÒ€#bÇì∫∫:n?ë<≤WÜ!˝4‹¡m‹>jüyÿÄtä÷oëûˆô%ËëôÎÛG≠V+?U¡2òÙ#X'ù<\x8ª„±Ët®˜3”î¡¿ıÖ√â™™*nÑˆ‡papM∂ QÚã‘∂n?5œöo@?™dˆ3:í[1ö˜gN1¡‚ë˘ò@kˇêx˝ˆÑœ∂≈ø˛‘‹‹ÃçFTWW˚˜ZÂn•`v¢OQ2‚’/WHâ¸˚∂Epã’<ÎÄí§“˛[≥ıe¡’˘'∏<›<444¯¸ôÏåﬁt¸›áÀk~·EEE7B{∞πêêáæ=5	úÍ”¡Ì•ÊˆNR¢ïjÙñ÷}cHKˆ}[ISS?P¡Ú\˚¨ìó«Cqïa7º(//˜Îs©…FﬁnG˙B˚ë3c—øó&” N'∏tVUKÚ(Iï¶€˚ﬁLN2˙¸	¸ôﬁœ††)ª∏j¬≥>·CMM*++}˛ÌJLÔSÆ2É¶Cø^öx∏%ß\RdUw∆À_§›Ÿm$ez—G8† x5”LÂ§ã{ng¡U%0¡«æ}˚¸ OÎï©…˛œ:Ü¥2#⁄P£Ω∏}pL»Á±Ç´™wk–Î–ß{íˇS?Î≠§–¯àøå6£q_†˚ùñ´‰RfTÉ◊¸¬á““Rø>G≥Ö	úPÊÿ<(*Hk´›i»Vx*¡U5Bπ§(yÒÚ¬t{›˛ŒyÒöø‰Ìu∂!/'NY˚wÚ(\mØà	vÔﬁÌ◊Áh0kH4≤á{òV'∫tND?4¶Ù
ò‡ˆ$Ôñ<”ˆÆ√âœÁ”òGÛ!ÀÅ|˙˜Ö˘	 .‡†©‚ˆ3‡Â‡¡É‹xa¬ñ-[¸\$ÛÓœÿ›–g≈¢®0Qã£ùLpı«˛eª•Ω{2`4@jÔçµ∏–%7ﬁÁu\ZØ‚Ω∏ëÿªwØoÉµnb∞c‡iØìÁÁæ¡˝˚˜ÛÃOÑnæxóBx∏œ)–;&Nè>≈öîs=©á[ ¨≥ögÍ]ú9/_{ß∆Ω{•∫‰˘ñèóƒ÷WœäQüù;w˙º-®0_ôﬁa˜àFIO1˙ıQJÔËÎ‡á	>hˆŒﬂ)ÂŒù‚πè\P
6≠<‹'‹n^/W5J»√UcE”gIFî%˘¸Q‹ég€∂m>FˆpmNnº
Æê«˘ü¢qÎ÷≠‹Ü!Œ¶Mõ¸Æm\Tò¿#Ÿ£ªìúXπkAÇáÔv2¡U5·Myu^)¨*.π¸1FËÌ{MÖ≤≤2~¢:òç7˙ÙÔi€BOmZ8B˘doàÙîhø?æyÛfn√gıÍ’˛ª\4òu≤‡ÖÕÖn⁄.ÕgûHpUMÈH_πıeuµ˚XÚ`ÃÌ∆–~æ.Oüu<k÷¨ÒŸªM§,Sº%Ë§–¨ÙXø?NﬁôÇKéPwZö≥π∏è\7∫Ê' 6Fıú 4O›˘DÇ´j¿îºN@ôÇú*Ω4MN.Ië˜ˆ˙Çø{’u†ÃFæz∏}z§®›Æ8=ﬁJJ˛œ88n«P’õÎ÷≠ÛÎ≥›:' õv ¥≤‡Öx◊$ß∆†Põ≠A'‹njûA^Ä¶mjΩ3≈í&<ü¡}}Ûr˜ÏŸ√S≤|˘rü_Órv2}îˇıì√ªπÈ1»HÛOt)júΩ‹–e’™UÚ=ÙyÁHF4fèÖˆ$ßQ†M@Y˜cóBª®yÜBöè6®∂8/9Ñßúã—√≤|˙M)Ûhæ„X∏p°œü–;U©ÉÃupOå’Ö‘‹8•∏Éü¯:Õœã-Ú˚≥Ú`6÷¿AS«B¡ΩI—»Àç”‚Ë?{∏Ü#˛@’≤˜4.•™˜U¬ÿ33ÒÏ´;€¸	™éBSh√á◊¬Y†–Èt∞Z≠ò?æOü£%ÉÅT*À¬S^ßçg∆¢[ÁDlﬁÈ_ıüßûzJˆî¸©‚ƒt\ü2çÌ‹¡}hÜP«z{¨≤–¯>Já|m∑À±Ç[†∫§ìkÓT9Ë•ŸÅ—C≥‰Ömõ53gŒDVVÏv;?YÇ^f≥ŸÁ|÷≈]Q@Qî&ﬁtR‰ç˙ÙÈëå˘_˚WåÄˆqæ˜ﬁ{‹ñ∆∞~©¢oÒåﬂÒ£Eu€3kt
:+∏ŸjüA)ÿ‘\'2{ßb‰–L,Y’ˆ9ÂÒÂ A°¡à!ô •Ò<`Ê∆8Ÿh\RºyÍùa⁄Eˇ–.Lùd ÎÕ·Æ>˘áâ:VÅ’Ääwí£LU\∑hë¯hú7æ?a YÉ3U©üˆ¥:0r@:∑„Cﬂ  r„yK–I◊ø™tm GXäfÇ[ nj,åWysµ|4õÁèc¡WF…‡Sm°Ÿâ¬>irE.Üigœñ´œK†|b\ûv%î9‰6Á)∏™N)ÁPS\∑w∂ﬁégd°oè~@¬™’ßO™ºVœúfI1YÒò<6óÉi˚`ñqÙˇâqHH∫ß◊‚Ë9ö	n>-<'EkRçB≤ã&5W\X»Hò1q¥x&!Yy ÎÙrˆµ9ì∏-ò”“∑G2zˆO9pÙ§8›»nFZåGœ:Rp≥T=2ÕÉGÈ‘Kzq$:q\ãsßuÊ$Ï7Wπø<Â’Ü~ ¨∆ÜQÁ‰°G∑DnÊîú;∂ì±‚9]Í©pyõhDrÇQã£%∏™Ü;v ¶Ög‘[Qxf6∆è»Êá$L0tòxV∂≤eÅßº⁄Ê‰“L@VÓª∂ÑÉ9%Áù›IoÁXƒS	ÆhùD‚5ôRŒ>,∏îÀJ’»πPºÜ^äD¡X±F\?ª?$aE'ÁRqä&^øı…À≠∑‡öÎ{)}éaN Â›>õúìzûN>µ∞]1Dµ+O˘)»<,∏¥∑ MÕ#Ád∆i;-H/ö+ÊÃÏ*/r3°œìÚ≈Ë2íãÁì}zG4⁄°œM¿øˇ2úÉ9!SÑwk,NÃ<ò=-Bì5—îå√ÇKU›U›Ì+è<ø8õÏ0vO¡’±ó\4)∞Ú¡g®zVy&_]Çn‰©eÊ}k≤íwÅ∑ùj··¶h#∏?{∏™G\»a’.mW$rsmN‹yC/~PB Ô⁄uT.P«S^~ı⁄Pk¡ì/é∆],∫Ã:Lü÷EÙ-«F¥…√’!.Œ†≈ëi9äé¨ÍÜV*púî`–\pÂáß ÇÆ“Ò◊ﬂ¬“55àä‚'*§ÑBí†◊G·ÆÎz…£Kπ"ﬂCø^R≥C˛Î?G·å~i¯ãp∫<‚Ø∏=#≥o)ˇsgtA4ÂE®≤r£¥•—Ñáõ°Õ.≈J%®.∏·#<‹ ‘2•z©∫z;Ózx0Ó¢ÛÈ¿£∏êz¿°ºúnHÂ&˘ag¸DÔ]´óﬁ“óﬁP¢ÙAn“Ó[ﬁ_+,J?„wcõhìWññnìU‹¯X‚…%w`¡ÄFˆ$∫¬”•ÇÂ‡†˜C.—…%±ÿ™’®-¥BGkª:˜âÔ[ †ãï∂ÌÕ¶Cj≤&.’´M$¡U5BôJÁ≈ëáÎëˆ\…én—a8£IÀ 3L‹æ‹∑ò6∑ò<I™SñD’áb•íG)´F¥1
í0Œƒ0√ÑnmñC)Ù9öW’§…IFËí©R+.√0√xIQ}[êã÷n=/–3√0!áGªÂP9RE’bÉûÉ_ÜaòDÚ -E≥4©	§é™Me¶G+:.Ò¢=√0ZhTóH#¡Uµ¯®Ï·Út2√0äNÆvæ¢ãW’ƒë{∂√0Lh‚‘pã)	n71√0ÒË¢Pﬂ®YN˜L\û fÜah:•´z>DéïbÜaB÷…’Œuk∞ááóaÜ	MÙzÌWu¡ÕLã8µ#√0ÇÿlÓ–\*^¿%¡ÜaòPB)ÆÂA]£#t◊M€ÇxVôaÜ	AÙzÌé≠∫‡Í8ÊôaÜ	E◊ÌACì∂Æ™zŒQ √0LH‚ë`≥kÄEÇ€§ÊÎlJi>^«eÜaB∆√Êñ–bvju'…¢YÕ#:Hl9BôaÜ	A¡5∑j&∏µ$∏u}fÁÆbÜaBOq=öMö	Æ§z¶)YpÜa&î Ìrx`juiuπ }ΩöGî#ºÑ[Œ· √0L»`öev¡j’,ÒE#	Æ™+ÆV “!Ò^\Üa&Ñ–ÎÑÿ∫–j’Ã√m%¡µ©yD7y∑Nâ£îÜaò‹(ò-.Ÿ4¬£˙∂ 3ÕìYqÜaò¡†ìΩ[∑5ë*Z’<¢Õ·ÜÕÓV†Üa&Nbã…óKìıPRq	n≥öG5µ:ï}LzˆpÜaò–Òp5‹D˘.L™'æ0ôi—Ÿ≠D|1√0L(†”°—§YÂV“Z‹:5èJô¶L4n`óaÜ	¡ÌZ›$¨% ˚ã™¥/ó=\Üa&dj®a-\º€ÇT‹˙&;'æ`ÜaBJq´ÍlZºGlRu„Q=πÂ<£Ã0√Ñ÷¬≠Û:—hÅ ë Uµ6\Üa&$–—®’â∫Õ÷pÎnTN~!.ö”;2√0¡mcmu)≥≥{∏îKπQÕ#W”<∏ÀùûÔ#√0ÏÇ´ì∑¶^3¡≠°ˇÆÖ´æ‡ö ÷ G«W£◊—up√0·Üpl$ûIl?B#Z[ÌäviCÌëÇ{HÕ#ÀS ¶√˘î;Pp]t©—@tî\Xòa&l–y_Ø¥Ó®gè¢]ƒD…∫•aÂ£∑ZÕ#™≤¿br">'NÂLÕ>>è9±ÿº∫w˛~#,⁄ï\bÜ	ºS&Dˆπ«Ü`Ñ|Hû≈k¬)´©∑iyÜÍ#∑RÕ#S‚ãC’ÙËí–±çòÉÖK+±dU5?P√Ñ˜=π	ãßvñ£l%7œ‚˘ç—ÄäÕºC:p˝•ÖáKî”à+∂É£¶$‚¸01ñ|#úâC´kÄåXnåˆ†”·PïfÇK˙⁄|§‡V™}YpÜ`hGÜaò∞Ñ¶ﬁYP$ƒ6L5ÇJ…∫›8Xi—Í?«H‹ÉöÆ0YÜa¥„ıy˚ÄF+t±º”?≈ÊÇ[•ô‡V+∏Ù™ñÈ€µœ8‹Ïb2√h»éΩ-¯iEê«^Æ?êáku£ÏP´Vg(?Vp-Pyk–ﬁ2°ﬂá´3√hÃ;_îSÿ2˚7˛£á´ŒéäjÕ¢î+∏G©∞Ï?ÿ
Õâ«q–√0åñºˇôx}W'áÉD}'Vè Z´ºùU#JO$∏™Æ„R∆y7û◊Üa¥§Ïê´hZ9ì£ï˝‹ïV8]öÕ«ü–√›ØˆYˆ–¥r.√0å÷|∫§–Îy◊W:Ï;`÷ÍËÊì	n©⁄g⁄∂ßEúÅ´1√h.∏ãÖ‡÷Y8ZŸHõtQÿ]¶ô‡“Ãq›âwü⁄g⁄≤≥Yﬁ(&ÔsbÜa4cgi6Ø≠Âie–ë
ç*’Npè“’#ó‹^Uo'óÚSFwP5zù&ÌíQ3√ü-^n¥Å”*∑ïh=–`√û2ìVgÿ}‰ˇéq}Itª©u¶≠ªõa™∞ © ∞ªﬂò‚ú}{• Gå¯Ï7Ù>nQäéäB£l[G\;√0åè|π¨
ôÏJiTóá‰Ù/y∏ÍÌÿΩO3wÁ…óÓŒ~5◊jsc{iŒ,IöoK™†1mrgÏöª›¡-L¬#˜Æ≈sØÔ‚ìaò†g›èı®Ÿ—Ñl·h@ªbÍ·Cú˚∂¢ÆQ≥∂⁄{2¡%HY∆´y∂üv6„Ãô¥7åç:=H%õƒ÷◊_Z∫wN‡áíaòê¿!ﬁwﬂÆ≠≈%√≤Ä:;óÏ;	—ÿJKü⁄±ÛTÇª[˝WÆwªÂ(R†£ï≈I%*<Ôßw≠K1"9—Ë˜ÈÛåIà—‡ñxjáaò∂a–E¡‚q¢ Âﬂ4Á“55∏‰∂æ,∂ßóJç©TíØÏTÇªCÌ3˛∏≠h≤Ài«(AtH!¥:+#∆Ôè_ï:E—Èhˆ‘√0m#FßáSr„èµÀQÎÚ=˚—bJÄQeÅ.N… Ò'ßT\ß[wi&∏€pÃ¶ÿM)´ ñ]Õ®ﬂoFFq2–b7_x«YÈ˛áÿ[%$y&õ=\Üa⁄˙ﬁ €êà!±y¯ º«ÁœS˚Ω¬—):+[Ã zÚ©·:±mO≥Vg8ŒÅ=Vp)˘m“ÕTÌ·±π±q{& Çbûû›ÉÙT£ﬂ”·Õnõ<ùÏ‰)eÜa|¿Ïq†\é_ÇK,˚æEÁ–òÛd$Q'¬Ì⁄≠·˛tÏªAñ\–≠jüu„÷∆–L9fw£ìp≥˝‹HNùÜa∆Áwá€ÅBc*
å…~}~≈˜µrQuÆt
‚ÿQfñùBçÿv:¡=·?j/k7’.qÛC≠Tü√çD!∂Yi˛≠„∂zúà‚'ûaq¡ÉΩ}c≥˝˙¸∫M@≠MIÏ¿9F=6Qåë6òN‰ºDpWoÇK≈}„BÏÊ”∆Ò$#Úr„¸kqè]40.√0æAoõ«Öû1~}û“<Üd#7Ê…X®Óè€ö¥:Ì¯ijã‡nV˚Ã’Vl›.Œùz£†ÿ(tÎúË◊«[<6y§ íÀ0åØ–íTWc™@Â≥Ø‡í∞Åº∑Æè{BΩ•*vu6¸∞E3w”â˛DÇKn∞Í+Ìkj‚b£-⁄√k4†k~ºÇÎv¿*F©z]?·√¯&öí…˙XEß˘ı˘’?6(Ÿ˘πZ€Òƒ–Xﬁ*Ô¢—àçm\äRV}{–ˇÒC«ﬂ;ô\‹5…Øœ7π≠Ú¥êû}\Üa¸ÒƒÑ—^~ÿJ’⁄‚ùk‡˜œq$±~kúNÕvê¸–V¡=ÏÂ™,∏B«´≠ÚmHau¢gWˇ¶îõ›vyZà=\Üa¸°Uº?
£S¸äŸ≤≥Iºs-@N5à°¶åä¬¶Ìöy∑6¯0•L|ØˆÏﬁg¬ö/Oâ	≠ªcq°ópSí|ü˜@íΩ\#¯Åg∆wÏíôÜt2˙>ÀVz†®Œk<øéS\áÎ™◊Í¥ˇ∂’¡˝Qã´XJ” q∆ˇgÔ;‡„(Œ∑ü”5ùNΩÀílYñ{Øÿ∆∏€`É6≈”CÑ	¸Zêê B'¶òÊnå{∑q∑lŸí’{πﬁÔæywœÑ‰ÉÄN∑ß›ªy¯Ω»ÌvÊvgÁôgÊ- :Sp˙°œ1`Pﬂ–‚·⁄|NË„¯ÄÁ‡‡Ë<Ë71Nr<Æêòﬂ®„7Úõ ≈ﬂËƒÈ¶ˆ◊_|·`ˆ¨w4äÁ∏
ä«∏}@∫É˚•ÑÙ˘Øç˚,pppteB~àÑ{≤¬"lüÚS‹o EãS';Ñòawg	◊ÑoIK¬ıWZ1çu⁄É¿0™Èö}v∏>èÀ¡¡≤ Õ”ÑÊGRz∆"$Ëw#˘˜|n–`ØtÍ6$ÖK¯*‹Ωhmwc7%¡HS–9.Ò§◊á°BW∏.øóßX„‡‡	N:«U'¿◊y°räí_8ºÇ ÂŒÁÏ;øíÏ¸∂ÜŸâPwóΩYO€ Ö ÿºﬁ7â!ë∑0ÖKéSTóÉÉÉ£≥pºH”ê•6v˙≥ïuv¯[]ÄéÆ@µt~€Êƒé˝-R5A€…æPwáΩYΩ©09 ≠ÇÄ≈É¥^F,È¸9
≈·“∂2'\éP@˘wt*µ‡≠‹YT◊€Q«LQ«xR"IãÜS&±†é4¯üBı±%ø8ÓﬁÏ=‹Ü: _ô™†me ©ú¶«ò°°†◊{¨–X\é`ˇ·fk:üÒŒÌˆ£Å.è≈Æ{éHz~2·R
ém·Óçœ¿Í-@¢.¥"≥›1‡©õqjå·6x-|†spptÅtÅtuh)f+©pœ6ıı1ÊÊ=MR5A±∑˚B%‹ÔeÎPÒŸu¡ ©>áÁÖ®p´=f°æ%Wπ°¿Ì˜!MZ]nÅp˘‘#ûc∑8∞q{£T-ÏÅòe*d¬›&EØ÷1ÖÎ(ÌPVÈ(ãÉ˙ß¢GvÁKı’{≠hÒŸÑm!éŒ¬R·Ü^Xﬂ‰ß˙XOê¶GÂÒv:!YIæ≠ﬂ˜æèp)dMÿ≈¢Àáµ€ÿ*#-^9À·
åò0™Ûı)˝?Íº$ƒÒ⁄î!n  Ã∆ÊêF*DOûW±¨ri±ë†≈¶Ω-RÆ;6uïp	õ•ËŸ˚´™Ö√Q•ƒß|Ï1i‚0˘ºÏê>_Ì6Ò‰!¡œ˛£Há‰∂ïZÄ’ï&vWß¯fÌñz©öhc∂3Ñ+…∂Ú⁄≠ıPPv¢BTq•€áI!(\BÖªøáì.GÑ`Ñ´I·∂∂πÖ\P«‹c‘¿Wa¡ÜmíùﬂO:√A∏_H—; :µûbr3 9[`}1,yù?«%«©füÒ|[ôÉÉ£≥ÑÀ‘ô.N“±Tsõ>"‹V∏»–c«ûf·^HÑ5?‰˝ê'P∆¨Täæıi%àm„ºÎ`
µ0SBÿV¶l1ïnxéNÇ4âÜM◊UÁ	◊dq√·ˆ≥Ÿ>6Æ≠„‚ÈóuR6≥6\ÑKÿ E?]_'y+ß(£|îè´Vc∆ƒúê>∆’5O™Ã¡¡ä eˇÖ≤Cf≥˚–ar⁄ù{‚’@Éüm®ï™ÖcÃ √I∏•Ë•Õ·≈ZJÇAﬁ JŸV∂π1c\VhÑÎnÖ≈œ„q988BC(YË}˛ ¨±|Üõè#Zq≤\≤DkË?Ï·∫•ËÈõ+Œ“àPNç‹zé»¿®¡iù˛(≈„V{L<<àÉÉ£”†6càsGáÖMﬂÍ\Ëìê”i…FI∑ìWÖõp©>Æ$ﬁ +ø¨G«—6 U!€ .?êèß‰ÜÙ˘rw{HÁ0° J©ãBu ìÀ?Øí™âff[¬M∏IŒqù.üìõbÉ≥ï0‚Ω^\25/§èw6¡Ú éê[(hÌ†3‹Ãtóèìªq‰§IJuÎëÇpWJ’„~pñ1Ø*•‘llsa¸yŸ»œÌ|x–¶p<¯∂2GÑÆÀ{^ *a;Yã•sñÍ4/vÜ·C
;vh¡Ÿùç@∂BbrmL°ˆL¬¬Yù˛®7‡«iwõp‡ÛG'‡Òsz3˛õq»;π’éw?ìl;ŸÅN8Luñp%UπØÆ®d£B´àç÷s√v¡å!}˛ò≥I®q…7ï988~∞bcÜ›Ô	È≥ÈiZ∂⁄˜≈ŒÕ¢I:+áw5‚®t€…õòô•$‹Rı¸ı+Ä:´êÇKhq`⁄πH!Ü¯Ñ´µ^ÃÄÉÉ£s†≤ê7YOé°;≈æ´Vã˜VVKŸ»áù˝@g	óº±$IFYUg«∫µ5@éAÖÈ-häìqŸ‹¬N‘°‘’å§8=ﬂVÊ‡‡¯Åìµ
é@ÁÆF≠BF:#\è?fÓï »ƒLÉo~\)UÙ >ëöpCbıäﬁ=#ﬁ¨8˘;O	k ◊ŒÔ“Á:‡fƒÀΩï988æó@ÿ¥PÖp≥ŸfRÿ•;FóÊf&‹6ÆØCMΩ]™V(jß%Ñ˚ÅTﬂ‡Û/Í–vÄ}áLdû"ûlr`“‘(ÓôÿÈèürµ
I0˘∂2«˜ÄR¬:·Z}ùœ?îõmÄ:A¯bc?Ì\"ø◊(©ítx?¥]äŒc3I“vP
≤øø[$Íï°˚Ï^6öq›‚¢Nî më 5∆È*éÔ$\6#∫¸^ò|ŒN6'S$ì”Tå(‹4=,G⁄·j…ŒoÈF~)¬%vêÃyÍ%⁄VnRÜÛTÄVN7ñ-,
ÈÛu∞˙=–™‘|F·‡‡¯Óâö…6{¿≥øÛÂÂz‰$0√ˆ±pÜK°O)ÒxÔ≥*8úíyeS)æˆH.·üR}ì ZVS‹%ƒç59–sbvHÑºV¡y*%.ûk\éÔÑñ.©[O^ ={$ 12√©mnºˆ)õy3‰ÖSàü€«¨B™oÛÃ?Àÿ¯C•ÄÇ…¬™Q£¡≠WáÙ˘ΩéZhT*Ó:≈¡¡Òù–´4hÛ:C˙¨@∏Å \˙äÏªﬁXáÉ«€•jÖJ}i¬%º!’7Zø≠ÂõÍÅº˘/Ã(]Z≥ãÙBnv|ß?NÁ∏’s»U@888bM^kHüÎ”+1&¶ÑR„qqxˆÕ2)õ°([wÓ[R~´gﬂ( *)¢^ª≈É∏û)∏~qÔNî\˝˜;Íê$l+Ûçeéˇ"!$»è∆W£Q°wæp∆@ñ©t=,G€ûtïÅØwIüu·≥ßômñÍ[Ω∫º÷mÇ«ôv2‡p„ßWïÑÙ˘Ì∂*ò¸NË∏Û«ÅBÇÏ~∑‡Û—YÙÏaD>m)S˙hÜ‡,e¿ãoüÜ›!Ÿ‚Ç¢s6u·^ëÍõYÌ^ºFÀ©
(€'ƒ‰⁄ë?)OÎ|~Â6üGúHS∏∆Â‡‡¯ƒ´4hıŸ—‚Î|áﬁFƒQXPî'Ω2Kµ;¬[ße´n√A∏À—Ö˝ÏÔ√Sˇ8	4€†Jíˇ˘f òßÙæõ˚áÙ˘-÷J!O™öªOqpp|‰0UÁ±ÑîGyÿ¿TÄ»»≈ÑKÇ,◊à’V†¢∆&eK/w7·RPòdŒSîñÎ≥èŒŸF˘{ŸëÛTùÃ-ƒ–©ù˛8ïÏ;ÊjB™öáqppÚÃ4™8Tz:B˙¸†æ…lnR#≈|+Ñ9=¯øøùê≤:>ÌrdN8‚n^êÚ[>˙¬q!ÆJ•ìˇ˘f¿ÈŒÓZ÷7¥' T.Ω\\„rpp4l6∞˘›(wáÊ2¥_
‡é‚Û[R∑FÏ[UçùZ§l),<¬= lØTﬂrﬂ·6ÏY[-ƒW…?ø2£Jìó_“S,¯‹Iv6/V
WπÒqZ¡Y™∆mÓÙgìåF∏©BE‘™[µ$µ∫•’NXäˆÑ+≥ƒ”R~€øQ~Â8µ"BÑm.ßcIe˚õ¨0®4\ÂrppÒ˘g›BÓıŒb‰‡4$Gî*\∫%˘Fú⁄PçO7‘JŸ“ﬂôÖ≈ı9\ÑKŒSçR}€Â+´‡8ŸÆà!ÒΩ‡Ê%ΩC˙¯nG-*ò MRÛZπ±"⁄SÆ–∂JGJí£7á≤ ¿¥<˙ó„R7ıóp](.l„xV™oKqUoº_.Ñ©
™∑cÚÖË_ú‘Èè˚~l∞ñ√®“qïÀ¡√†p†fØ'\Õ!}~¬®Dme‚Å	®ﬁQè∑?≠î≤%ìa´éŒd≈t®ÏñÍ[?˚z–· ÚØ"$l·dq˚5°9OÌ∂◊^â…\Ârpƒ$ËΩOå”	>6Áœ`I˝çö.ñçVy´◊·7œïzMÒT8/N¬51{U™o}‚¥õVVâ˘ïeû#@É¡Ïƒ≤%≈!9O—6“À)$®¥\Ârpƒ W 6èr6ÑÙ˘}íQ< ÖâwÙ›6˝´ò∫≠€Yè◊>®ê≤•˝Aì%·˛ ÈRÉaPfQTB´âÉ”quàµrw€kq“’Ç4Ó±Ã¡s0ƒi—Ëµ·®≥)§œOù	d¢2√îpvÀ‘Ì√>*uSOÜ˚Ç·fÆrfüKıÌWo™G˘óµä®"$5{Ω∏˚˙~!_c••L»2éXM…qzF∂çp˙C€û6![®úà∂≤|B‹m 7◊‡ïÂÂR∂D√ÔÀùp	øëÚ.<ÒR)†” ?D(Ë<5hZ&çÕ
ÈÙ¬a+‹t!«2◊π± JÔÍx±œz®ÀîQL·Z£o;Yàª’jÒÀ'I›î$ªµRÓHXEËïÂhﬁﬂ(nó»]Âí;æ^Éá~<0‰k|b>LÔ∆+	qpƒ($¥ªeÓ∂ê>?jp
Ü•¶(#\R∑Ωíp|m>\S#eKTd˛%•.·…Ó9ªÈO˛˝`§ò\πá±’XÉ≥âE†C y)Ó≤◊ SùR;ár@o8%æŸcùP.öö§ƒ#‡äÆÛ[!g2ªAw<r@Í¶ûa&Iz.©w≥ÌR›*¡d?ŸU¶T.’°dÉˇ◊∑uEÂñ¬‚w	^À—£‡,e≈ﬁ.l'œüñ'¯èDUàÉèŒnì∞ÈÌ2l‹Ÿ$eKÓ ·J)˝qîÍ¬ß†¢…ÒlL)†äPã◊.-AvF|Hóh˜9∞ŒrÈ~ñÀ¡ÕÍ6Y/D(8°9K‰&‡ºqY@´+™nå*Y+úIﬂ˙…’ÌﬂòuHuq)	óŒqwJuÒß^.Öç©\d)@Âö‹à+H∆˝∑Ù˘k-gÑú™©qÒút98¢zï^6ŸBè-]0+(Lä™ÑBv¡Ï$ºÚÏú™∞H›‹íÍ/â;ˇ©.LÈ˝” )ä8Àm∑„'∑@rbh€¬>¯Ò°È∏ü«ã‘spD»?É¢v;j–·sÜ|ù´Áı∂_£fINéR98À€q˜á•nÌüÃ§l@j¬›)µ Ì8‹ï‹„rUb!]Q~≈H7Tq6
i≥4FÓ@≈¡E†º…føÎ-gBæFœ	?9hvDè∫•0†ƒx¸Ï˛Ω0[%/3¯k©àDNÖ{•º¯O±UèAØÄ∏\™ïk«Ì7˜á!>Ùü˜M«`ıπÁ
Nπ G ®n)°Õ:YRn‰àñÌdrî*J¬…/™Òí¥I.Ø0´ï∫ëHwV3õ¿¨DäãÔ;“Üe”Ûê:$MÃ*WÊ•nŸº–˜Ká÷‰ƒÜ°y⁄9^¡°b¢±ß‡πÃ¡¡°lP69O¿è◊:¿·ù,_yl2åb¡y•ü:ë£îQË‚p—¢®orJ›‚%Ã¨—†p	wIyÒ€≥–®°“ <9ÑpñÎ¿=?Ç‘‰–C|6ŸŒ
9V35<6óÉC…†˜óbÏ7≥w∫’∫∫?*&—v≤=:¬ÅËÏ67Ø˛Òˆmó∫µ◊ô’G‚kEä°®Ç2^ë‚‚eg≠ò=(ÖsÖ¢B(é\UÆ›ã∏¢TËÃ.¨€÷Ú• ›m8ü©\˚œÀ^[ÓF≈—•˘ÕÁÉœÎÖ◊„~~mØw6R^^ï∞n‰£-L"N(¡gˆªÒJ˚~AÂÜä'ÓÜaìÛhq J>l¨©òRo=ŸÜÈW~	üÙ’·.ÖÑ°@ˇMëB¬X»˜ø1t@
Ôc˜ÕÍìM®‰˚ñ©Rup€<(πÕ]àóõì‘W§Eç«Ã	ó„ªáÖU0Û˚˝8]∏‹ô“`ÙË—ΩŒ Ω— ≠N˜6ë´èÆ◊MüÒ¡Ìp≤ﬂªŸxãc«å-n’-ÙÜxhtZ·≥úêËT@æ6o¥ƒFkË°@¥[÷|h14IZÃ OÁ®“∆âò7Ìs|æIr·I)oç‘wãd5w∫sTÃ˜óR\¸H©	/˝Ènyx,p¶M÷gπÅvt}“ÃØÜ„Í{˜Ñ|©’ñ2å0‰¢HóÜfØç¶@>ã≈8àÏ¸>F¨å =åù.ª∞¢’≈CØGjN”Sëúô	cj2í“”ÿœSíaLKAº1A “sUfàPIÂ∫ÏvÅ®ù6;¨mpX,05∑¬‹‹ªŸÇˆÜ&X€;ÿøq1˙fÆ7¿êîçV}k¬D∂ij \≠]"[¬èØ*Å¶(ÅÚÂo'ì£TÔd|Ùó√ë [≥˚"<˝Gî πôYíO4j–|x1‚s4ÿÂªµL7>Å≠uòı˙! *C?´ßÚÉŸìgr¶‚îõ
ñî´”fÉ«ÎÇ&Ná‰¨tdÙ@fA>2Ûë—#Iôiåp≥ëîñä∏D£Pæç*Ø@À∆¢«#S≥ˇü[ -^’Í‡ø◊àøgjW¯˜n‹V+:öö—V◊àñÍZt0Ú≠>YÜ∫ìßa≥õ°Uië°O00Á≈&	Kü©1‚Õ€PÍjÈ“^Ω}
Fd PÔP6·“Vrn‹≠.‰˘ …√Ä˛ƒÏûh&\¬-Ã^îÍ‚7/Èçóñœ*M¬πìúWr™íTl~Î¶^≥©Kóöj,¬ıÈ£PÎ1Ûô,FT,©Ná’ß”
≠ZèîúL‰ıB¡ÄæË—Ø≤ã
ëﬁ#j¶`°—àπuôÚ)P2Fòë≠CR†¬∂qp˚XÕHXe0e3Ö∂¸~¯⁄⁄Q}Ï$™èó¢ˆ‘‘?Ö÷⁄z∂ p"ﬁêà¶~„â«¢˙%G©ö$l≥W·’∂Æ•*\∫†ﬁ˙òÕwf≈ªO™4*!K÷“K÷‡ùï’R7G)´rôŸ£ùp	ßôıëÍ‚>ôÖëÛã8mbKI´\[Ì1w ÁXΩ•k	NÓÃè·Òπ®˜Z¯÷rT≤,í§Ì[ßÀC|"rãã–kË å<F≤ô˘y@jä®@úNxô0åÿ®J%ú´RìΩLÊ¬\SáößP~‡ A}Y<>ìR°7&ƒŒnƒD∫è6nÍRV)¬…ıs–oJ’6e´[AÄ§a√Î•òµls$Zº)ê·Nc∂Q™ã˜/NBÈ·ElÌ¬VÒréI£-î^I®ŸﬂÇ¬ÒütÈR…LÂ<î=5ò±∆)ú€q(_…í$%k∑ö«¶|¶`K∆éB…∏ë(d$´ÕÕˇ1#5ôW~I‚‚‚†!RMKTzöPqË(ém›âSª†π¶µV8OV3ÖÌ™∑á6	Ø0eª’VŸ•Î\<-üoúú5+˚û—<òmÄ◊ÊE˛ê–$}·Ö∆†∫ç8∫+pı,≥âR©‹÷v7“¸*åü_,ƒΩ ◊Åäı´√Öî°9p◊[±mËg9ÆÄuL›N6ˆ~Õ„sïM¥¥eljiÖ›bFZN∆^|!fﬁtf\˙]8i˘=†&Ø·ˆ¯òÍıπ‹¢íï£™cd‡#/gÍ'[<êÛV∆êÅ8Ìù89EEÇÉWcE¨Êhµ:¡Ÿ*⁄@Ôd∂&Qà°ˇóÈhóØ∑¸πâ»-Iú0ï
$ÏÙe'‚÷eõ∞µs`'p-≥“n˘Æ›xüãòUH7iU;Ê£`l&V˘n-”\öèÖ√>Bmc◊Ú†^ñ2ó$˜Œsπ Uÿƒ√î†ÀfÉŸ‘ÜCäG√YS–ˇº10˜ŒF¡÷ÌåÇc”ÀæØñToJ2`2£|ÔW8∞zémŸ…ÓAíí3ühîÌB¢ìØ9T6≈·wMõ—‰µuÈzgÊc≈˙π@•Eﬁæ*ﬂü™ítlx≥≥Æç»VÚŒ†ÿÎtgj&
460õ$U∑aŸ≠°rëGe@û[À¡îè™¬dL’·Ìœ™∫t9ÚxÏüâM2¨7']Ÿ≥¨®h+⁄€`4&cÃ‹1˜ˆõ0Ì˙•»;:FLÓñ6¯ÿø°òÿ(ëÒ‚|Àîπóëm#‡Ù¡0h∆0fSπÒh*ØDkst=4¨‡mS˙∂Ÿ⁄Dº€q«\Õ]æﬁgˇòåÙB£≤’-m%Á%¿›l«§ÎasDdlS
«∆Ó˙ ›ùq≥€iÒ'≈≈+ÎÏåxTuq1Tm2ﬁZéc¥hı†Ô¥ÿø•ßŒÜ&í.ÂZ¶≠n!TàìÆ\≠√lAG[“≤sp˛eób˛Ω∑cÙïãêöü«÷o[|nœêT‘›äf*÷ÀÓE¿·DJØBÙøp:Ü0eØußN√‘÷}ºA8„UÒ“VrÆ&_9Î±‹t¨À◊[∂∏7‹7
ÅJ≥r«È=£üÃ\{’FÏb‚(xïŸÀ›ΩÍn,d∂B™ãkµ*TÌYà‹¡ÈlÄZ‰ªµ,§3KDÀ…v‰é˙ò)ôÆM*î„ŒåÒhÒŸÖîqúrÂE¥NaÎ∏Y9˘3Ô"L∏Ùb$ˆÎP,mkªË´õhªô<ù3“Åx=jˆ¿Ê7ó„»ÜÕ¬Çííwús(ì?ØêßáóΩÉè6u›+ô–∏!≤•"P+Ô\ˇAØ‰/≈¢ünèDã˛CŸª5vRŸ˛Èz2≥ﬁíòÿªØ◊ˇx Tˆ2Yn-S˘>7å3ëÕ:Ωrs◊≤¨4x≠Bx–òÑ|°Œ&'\y≠œ„Akc=„.X≤ó=|-∏:¶‹‹MÕŸÉ;1±ú1¯›Ωv;V“Jä1lÓLÙ–Ìu®9}™@úêNRÓ§´Q©ë¶é«Km˚p÷”ıtΩè›5]?Å*ã≤…∂g"⁄Nu`¸Çıléé»3ºÉŸéÓ˛Ír)Ø≥âŸœ•∫xeΩπÏ%sIoy{-”ÊØ€ã1`ı«gQ€≈íT¥µ‹GüÜﬁ∫4°îﬂZÓ.˛Dt46 v‹≈spŸC˜`‰óBØ”¡]ﬂü”≈âˆ[Óõ@ºTÏ˛dçÇ±≥ß#1%Uáè£µô-\F!ÅÜ<’-ìTöD¨≥û¡k◊ÎπÊÁ∞b˘t¿·ú~e∆›û+ªó¢√‚≈pÚ¨%≠“>˛çr¯˙r©&ày-ßK’¿ Mı∏zF.2Fd Á%«’!u…ÈÉ*]è«d‚ŸWNv˘íÇ0⁄–©lïmx8ÈFÉÍr8–÷Rè¬æ˝∞ËÅª1ıˆõêòë&≠ó˝ùäÌ˜/)Yoá	ç=ßN¬I„·Ë∞¢¸–!¯Ω~ƒ'$»JÌ“πmñ∆àrw;^l›ñ Ωwüè~ìÚ®µ*W›“Û,L¡≥Ï∆_ﬁ>©&g2kí√wó”“p≥kò•K’¿ó€ìõàq_¥Jî„$GTBln6“ò⁄]≥µk®‹Nª⁄Ñ¯\ö∏<Ï˜út#ßj€©RÜ®ÀÆ∆è¸
9£Ü¡À˛Ãc∂|˝o8~¯=%2#^c~.ÜÃôÅÃ¨lT:Üñ∆ZÖé»69N/¸|¶e'l˛ÆWô;9ø}n"@d´Tgm⁄JÓìåì[Íp…ç[#’Íﬂ!:K…r€ã°©õ•∫xSõéf]ﬁ*ãK∆óMƒ/Œª∏'÷}RÖö.∆Êv¯ùÇÛ’œ•§îEóOÛ>=6ÈS’úñÊ:å´£ØΩqÏœ‹çÕ¬∞„D2Î
Êµ⁄«»∑«§Û0b DòÍöqÊËa6Æ’›z∂K≠ÍTj§®„Ò˜∂}B›Í.O“jv|~!Rt "ß–¨x¿Â√§ãV£µ#"eÈÊO÷@úpøT/7üŸh©ÿ˛U+&ı1¢xr–Íê˜÷r™s«g·ÈóªûÂ\Õ\r¢¢Û\â6(‘q∞∂µÂÎ¶]y9ñ>Ò0R˚ıÅß™>óK¨∏√µKe}ÌH»À¡∞ãg#—êà≤]{a3ôaHJÍñ!z«Ú¥I¯»|[lg√rÕçIóı√Äî∏ï÷∏ÕIƒOØﬂÑ5€"{9∫)£‘ˇr-jôÂH’Ä—†FÕ°≈HÌïà@ïUﬁ°B}“ﬁü· üÔ
À%oMÉÒ∆B!/r^ÂE¬£µÆI)©X¸–/0x·\†›Wáâó•ìr>˜˚°3†Íëã∫{∞¸∑O¢Út)≤≤Û#ZëË\†ΩéZ¸≠uoXÆ9kB÷Ìò‘€†ƒJ|eÉ!@üø|ÛnŸ©V?`∂Dé‰&√ıBÃw)	<ﬁ ˆÓn¬u∑Ä* ™Iyn”∞I‹Ó¡êŸ=qt{Nîw›£Ôê≥ıY(–¶¿ÍÁô®¬•∂Lm57‘†˜¿A∏˛π«Q4uº5uÿúl#°vΩ^¯Ÿ¬&u`_åö9’ç8}‰ tùPπHj“Ú$´ç®ˆöÒ|À.¯¬p^•c™p˚Á¬H[…-.e™["[&lZOu`Ú‚p{"≤ªK[xÁ3sÀÌv®e˙ò»áæ≥°R5PQkáªﬁÅÁŒs˝2‘˚‘6@U∫8\:∑ØºYã›€Ââ·∞£„ÚÖs&Óπ‹≈GDÁµn7ZZj0v∆l\ˇ◊ß`dJÀ]U+$=‡gµë€a x€Õ–ß•bÿ¸ãà√—≠€·Û¯o4JF∫ÙNQÄ3‡≈üöw¿‚œ<ˇŒ3„1n^1gÕ≤.3˙›7Üç∂X@Ç^¥ß´lëj˘:f˚ÂxK‘2~\´ô›1ﬂ≤$ÿv†zQ2• êkÍGÍì≈uØdLòÇóﬂÌ∫+=9Nùtµ‡|c/ËUja¢‡§€yêG¨”jÉ©£3ØZä≈ø{P XWC#TjÆjªg§Ç◊fá⁄ÁCÔY”êììç“≠;aÎ0#!91Ï§KdkTÈßf v7™=·Id¥Ù‚B<Ù,y%[‰)æÅ`†)x‰g€∆ßUëjy≥˚Âz[‰L∏$Âˆ0[&e#À?Ø∆≤K
ê2(hq s€&N,„ó^$:‹XøΩÎN&øg=ÌÈŸÚp°N>F®6≥E(üwÈœÔ¿Ã_›	ò≠pµu0≤UÛ‘≠kTïê—l1‘„ÇÒË7bJ∑ÏD[%$'áÕôäv0(_9eízπu?;√„Tòk¿Êus†Ú±Lnen%ì∫-N≈˙∑Jq„˝{#’*m%S% ß\oã‹gÜ≥Ãz2)U>60÷Qáü‹‘_ÃÄBÎÂ8¿)ø¨€ãâã∞oc ™¨]æd≥◊é/Ö
˘ñΩs“˝Ådk%g(õW=r?ŒªÈ¯Îõ‡føÁ V>§KŒT~ˆúRı√∞…ÖÚuïg`LLÓÚnV@ò<„ê´Mƒr”QlìG2a€G≥ê;4Åj´2∑íÈ‹∂(Ìe&åød‹ﬁàEÂ\…ÏÄ¨Á<>äÀ≠ë≤Å£gÃXz˘@í™D≠<´ë–Bãªø?=(¶-ÿeØ∆;máë©IÄV•VÌﬂO∂ßW?ˆkåºÊr¯»9 È‰ŒQr|g_π+kêR‹∑Ω˙éá¶Üj¡…≠+ÁÎÙ§)¸g•˘V[ ¬÷ÂWûã°≥z!PÆ‡s€tΩpÔ\ı%¨o§Z~¢g≤¨°ÑΩ/bÄÌê0!·Hô…LANXPï)òCn„ùî∑Ÿuœ$\4:/ºûΩ‹”.∆e»É›ÔQ‰ëQ§»÷F ÷n√5è?å°ó/Ç∑™FêÂŒQÚ&^J©œ ¿Ë93—z∫eGøÇ¡êrÊål∑Ÿ™f«°∞uÛ¶≈E¯Õs u¿PÊπ≠é›œ‹$‹s”fº∑∫:R-∑0õ
1=0'‹0Ä‚ruÃ.ê≤ëu€1±o"˙Lñ±ënõŸ£s1,GáÂ+√3®O∏ößa§€É'∆¯∂9õj◊Z,pŸÏ∏˙wbË"Ÿ˙8Ÿ*Ê˘yÕVhå	v…Ö∞◊4£Ù´Ω0ƒwétiNµm8ÍÒ˜∂ùM^0*+V_ƒ‘.q'Kë	.h+9æp?ˇ˝¡H∂<‚Ò£Ï°$ÔéçÃ.°≈•îç|∏≤
WÃ C˙–∂nr»v‡´¨.ú—û+∂Óo	À5©–m-åœB8çúõ¨Up€ù0õ[q≈˜`‰≤´‡´Ê Vâœë<ò5Z-^4é∫f?∞˚+]1±E2NπZÁñùaÎWVä;æòãxä∑≠s(˜‹∂$gv5`⁄í/‡è‹…‘ÔòΩÆî€§4w œô›	œûΩl‡|Úy~º¥¥π	@ªΩ©;^6¿˝>ÃXRåC[ÎQZaÀ•iÂ^¨KC]z∞énl
™◊„E[[Êﬂz+Œø„&¯jÍŸüy8Ÿ*ïtÌh4jú√H∑ñHwœ˜*]Úm»”$°Ã’äg[v	Ü·ÄAá›ÎÁ†`X*†´L≤Õcs•’ÉÒ3V°π#b˘&ˆAtîRîÊÂAUŸØï∫ë .^∞^L◊GŒI>:±â#@€Ó≈ä˜gb@Qbÿ.MiÈ*‹Ì¬÷ô?€NT∑Ÿ⁄Rá©ã.√¥ªoÉø±^óãì≠íIWWª	∞ŸpÈÔƒîÖã–¬û±ﬂÁ˚÷Á*dëbÔ"xñ)[ä[÷º7˝'ˆ@‡åIŸ…-å,πb# ™#ñ‹Ç¬|•›.%aV»lîîçT‘ŸQy¥óÄ „™\»ÓL7ËDE´ÀÀf‡oî¡Ü‘i¥zˇ —Ä·Òπ»—c6$%∂h™Ø¡–qpÂ”è≤≈çnãï{#Gç“uäJwÓ,X*jPzp/å…ˇÒ|˝AeK	-˛–ºçëm¯¸rﬁ˝ÀD\|Ì@6Ÿt@ÿ∂R¢ì%ËëåGnﬂÜﬁ+èdÎ!”lR—F∏ÑOô-eñ!e#KM–Y‹∏`Q	T67Ì ìt€]Hêé#“ÒÚ;·)ÍLut)ÔÚHCd™`ƒÈíGrGc2{‰„∆Áá6)ÆÊVû‘"IW´¡‡YS–~∫eGäq∫A≤•]ûzØnŸ¡ûû∞µ˝˜«∆bŸ›#Å™î@Ñ€;ü˝„n}(¢‹˜≥gî8Êî<{¨evá‘çl‹ŸÑ‚$5Ü_‘09Â.±h}˛∏<å*4‡Ω0•Qsº8‚lƒÿÑ|!W¨-FÚ.”∂¢√bÉœÎ√ç˛2ÜÅª∫éìm¥íÆÕç¡Ä°Õ@”—2ú9~	I)BúÌiWûnŸ≥?|ÁíO›?w˛v,PgF¿ÂWnQÇíTﬂTÉ©KæàdÍÇ˝Au´H(yieV¡ÏR©˙x]-¶IAÔâ˘P…1\H\mZ\Ë?≠'Úı*|ˆE]X.mc´zÚ^ì–#fäPÜ¢ˆˆ&,˙ŸO0¯G·©¨VÊ§»—	“µAìhƒêÈ†r˜!¯*öPßs	ﬁ»ˆ0ûŸ>uˇ‹˚ÿx†¡ÇÄ›ßÃqÂ3IŸj¨=},ëKnA´û±4-q¬ÌP‘9ìû!uCÔ|x'Á gT6£zß<=ói’ÈÙ`Ù‹ﬁp5X±-L·B"t‘≈H◊–#Íï.ù€RôΩq≥fcŒÉw√ﬂ‘ cmcÇt)N◊mf:∆,π;∂Æ√Ô*÷¡∆\
ˇA∂6ØrïmÆAH11eÊ*ú¨¥F≤ı!˙(w~âÇwe≥cR7‚Ò0m·:4o‚ÕÑL0≤{ö*hµŸl¡„ø w\›'lóÆÛXtÛ¶x›B¨Æ?
S@“§kniEVn!Êﬂ{;[O{‡q88Ÿ∆ hWCüêì∞Á‡¸’zÄ…©Â ~ÊëQ"Ÿ÷õïK∂Á<íìt∏˙ä/∞ÎH[$[êŸä_–G…˚2á8QÍFZÕLúµÊ*+T≈Iåt˝2|¢åtMÏV¥;Ò‹õ”qÌÇ^·#]ØjŸì◊â,µ1ÍH◊Îv√Ìva·›∑¡ÿßÓÊÓëdÎÛBüëÙËÅÁûÁ-ùÜ≥Â·Û∏}ıOÁ·Æá«âdk˜*7ãTº»JƒÉ?ﬁä∑WVG≤ıèô=c-Zfz˙óG¢!
öq—!»[’3Qû§´f§€ÍL.º˛—L,òæ‰\§tˇÿº≠>;r(N7JHó∂í€ZÍ1q·%∏`º’uÙáúç¢ôhâDòÈ{˜É«„¬µ?]Çü=˝`X€xÎ/q=y#◊öL∂bÏ2ÚSœ?¿c/ñF≤ıSÃEÀòã&∑KZfì•n®Æ≈â][pı“±∫êsüR¨^®Ùj\¡˙πgK=NWÖ«◊Äßˆ;Í08>[H‚ÆÙ8]⁄2∂∂w 53W?˛¥:-<oÀ∑í£ól˝>Ë„P˜ÓÖ;7c÷≠Û∞Ò¿ˆ ≤◊ß`…ÕCô`dÎÚ)ÿÒé-LzßaÌ[•XÚìÌëlòv-'0kèñqmK¯_3˚2≠›—àÀØuPe 4)›zá‡PµjÕÃΩ 7lóÓ9ÖD 6AâÇaE¬ÔÛ√·¥aŒ-◊¡¿&`7≈€ruΩdÎcdõï‰Ê„o˚#∆\=•’·€BN–∆aÎ'≥∞ÄíZT∂#‡Q0ŸíìTqæ⁄Pâ9◊lätÎ˛SMc/g:œ≠âDCÀ◊÷‚∫ÎÄTùXRé§´a§[cHwÂ⁄ã0gRNÿ.M!C¥ΩLjóîÆö5¢¥z∫D¨ÌMç<aF,ûC#˝!g•h$⁄ÄüÒû
˙íæ∞v¥‚™€.≈Oûº7¨#6áÕ˚7_ÇIÛãÅ
F∂4'®L∂%)®:‘å©Û◊G˙ÕæìŸ™hÉ—8≥PmπŸëjÏçO+q˜ı[ÄÙ®ReL∫µv·ó·V∫îÚØ≠{∞Ÿzπ⁄D≈±ß¬ÒZ≠≥o∏
†≠dáìéVUõî
Mqol\Û	F\qﬁ›qX€Xîà_^år8”.&ÉPÍX¢X€‚$òŒö1}Óò#kKxâŸÛ—8£5u†RºVD©vlÖ≠∆ÇŸWî@ENTrÕª‹·Å*Yã•◊Ù≈·›Õ(-∑ÑÌÚùl0≈aTB<LIx‡ì˝π.©€÷¶:L\8„n∫ﬁ˙p∂ç:Y+<Q]œ>åDºx‡ÊﬂﬂÖv´9¨ÕÃ>?õ÷œESÑÅ”&Ò}S2ŸˆJÑª≈Ö	”V¢4≤±∂t$∏$Zác4Á™;TS"—ÿéØZ·kqb˙í˛Pπ=Ä[¶yóMåtì¥∏úëÓô√≠8|“æÓj∂ôât„ÿÆÄW÷§K≈‰„F¸ËÅü√êíè’∆•¢âk…1 òuQ!Ô‹ÇE˜,≈;Î>
{;◊,ÏÖè>ôçAã@#rMú≤…∂¿(Ï‘Mù±
˚éwD≤u I{>"‚…	WlÇòÖj@$€≤∑FF∂Á/Ë√H◊+o“5®±Ë⁄~h;k¡ûC·`/w∑£ m¬(Cí‚Ù≤ÕJEƒ⁄÷ZèiW¸C(}c}£rœ⁄8æ]’ˆf3úè˝˘,y‡FT7’áΩ©«5zy2‡"Pg…V©Í⁄ô2gˆjldÛYAû»ÁA‹ùåZƒB6ˆÂÃ.cñâ∆÷okd§Îe§["o•Ke˝Ë≈∫≤/<≠l›æó´—kE©´‚3f N%´„,°8ÅI)È∏å©[Ω^ü√¡	7ZTmR
‘Ω
p|ˇn\ÒÀÎ ßoK“÷?üùÄ€4€hs)ül≥„£óœ_èOæ¨ètHŸûåˆÒ+ÂO>`v+3}dI∑XﬁJ◊ÊÖ Á√åÀ˙"~¨›‹∂ÀSÿ–.{ç‡Ω‹_ü)TÚ≥ˇ‰†vI›∂∑5c÷≤•Ë?ˇ"Æn£D’í≤ÆgâpV˚˚gˇó˝j*Í´¬ﬁT~F<æ¯tÊ^Ÿ®	fèR+x¸ú#€$-ÆY∞ÔÆÆétÊ1€√4Vó2>lfvc§\ø≠!H∫}°b ú>y&«`˝Rπº?Ø˝rÙ¯(å)€»yjèΩzï√πÇ˜≤+–˝ŒT´©Ÿ∏ÙûüBßQ√Átq¬U.”~?tÈYàÀœ√Ó/◊`…}◊·ç’À%imÚòLlXy!˙çÀ )Ï Æ$Edõ≈»6YáÎ/˚o|RÈ¸îŸ€±2Zc©¿'≈Êõ,àÈ6BevbÍ"¶t˝lbp»êtâhòWŸ<:£∆N∆äè+Öb·¬1W⁄|5dw˚πÆ®nõ0˘ÚE0<M-úlïJµ¥}¨ãá∫®7,çı¯’S‚¶«ÓBM≥4€°∑^›~0âå†Âfe{"ü#[ ê¶«µ÷uŸ>ŒÏâX≥±VQ˚+D(˝„9l⁄’[ù≥/Ô+‰mÖÛ©·–À◊·D…˘ò?-ü|Z	ã#|•…™<&¡ãπDüÅB]
Ï~èêá9“ƒÎ∂;ê`L∆"¶n„çF¯Ï¸ÏVqDÀﬁ#5mÁ˜{òX˛¡ÎX¯ã•X∑{ìdmæ‘8<Ú«âl—ÏA†V·ŒQÁ»6UdÒã6„≈E<°”ﬂò›kcWÉÔÎFà^ÀC"’‡é-¡8]F∫™Äpv*Àz∫îßÕÅúô∏vQvÌhDUΩ=lM–πÓ{5„tBfB$∑òEœ‰Fåü7√ØXOc'[e1≠@∂TŸ'./_Ì›ÜkÔøOΩÒÃvibE{˜H¿™Â3pÈuÉÄZf7õ5£Äl3ÙA≤˝Oøv*“= üöe±8Ñ’1˙Í~»l&≥û#›ØZQ≤ÛÆ*ÅJ«^XãLIó®≈	cÔD\ø¥UßL8x"|±x>∆Íáú¬Û@}“4ÒÇ⁄çÑ≥œ„a∑\ç˘w‹Ç‰ºlxy‹≠r‡˜AóòMØB¥◊÷‚Å?‹èÎΩÂµ“mÉ.ô[à’ŒDü1t^€!¶iåS¯x9∑çú¢√›7o¡3ë'€5à‡±'\˘‡àM2#’‡˛£Ì®8‘ÜK© êAò‹Ú|Å©OÌn®åZ,∏¶¥v/62µN–Ûg=Ú4…Ë´Oó<;kGS3ÜLûàÛØøæ∂A-q»\‘“9≠ﬁ uØ"Ï<˚ÚüpÂÉ7·ã}[%m˜Oèå¬”/MÜû-éïÂü◊~SŸ¶'‡∂•_‡/oûétˆ0õÀ„9ñ	ó(W∑6ëjÙ–Iˆom¿U?*Ü*;ÅõKæ§K5Ω~L^ÿ√ô‚˝lU5<aÃMY©vŸ´≤•ò]r®r$Rªå\6f›∞9√á¿€a‚€…≤&Z?ÙZ-4=ãŸ,•≈áøç+}ã‡}ls:$kw@Ô$|÷T\yÛ †¡.÷ïVG¡8˘Ü7ÚÀ6·Ö∑œD∫á!∆⁄zcy\ÛË—ô*!íçéñéï+f!Ω8Å3¡…_éO√œ^Tm–3gˆ7`—ï_‚pô)ÏÕÈRÒ£î!¬6sªﬂ!l3«ÖÒÜÿÕ§Âf„ß/=}¢nõùè|ô≠N£Ö*ØPàß]˚Âg¯˝+ƒ÷Éª$o˚Ê´˙‡Ög'@ì…¶Ç
ì∏ã2∂hVıHíZ\ª`=ﬁ¸4‚ﬁ»eÃ∆23≈˙¯Êu» :ƒòÈFwn√yì?G≈˛f®˙§âÔµw8ô“xúnCü—ôÿ∑Ì\1?¸Gﬂg›x™yﬁ7 ¸ÂjÖÌÂ∞Tb7◊n7£ˇÑ±–Ê√√…V~DC£V≥Á”õëmvn_áE?Ω›qô‰dõû§≈;/ûèóﬁûç^ç@Yá8Í¢ÖlÖ_^yÒ⁄Ó [í“p≤°Ê∑@ ≈ÁÓe∂4íç∂Y<xÌç2LíÇ¢	˘PŸ‹¬"ª]%/Z\Pß«„≤Î˙!M£¬	“øïπ[q»ŸàLM˙Ë“Ö"Œ.Ay}P˘UòsÀµH-Ïü≈∆∑ìÂ§h’hÚã†2±sÁ∏Û±ªqÔsøAieô‰Ì/æ∏üˇk:&\T‘úÛBéí±AÖäíÑ‰6sÊÆ≈«_‘E∫îÊk¢<?rgßRécDÊà„Õ&‚Í€ÜMVˆ“{‰˚“”YP¢»Mƒñ’gqÌ[PŸ Õô⁄ÑÑB\ú‹˘ö$¥˙ÒÜ≤ÕlikGØ¡qÛÛèüˆ∏‹|§w?”Bß7∞qîœ∆î€6Ø¬sÔΩÑ˜ø¸,"Õß5¯”ˇç∆çw ijl—·ıÕ˜¥8	vˆnŒú≥;∑E∫M∑ë´¯`Á
˜ª@%˝*ò]ÈÜW¨¨Ü∑›âÈóãaCf{0{òbÏp°◊ÿ\y1*À-8z2¸;F53v⁄k¿4?Jò⁄MS‡{;ï0ÉºìÕ¶VL∏tägNÅßµÉ/3ªçd≈Ω1Í¸û—Æ˙‚‹ıƒΩx‡Öˇ√Ò≥ë	Q˘—ºû¯ÙΩÈò2ø®≥!–tåäÜqF˜ıICcY&LYâÉß"æõ€Ã…ñÓ≈°Ó"›≠ªõq˙P+^“q˘F®Z]Út¶:∑€‚@|ÆãØÈãLΩk$ÿ≤Ú2%D™®˙ê1Nãﬁ∫4ƒ≥ü§và7≥œÎes©≥oº…πŸŸ˘˘m‰yVÃ•MœÇ&7∞⁄÷Go‡«O‹ç'ﬂxeUëÒò-»1‡≈g∆„ë?åCräÅJ≥†[˚MUK·Ü=S±sm%Ê^∫ß)+V‰…v≥r>ÚøeÍ‰∑‡;q3≥ó∫£·—S±‚˝(úú5—Óõ|üΩ‰FˆíÁ%„ÿ÷‹qﬂ|π≥I≤ÊÜ≈Á‡¬§–g	!D&üÎdskzå[˛Ú$å|=nŸë"Z
Ì—«ô9ÄFã⁄ìáÒÓöèOﬂ¡…Í»Ü•‹~C?<ˆõQHÍô‘öêc1ë.≠L˝PÂ% âzº‰W¯ÈØˆvG/h≈=ëY%˝úpC¡ıÃ^ÌéÜ≥íµxÁµ)òπ®h`ÑU∆%¿hãB(»A√Á«Ô˚~˝¯AIõúdÏâiâ≈(“¶¿Íw3Û¸ˇÉô¸ºÍkq—À0Îæ;·Æ©„#:"j6ö‰T #0Y∞}Ô¸sÂøØı+`ë(„wa¸®<ÛÿXåø∞'`q!–Ëàß®oæ{}R‡ku‡∆€∂„ı˜+∫£'D≤3 z%sp¬◊2{Ωªä≠ Ô˝Ì(!	E†ûM?2äŸM“ŸIÿ±™7ﬂπ«œò%ké¬á¶&ˆ∆Fºy⁄$X}nò˝ˇVº~üNõ7¸·QÙû2Ó∆f>ö•aYÒl6!ëël∂¿ßèc≈÷µxs’rÏ<º'‚] …–„—G‚ñ[˙Òß8kEÄ-£J’“˚ØÚìqh{-ÆY∂GNõª£'î≤Í<fm¸e‡Ñ´x“ΩrA/º˘Íd!$ÂÊ`å†åW‹‘∑ﬁ)p7Xq«}{Ò““Üw$≈È0ë)ﬁ1Ü|Ù—•	≈ÓÕ>'¨&3≤ã
Ò„ÁüÑ6¡ è√…Grò'-mßg1∂’"P[Éµ˚∑·ÉM+Ò—ó+—nnÔñ~›{˚ <p◊§ˆa
ªë≠≈]™ñ@G996¯ux˝Ø«p„Ì;‡ÎûûîBL◊ÿ»ﬂN∏·ƒèò˝´ª‹'Øˇ„åûZ ‘YpxÂΩZß	!õR…≈„ì∑O·Œ{v£™¡!iì¥ï9)°'∆'1º-µuq’|Ãy‡.°Ó-œù‹u%K´)ùéH6Ï@K#∂µoYç€÷·LME∑uÔ™Kã´ü¡–Ú3kÕNT™ËöÂæ^–&≥1m«è∂Øæ◊m˛I¥u1ç˜D‰Ñ+	Ê0[’ùÎïg'‡˙;áäÁQ
ÿb“B&√Zc¡è¿Ûˇ8ë˚Djw†√Äßûˇrnú	mÖ◊bb]
§ù^»®†¶Ì‚‘tˆ5–⁄åÌá˜‡„Õ´±v◊F9s¢[˚7eb~{ﬂ0Lùﬂ¯ÅjõºwÅ∫≤à•#õú$Ï€PâÎ≤GÀÃ›’õùAeÀÉ⁄9·J
r¯úY|wu`ŸèäÒ“s†Õ1Â&ŸO.*
Ω∂øÙXˇ˛‹ˇªØ∞?BÅ¯ìáç√í„äêŸß?‡ımMp9Ï‚-„‰˚Ì*ñ∂äìŸ3cDÎt√\WÖÕ∂cÌÓ/±˘»>6—ÎˆÆéùâáÔä9ã{z∂∞´≤"‡â≤s⁄†™ØÖFak¸èø?à{{†;{DÛïÿÛÛÜn$0ÇŸf›’Å!%…xÂÖÛ1n[’7Y‰ùùÍú⁄’∞I±W`r·ôgè‚·'¡ÍàÃ…SVZ.ù~1.ü6”GNdÄ\Ä2Nµ∑¿„rs6«ÊÎ«V£”ãk0äÑ’‘Ä“≥ß∞âëÏwc◊—Ω®iîáó˜ËaÈ∏Û«pÌU%@
Îw≠5˙¬|æ˘ﬁË‘@a2ö ⁄pSµümË÷ÁOà—úp#äBà≈îug'û|x$~˘Îë‚B∏“*ˇÙt4Å$Î&†ˆX+}Ú^äp]ŒÅΩ˚c—§Ÿò«Ïº!£ÅÏ<÷/∂XooÖ◊neøÙGØÚe
V£—".ﬁ¿»ï*»0ÇıxÅ÷&Ø:É˝«bÀ¡ùÿ~Ï NTúîU◊GM√˝w∆í%≈åhôo`DkÛF'—(rûAà≠}Ô•c∏„ﬁ=h1wk˘”Ã~¡ß~N∏›Öƒ Èûﬂùùò3-/>7ÖC≤ÿjﬂ$ˇ’˛πÿA*f–bœ˙<Ù¯A¨ì†¬˜Ó¿‹â30e‘˘ò6tÖ≈‚9•”	X:‡cÍ◊ÁWﬁŒ•¥$Â™f‰
⁄&ÂJø&µdµ√R_Ö≥5ÿÍ(v€è›G˜„py©∏•,3ú7:?π±ÆΩºêŒ®¡∆à÷ΩD˚ınêË˚p◊/˜‡ïwª=ºı!fø„S>'\9‡}fóugí4x˛â±∏ˆé!å,º H∆Nãöú™å¬Øø¸§è<}õw4uKwÚ2≤1yƒxLbv^ø°…LìôÕ»  ‰èÜ’∏]ë˘º≤P¡µqÃÑEÇV+´A!FÑ-`Ó@sk#Œ6’·Lu9ˆú<Ç≤ ”ÿu¸+¥ò‰69ub~˘ìÅò≥†à-mu—O¥ÑsÖ‚ôÇ_Û¡¸¯Œù®¨Ôv'‡eË∆∞HN∏ﬂÜgò›’›ù∏ra/<˝‰8‰ˆKWN
;"^=#å£ê‡c≈GgÒßø«ˆ=›õ®¢SªC˙ƒƒA#1§d0Üï '3ÍtF¬ÒzëÑ˝¡3hRÜ*ØË
ß”Ø¬÷4Ç·H?¥ÿBpÄ"ZΩ®J…àLœ˝UúH∞TÕörC€¨p;lË∞òPZußk+—–⁄Ñ£gO°Ùlj[—‘Æú
iÁ
©g\X -px£õhø°jΩM6¸‚˛ΩxÓ’S››+⁄øû«l-üﬁ9· ∑2˚{wwÇ
j?˜‘8,Ωe Sd~jmÚ,Çmì%_Ô¡àó)ô’ü≈S/«¶nRºˇçxùÖ9˘ŒH∏Oao(Ëç¢úhu:Å˚“íRëíòÑ‰Ñ$)µ°Vî°ö∂UKœàõî«ã©&¶™;òµ32çããÉŸfA#”⁄¶z¥ò€Q’Xã∆∂f‘3kÈhÖÕÈP‰ãìëÆ«Uãäp”5%vAÆx/ÿ∏çZg®ˇVµÇ<V˛ÎÓπJ+,››+J’∏êŸApp¬ï1(VójÍ∫ª#T\˚˘?úáºÅô@É´B2Ó|ìx-n¨YUç?ø\äµ_»;≤Ü©Œc2íçâ»HNc¢TãxF∫©åà˝˛Ô˜∆&Bm5w¿√H◊Âv£’‘ÜõôëÆ%j_ñQ√”±ÏÚb!iE∆ ∂Hq≥˚TÔ@¿Îè~¢˝zg'	∂~ı~¸ÂµSrËŸÓ†≤ÂπP9·*˝ô}Ãl@ww$-Qãﬂˇznªc0ê¿Hå≠úJI˛5Ò&	Ìhƒ+où∆?ﬂ+á≈ ´˛(âlL^6ø'ñ2E;sz6HŸ⁄¥√	¥ªàÖË,˙éÏã™ËÖÓGoî·Á˜Ìë<€ƒ€ÃÆÊ£îÆ“¿Xo°ÍÍ~¶ùüÉ'3
cgfß≤“ﬁùÀXEÂ«ÿœ∫É≠xÎ„J|¯yˆÏo·#M!∏`b6ñÃÎÖ≈†«àqÏ’Ÿ£ˇ|ˆõ¯:[T"ÍJ[qﬂØ˜·≠œ •wè3{ÄèTN∏J∆ˇ1˚µ\:Ûãü¬√øä‰ﬁ© KÏ~NògËÖÕ¥pÿ¥°Ô|Râ´™—“¬ã»cáßNPÛf`ËÿL¿®cœÕ¥π‰]ÁYäE#-*z'˛	œ>søy‚LG,\úpè+ÉÉ9Nù…Õå«#é¿-‰Tï¿V€UÂ•ƒJìQ·{É–Ô÷¯¸ã:¨XYÖ5ÏßÀ√≥Œu&åÀb√/ôíáëc…f'[ÿ±QÄŒhc)ù&-ŸXEÆò¿bˇó5∏˜°˝¯rªläÎP;Ö4Ó‡#ón4a0≥◊h—/óù?:è><”)ÈªõTçìæüSΩ©L9•≈πíé¥c’ÜZ¨fì⁄ñçhjÊ WJ§•ÈÖBÔ≥&Ê`Ó¨|ÙûP617e∞bj÷·C g⁄>Nd⁄‹D¥ï∂‚∑O¡Û/À*{◊vàG^‹9än‘ﬁo"›Î‰‘©ÎñÙ∆˜Cøq9Ä…)*%ñ5i§±…>Y/xº∂óõ±ugVo¨√óªõp≤˚™´DÜI√T∂`õ=5„òäÕ.Nÿ}∑ª≈Ìb∑?vgóØcj©Éˇx©¸f?ö;dUXÁf7ÒëÃ	7p≥Áô©Â4¸˘‹{Á`$•0“µ#`r+⁄ôE83#¶¿\g™Ì‹”åU[Íqh;Í|4˛ Ù+N¬®ò∆»u∆‰<ÙÈœ∆H¶¬A,	˘¯ƒ1ã@pBÕO Ùl¸∏?v€˜ Œ±ÔvfÂ£ön,Å*—πÓ`9u*7+˜›5w›<@(0Äz+vÖ{ëCMÑ#Røz≠†ƒÃUV|u®õ¥‚ëvl›€å&Óx%†ÑÏ¯·?6cßa,#[Ögi‘Ç”ÿb,‡Ú!Üã,˝'—R<S¶òíÒÃﬁF<Ú‘aº˘AÖ‹zJÅÏKôm‚#ún,B\iﬁ*∑éÏìÑ˚Ôäkñı´¢,Ωûä<≥çÏ{•hEq˚‡<k¡)f˘~uº{µ°≤∆Ü∫(W¡}z%¢§w&0RÌWíå1C“–ó˝¬∞‚‚ƒdÌ¡≥ÿ@Äøµﬂù”íˇ@fÃ&<ı¸1<˘Á£TËGnXœÏ*f<éénÃ„GÃ^dñ*∑éM:/ø¸È Ã£"ﬂDº5VQŸDS‹$)çJLB$LJÿÁ∂I-µ6ú¨¥‚DiJ´l®®∞‡t•Â5v¥µ9°˛°ıº˙%°OO#ˆK≈˛)ËëoDˇB#4Ç≠Vú¨n¶bΩ"¡˙|ñ¯6–9≠ëçì‹$†’Ü?øX*mÉ<Ù~Ö&r¬ÂêÚÉ§{±;7al~}œPÃ%èÊxµË—Ïäﬁ<∑¬˘/©`"ﬂDçêpCP{^ü‡yk7{–PoqUùg´≠¬œj¶ÜÕ&7Ÿƒ€¬T°'BRGÕ˙öñ¢CèlR”t(a$⁄ßW≤2„—3W$⁄Ç¸Ë“ı¢G∑*¯]»πI WØ@"\¿˛ ¢=óv‘‰¬?ﬂ>çßü=Ü#ßLrÏm;ƒêD^|Ä.«w‡nfO2”»±sMÀ√Ω∑ƒÙÖEåÑÒ÷€î∆€%L$¨ã	òÚ‡&K„QÆdZÄx¬ß©≈âVF∏MÌn¥≥ü&¶ñkA∑12Ó`geÑ›nvC˝=˜Õ«&¯x÷N:#I≠&i…ZhY€t÷^êõ jSZö8ëp3≤„≈êÍ-å(Ù€«˙Eœà
–ˆ∞«[I'¬J¥âlq‚¡˚oï·©øû¿æC≠rÌÒJf?aV≈'\éˇç~œvg µÉ”.»≈7ı«•Ûzäπpõlb÷™∏ÿR™sµá…4A2&b÷ÀË—ûÓ◊ıâU‚ñ5†Í{ﬁB"F⁄Ó÷k˛Õ˙A¯⁄º¡üû‡5)Ò \±Ü[—Z›¯◊Úr<˚˜RÏ‹+Î–’˚ò=≈'\éŒÅV®œ UÌ∆ç ¿/nà-Ïd≈8ﬁVóÚhtáRéS˝õ@ˇ◊+ X3‡„Ãq¢•3Ì"Z÷≠¨∆cœ√ÊçrÓ5ï¢ÿ⁄≠¸r¬Â˝É´’˘rÓ‰Äíd‹∏¥◊]ﬁY3ƒT~ç1Rfç#jBBÚîT=êab—_{Ô^zΩªˆ…ﬁπ˜f?gÊÊí.G◊q≥'òe…πìÈi:‹xu_‹¥¥˙ça]•ÃOı6·1¿âóCÆ;Ùìäb§ƒ√Se∆€üT‚ŸóJÖ‰(2ÂB¶ù∞è˘É‰ÑÀ^dI˜%tˆípÛ’%ò?ßÄMf	bïòVßrÍÒrD7Œï}ÃecSßAki^y˚4˛ˆZŒ÷⁄î^™⁄v˛09·rHáπÃ˛»l†:;bhn^ZÇÀ..Dˆêt—¡áäm;c4©=G˜Nz¥‡£xÎú¡¡Ï–∂ºÙŒ¸ÎÉ
¡≥\hÌ{¸ir¬Âàdˆ3Ω:k4®q’¢"\≥§L UØ≈%:Y˘˝\ırH:õ•8ÍLˆ™$∆3 ≤‡£55x˘Ì3X≥°VIﬂ‰eà^»\’r¬ÂËî0˚≥ÖJÍÙ(¶zó.ÓçÀÙB˛∞t1©D≥C»ÓƒU/G¯‘,˚_ÇZ‹6f§[u†o≠8ã7˛UéìßU9Í≥_2˚ú?UN∏› Pı≥aJÍ¥V£Œz/_XÑ˘≥z¿–+z˘:p¯¯ÂË<ŒùÕf1%k–±±d« u5xıΩr|≤™ZH&¢ ∞ó@€†ù,∆	óCfœÛ^f0KQZÁ{q%SΩÛfˆ¿˘c≥ƒ∏^óG®œóü+_éÔF@ÃVâF∞iåh=>ú‹€å}R)ÿÒì&%~´çÃÓbvÑ?`N∏ÚE^pE|õRø¿–A©∏Ù¢B\vQÜ˘¶∆)ı/ÁX.nŒÒü$K„ÄTêöı–Zf¬ çuxoE%V+Îlˆõ®.úﬂ·ô.ár0‚˘Ó%âÛ«d‚íŸò7;ÉGg≤	ñ©∑h;W2éè‰òö¥ËYìó1’üeøÒVZ∞n[ñ^ÖïÍ–¢Ïö∆t,Dπ‘Õ¸Is¬ÂP&f1{òŸ$•ëâÁecÊ˘ŸX83#Gd0-o»√π’%TΩ·Â‰¢O≈“ÛTQ!* @DÎÛ√Um√FF≤ØÆ∆™Mı®©≥+˝õRàœ„ÃÛáŒ	ó#:pDO«A—eÜÙO¡Fº≥ßı¿‰È–'ây6èX0ù™‚gÆLKï®“tb5&ö¶öÏ(;i¬∆≠ÿr∞;v7„lï5æÓàıj?ÂOû.GtÇŒv)ñØW¥|°‹¶O`ÍwjŒùâ~C“ƒs_⁄on™_?˚ï£Ç
9‘‚Yl#Y™ÿ‚ƒâ„Ì8p§[w6a;#Ÿ£«;¢ÈõW0{îŸ?˘ ‡ÑÀ˝00˚1ƒå5ÖQ5®Ÿ>qd¶LÃ¡ƒ1ô∏`d&íI˝&h≈¢Îf¶Ä≠^æÆ;ûÂ”¶rÉDÆF¶^5j°^ØØ÷éL¡ÓdƒzºÃåmªö∞èëmÇ
ËRòœ_ò9˘à‡ÑÀ[à*ﬁ{òıà∆/òÃ&˜Òc20ql6¶2ı;å©ﬂ¥ﬁI‚v%ïΩ3π≈‚
‹˚9¸ U«ñvë`©êÖõ<n‘ûµ‚Lπ[0Ç=—éåh+´l—|G,Ãûcˆ4≥6>@8·rƒ6	µ4Ü(⁄j˛6dg∆c¯–4LeÍw¬yŸ”?I=çåôı¢q'&p¸?'Uﬂ‹÷ƒâ‰Íc˜Ø…ÅÜéú1„‘)3vm√…S&?mÜ’ÊçÖ[‰-Y1úp98æ	≥Éä∑8&Vå$∆O«êÅ©ò26§``ﬂ ù∞^#û;Ωbå19Oa]úH¶∫†jç◊àI™ïëßµﬁÅSïTU€∞Ôx;*+≠8XjBS≤.Zºƒ(”∆´ÃûaVÕßN∏ﬂGºW3ªb<oLa¯†TÙ/I¡ò¡©40c¶ ;ﬂ(∆~í-mG˘ô8àå}‚üù#)®„Ø™*8Ñ™ÛSzD:s•<◊¯∑ÛY[ãÂåTœ0Âzö)◊≤*+Œúµ¢¢⁄äZ™€†JıÉXæÅO#úp9:ã˘ÃÓÑ¬htÒz5Jz'ahﬂd‰d«#?'EåÄ
ê∆rA^åîÌà‚EÖ-UïHX Ûe‡‡à?	æ‡Ø)SÆ?¯k0uíœ/8ÍvÊÌàì⁄$ÇènÒû˚yÆ/Å‡ø9ßRœıç*ypSõ,m.T6ÿ—⁄ÍBUùµ6T3r=√àµ¶—Å:¶dm/+˛U+˘¸ºí'\é0‡fwCaïâ"ÅBF∏πåpSRt(»1 …®AS√πŸ§$iëJ∆˛é~˙±4¬øM`«»\ÿ•üDƒt*® Œ  ™lb^"oõ®∏NÏ§J;‹P3≤µŸΩh7ª—»TjªŸÉ6¶Z+kÌhjeøgdK$€¬˛¨Æ—¡Í≈—æ»Ï]àÁµúp9¬ä°ìh,eñÀoGÁ°e*”»H6-Y+rVF<í	{ô∫McD¨7h˛Ω=˝}`J÷À*Oècøv1≈⁄ÃT™≈ÍEKávF≤váO‡bÓ 6ºqÎ¯K~+88·rD…ÃÆav≥Q¸vpD9»˘ÈMfo0;…o'\éÓ¬làNV?b¶Á∑É#ä@eÚ^c∂úôõﬂN∏rA≥+ô-c÷èﬂÖ¢‚∂Ò€ÃéÛ€¡¡	óCÓ∏‚Y/y9Î¯Ì‡ê9(YÛáÃV0[…o'\%¢7≥%ù¨ÜÒ€¡!3|$⁄’Ã˘Ì‡‡ÑÀ-∏îŸÂÃ.fñ»oG7ÄÇà∑2[T≥g¯-·‡ÑÀÕ»g6áŸejh¯-·ê‰Ï¥b›Ÿ’úd98·rƒ:˘.f6‹Àô#<hf∂%®dâdÎ˘-·‡ÑÀ¡ÒoP•¢YA¶P#æÌÃ—ú`∂	¢””NRxúp98~“!n7˘Nb÷óﬂéˇÇïŸvfÎÉ?wÒ[¬¡	óÉ£k†‰¬ô]q€y,x®Q,ÇJ,d∂bB
"ŸZ~[88·rpHáº Òû#ﬂ·¸ñD-3€—Èi≥J~K88·rpt0U4ö¿¨ÑﬂE¬	ÒñÏ÷†ö= o'\˘Çw2≥1A£
GÒ¸∂»MAª=¯s[œ888·rp(=ôıa6ÖŸ¿ 	A<Êà®^l)ƒÌaR∞áòù/ÿŒ¡	óÉ#Í—+Hº}Ç?…∫?3ø5]∆iàiøÇ∏-\¥V~k88·rpp
!&‚(ÜËåEŒYÉÉ‰úƒoœ¿±F,U”i`VŒÏ≥:à€√~~ã888·rptIﬂP¿ŸœàâîsÉùÖﬂ9$O –DYõ»;òR"Vâ∂<Ÿ?'\é"5Hº)+#˘1K*‰‘ y•ˇ]∫/ÜòºÄ=Ã|Am™S≤é ë6“ˆ/≈∏⁄¯#Ê‡‡ÑÀ¡°4Éj9+H∆Ù{r‹ ˛=˝‘…õ€€âk´ô˝?ΩaÄı~‚O–ä˛-¥r}≠LAïÓø—ätå˙Ä  ¥A“ÑA‰å¨    IENDÆB`Ç